Datetime,Available Power (MW)
2024-08-02 00:00:00,0.0
2024-08-02 00:30:00,0.0
2024-08-02 01:00:00,0.0
2024-08-02 01:30:00,0.0
2024-08-02 02:00:00,0.0
2024-08-02 02:30:00,0.0
2024-08-02 03:00:00,0.0
2024-08-02 03:30:00,0.0
2024-08-02 04:00:00,0.0
2024-08-02 04:30:00,0.0
2024-08-02 05:00:00,0.0
2024-08-02 05:30:00,0.0
2024-08-02 06:00:00,0.0
2024-08-02 06:30:00,0.0
2024-08-02 07:00:00,0.0
2024-08-02 07:30:00,0.0
2024-08-02 08:00:00,0.0
2024-08-02 08:30:00,0.0
2024-08-02 09:00:00,0.0
2024-08-02 09:30:00,0.0
2024-08-02 10:00:00,0.0
2024-08-02 10:30:00,0.0
2024-08-02 11:00:00,0.0
2024-08-02 11:30:00,0.0
2024-08-02 12:00:00,0.0
2024-08-02 12:30:00,0.0
2024-08-02 13:00:00,0.0
2024-08-02 13:30:00,0.0
2024-08-02 14:00:00,6.51666666666666
2024-08-02 14:30:00,72.9666666666666
2024-08-02 15:00:00,69.95
2024-08-02 15:30:00,47.9833333333334
2024-08-02 16:00:00,46.2333333333334
2024-08-02 16:30:00,59.95
2024-08-02 17:00:00,60.9166666666666
2024-08-02 17:30:00,55.9166666666666
2024-08-02 18:00:00,52.9333333333334
2024-08-02 18:30:00,36.95
2024-08-02 19:00:00,34.9666666666666
2024-08-02 19:30:00,30.25
2024-08-02 20:00:00,0.0
2024-08-02 20:30:00,0.0
2024-08-02 21:00:00,0.0
2024-08-02 21:30:00,0.0
2024-08-02 22:00:00,0.0
2024-08-02 22:30:00,0.0
2024-08-02 23:00:00,0.0
2024-08-02 23:30:00,0.0
2024-08-03 00:00:00,0.0
2024-08-03 00:30:00,0.0
2024-08-03 01:00:00,0.0
2024-08-03 01:30:00,0.0
2024-08-03 02:00:00,0.0
2024-08-03 02:30:00,0.0
2024-08-03 03:00:00,0.0
2024-08-03 03:30:00,0.0
2024-08-03 04:00:00,0.0
2024-08-03 04:30:00,0.0
2024-08-03 05:00:00,0.0
2024-08-03 05:30:00,0.0
2024-08-03 06:00:00,0.0
2024-08-03 06:30:00,0.0
2024-08-03 07:00:00,0.0
2024-08-03 07:30:00,0.0
2024-08-03 08:00:00,0.0
2024-08-03 08:30:00,0.0
2024-08-03 09:00:00,0.0
2024-08-03 09:30:00,0.0
2024-08-03 10:00:00,0.0
2024-08-03 10:30:00,0.0
2024-08-03 11:00:00,0.0
2024-08-03 11:30:00,0.0
2024-08-03 12:00:00,0.0
2024-08-03 12:30:00,0.0
2024-08-03 13:00:00,0.0
2024-08-03 13:30:00,0.0
2024-08-03 14:00:00,0.0
2024-08-03 14:30:00,0.0
2024-08-03 15:00:00,0.0
2024-08-03 15:30:00,0.0
2024-08-03 16:00:00,0.0
2024-08-03 16:30:00,0.0
2024-08-03 17:00:00,0.0
2024-08-03 17:30:00,0.0
2024-08-03 18:00:00,0.0
2024-08-03 18:30:00,0.0
2024-08-03 19:00:00,0.0
2024-08-03 19:30:00,0.0
2024-08-03 20:00:00,0.0
2024-08-03 20:30:00,0.0
2024-08-03 21:00:00,0.0
2024-08-03 21:30:00,0.0
2024-08-03 22:00:00,0.0
2024-08-03 22:30:00,0.0
2024-08-03 23:00:00,0.0
2024-08-03 23:30:00,0.0
2024-08-04 00:00:00,0.0
2024-08-04 00:30:00,0.0
2024-08-04 01:00:00,0.0
2024-08-04 01:30:00,0.0
2024-08-04 02:00:00,0.0
2024-08-04 02:30:00,0.0
2024-08-04 03:00:00,0.0
2024-08-04 03:30:00,0.0
2024-08-04 04:00:00,0.0
2024-08-04 04:30:00,0.0
2024-08-04 05:00:00,0.0
2024-08-04 05:30:00,0.0
2024-08-04 06:00:00,0.0
2024-08-04 06:30:00,0.0
2024-08-04 07:00:00,0.0
2024-08-04 07:30:00,0.0
2024-08-04 08:00:00,0.0
2024-08-04 08:30:00,0.0
2024-08-04 09:00:00,0.0
2024-08-04 09:30:00,0.0
2024-08-04 10:00:00,0.0
2024-08-04 10:30:00,0.0
2024-08-04 11:00:00,0.0
2024-08-04 11:30:00,0.0
2024-08-04 12:00:00,0.0
2024-08-04 12:30:00,0.0
2024-08-04 13:00:00,0.0
2024-08-04 13:30:00,0.0
2024-08-04 14:00:00,0.0
2024-08-04 14:30:00,0.0
2024-08-04 15:00:00,0.0
2024-08-04 15:30:00,0.0
2024-08-04 16:00:00,0.0
2024-08-04 16:30:00,21.8666666666666
2024-08-04 17:00:00,29.0666666666666
2024-08-04 17:30:00,33.05
2024-08-04 18:00:00,35.0666666666666
2024-08-04 18:30:00,39.0666666666666
2024-08-04 19:00:00,43.1
2024-08-04 19:30:00,49.0833333333334
2024-08-04 20:00:00,58.1
2024-08-04 20:30:00,64.1
2024-08-04 21:00:00,68.0333333333334
2024-08-04 21:30:00,70.0333333333334
2024-08-04 22:00:00,71.0333333333334
2024-08-04 22:30:00,73.0333333333334
2024-08-04 23:00:00,75.0166666666666
2024-08-04 23:30:00,76.0166666666666
2024-08-05 00:00:00,78.0333333333334
2024-08-05 00:30:00,80.0166666666666
2024-08-05 01:00:00,81.0333333333334
2024-08-05 01:30:00,83.0333333333334
2024-08-05 02:00:00,84.0166666666666
2024-08-05 02:30:00,85.0166666666666
2024-08-05 03:00:00,85.0166666666666
2024-08-05 03:30:00,86.0166666666666
2024-08-05 04:00:00,86.9833333333334
2024-08-05 04:30:00,86.0
2024-08-05 05:00:00,86.9833333333334
2024-08-05 05:30:00,86.0
2024-08-05 06:00:00,86.0
2024-08-05 06:30:00,86.0
2024-08-05 07:00:00,85.9833333333334
2024-08-05 07:30:00,84.6333333333334
2024-08-05 08:00:00,65.0
2024-08-05 08:30:00,65.0
2024-08-05 09:00:00,65.0
2024-08-05 09:30:00,87.0
2024-08-05 10:00:00,88.0
2024-08-05 10:30:00,88.0
2024-08-05 11:00:00,88.9833333333334
2024-08-05 11:30:00,88.0
2024-08-05 12:00:00,88.0
2024-08-05 12:30:00,87.9833333333334
2024-08-05 13:00:00,87.0
2024-08-05 13:30:00,87.0
2024-08-05 14:00:00,87.9333333333334
2024-08-05 14:30:00,83.95
2024-08-05 15:00:00,8.2
2024-08-05 15:30:00,0.0
2024-08-05 16:00:00,0.0
2024-08-05 16:30:00,0.0
2024-08-05 17:00:00,0.0
2024-08-05 17:30:00,0.0
2024-08-05 18:00:00,0.0
2024-08-05 18:30:00,0.0
2024-08-05 19:00:00,0.0
2024-08-05 19:30:00,0.0
2024-08-05 20:00:00,0.0
2024-08-05 20:30:00,0.0
2024-08-05 21:00:00,0.0
2024-08-05 21:30:00,0.0
2024-08-05 22:00:00,0.0
2024-08-05 22:30:00,0.0
2024-08-05 23:00:00,0.0
2024-08-05 23:30:00,0.0
2024-08-06 00:00:00,0.0
2024-08-06 00:30:00,0.0
2024-08-06 01:00:00,0.0
2024-08-06 01:30:00,0.0
2024-08-06 02:00:00,0.0
2024-08-06 02:30:00,0.0
2024-08-06 03:00:00,0.0
2024-08-06 03:30:00,0.0
2024-08-06 04:00:00,0.0
2024-08-06 04:30:00,0.0
2024-08-06 05:00:00,0.0
2024-08-06 05:30:00,0.0
2024-08-06 06:00:00,0.0
2024-08-06 06:30:00,0.0
2024-08-06 07:00:00,0.0
2024-08-06 07:30:00,0.0
2024-08-06 08:00:00,0.0
2024-08-06 08:30:00,0.0
2024-08-06 09:00:00,0.0
2024-08-06 09:30:00,0.0
2024-08-06 10:00:00,0.0
2024-08-06 10:30:00,0.0
2024-08-06 11:00:00,0.0
2024-08-06 11:30:00,0.0
2024-08-06 12:00:00,0.0
2024-08-06 12:30:00,0.0
2024-08-06 13:00:00,0.0
2024-08-06 13:30:00,0.0
2024-08-06 14:00:00,0.0
2024-08-06 14:30:00,0.0
2024-08-06 15:00:00,0.0
2024-08-06 15:30:00,0.0
2024-08-06 16:00:00,0.0
2024-08-06 16:30:00,0.0
2024-08-06 17:00:00,0.0
2024-08-06 17:30:00,0.0
2024-08-06 18:00:00,0.0
2024-08-06 18:30:00,0.0
2024-08-06 19:00:00,0.0
2024-08-06 19:30:00,0.0
2024-08-06 20:00:00,0.0
2024-08-06 20:30:00,0.0
2024-08-06 21:00:00,0.0
2024-08-06 21:30:00,0.0
2024-08-06 22:00:00,0.0
2024-08-06 22:30:00,0.0
2024-08-06 23:00:00,0.0
2024-08-06 23:30:00,0.0
2024-08-07 00:00:00,0.0
2024-08-07 00:30:00,0.0
2024-08-07 01:00:00,0.0
2024-08-07 01:30:00,0.0
2024-08-07 02:00:00,0.0
2024-08-07 02:30:00,0.0
2024-08-07 03:00:00,0.0
2024-08-07 03:30:00,9.43333333333334
2024-08-07 04:00:00,20.0166666666666
2024-08-07 04:30:00,22.0333333333334
2024-08-07 05:00:00,23.0333333333334
2024-08-07 05:30:00,25.05
2024-08-07 06:00:00,27.0333333333334
2024-08-07 06:30:00,29.0333333333334
2024-08-07 07:00:00,30.15
2024-08-07 07:30:00,61.4833333333332
2024-08-07 08:00:00,113.2166666666668
2024-08-07 08:30:00,110.1833333333334
2024-08-07 09:00:00,119.1666666666666
2024-08-07 09:30:00,129.1666666666666
2024-08-07 10:00:00,139.0666666666666
2024-08-07 10:30:00,143.10000000000002
2024-08-07 11:00:00,150.1
2024-08-07 11:30:00,156.0833333333332
2024-08-07 12:00:00,162.9666666666668
2024-08-07 12:30:00,160.9833333333334
2024-08-07 13:00:00,162.8833333333332
2024-08-07 13:30:00,155.89999999999998
2024-08-07 14:00:00,142.9
2024-08-07 14:30:00,136.8666666666668
2024-08-07 15:00:00,128.96666666666658
2024-08-07 15:30:00,125.9666666666666
2024-08-07 16:00:00,121.03333333333319
2024-08-07 16:30:00,123.0
2024-08-07 17:00:00,144.9333333333334
2024-08-07 17:30:00,140.95
2024-08-07 18:00:00,135.63333333333338
2024-08-07 18:30:00,114.6333333333334
2024-08-07 19:00:00,95.1333333333334
2024-08-07 19:30:00,103.1333333333334
2024-08-07 20:00:00,125.1333333333334
2024-08-07 20:30:00,133.13333333333338
2024-08-07 21:00:00,139.15
2024-08-07 21:30:00,148.15
2024-08-07 22:00:00,157.2333333333334
2024-08-07 22:30:00,171.2333333333334
2024-08-07 23:00:00,188.1
2024-08-07 23:30:00,195.11666666666662
2024-08-08 00:00:00,200.11666666666662
2024-08-08 00:30:00,208.11666666666662
2024-08-08 01:00:00,207.0666666666668
2024-08-08 01:30:00,211.05
2024-08-08 02:00:00,214.0
2024-08-08 02:30:00,214.0
2024-08-08 03:00:00,215.0
2024-08-08 03:30:00,215.0
2024-08-08 04:00:00,213.0
2024-08-08 04:30:00,213.0
2024-08-08 05:00:00,209.95
2024-08-08 05:30:00,206.95
2024-08-08 06:00:00,204.9666666666668
2024-08-08 06:30:00,202.9666666666668
2024-08-08 07:00:00,200.0
2024-08-08 07:30:00,199.61666666666662
2024-08-08 08:00:00,175.0333333333332
2024-08-08 08:30:00,177.0
2024-08-08 09:00:00,177.95
2024-08-08 09:30:00,174.9666666666668
2024-08-08 10:00:00,173.95
2024-08-08 10:30:00,87.0
2024-08-08 11:00:00,0.0
2024-08-08 11:30:00,0.0
2024-08-08 12:00:00,0.0
2024-08-08 12:30:00,0.0
2024-08-08 13:00:00,0.0
2024-08-08 13:30:00,0.0
2024-08-08 14:00:00,0.0
2024-08-08 14:30:00,0.0
2024-08-08 15:00:00,0.0
2024-08-08 15:30:00,0.0
2024-08-08 16:00:00,0.0
2024-08-08 16:30:00,0.0
2024-08-08 17:00:00,0.0
2024-08-08 17:30:00,0.0
2024-08-08 18:00:00,0.0
2024-08-08 18:30:00,0.0
2024-08-08 19:00:00,0.0
2024-08-08 19:30:00,0.0
2024-08-08 20:00:00,0.0
2024-08-08 20:30:00,0.0
2024-08-08 21:00:00,0.0
2024-08-08 21:30:00,0.0
2024-08-08 22:00:00,0.0
2024-08-08 22:30:00,0.0
2024-08-08 23:00:00,0.0
2024-08-08 23:30:00,0.0
2024-08-09 00:00:00,0.0
2024-08-09 00:30:00,0.0
2024-08-09 01:00:00,0.0
2024-08-09 01:30:00,0.0
2024-08-09 02:00:00,0.0
2024-08-09 02:30:00,0.0
2024-08-09 03:00:00,0.0
2024-08-09 03:30:00,31.9
2024-08-09 04:00:00,40.91666666666666
2024-08-09 04:30:00,35.91666666666666
2024-08-09 05:00:00,35.93333333333332
2024-08-09 05:30:00,31.916666666666657
2024-08-09 06:00:00,27.93333333333332
2024-08-09 06:30:00,23.95
2024-08-09 07:00:00,23.466666666666683
2024-08-09 07:30:00,52.4833333333334
2024-08-09 08:00:00,75.3333333333334
2024-08-09 08:30:00,95.3666666666666
2024-08-09 09:00:00,116.1833333333334
2024-08-09 09:30:00,127.2
2024-08-09 10:00:00,140.15
2024-08-09 10:30:00,149.14999999999998
2024-08-09 11:00:00,0.0
2024-08-09 11:30:00,0.0
2024-08-09 12:00:00,0.0
2024-08-09 12:30:00,0.0
2024-08-09 13:00:00,0.0
2024-08-09 13:30:00,0.0
2024-08-09 14:00:00,31.35
2024-08-09 14:30:00,99.0
2024-08-09 15:00:00,95.0
2024-08-09 15:30:00,0.0
2024-08-09 16:00:00,0.0
2024-08-09 16:30:00,0.0
2024-08-09 17:00:00,0.0
2024-08-09 17:30:00,184.7333333333334
2024-08-09 18:00:00,249.95000000000022
2024-08-09 18:30:00,244.9666666666668
2024-08-09 19:00:00,243.9833333333334
2024-08-09 19:30:00,243.0
2024-08-09 20:00:00,242.9333333333334
2024-08-09 20:30:00,242.9666666666668
2024-08-09 21:00:00,237.9666666666668
2024-08-09 21:30:00,236.9666666666668
2024-08-09 22:00:00,237.0166666666666
2024-08-09 22:30:00,238.0166666666666
2024-08-09 23:00:00,240.0666666666666
2024-08-09 23:30:00,244.0666666666666
2024-08-10 00:00:00,249.0333333333332
2024-08-10 00:30:00,252.05
2024-08-10 01:00:00,252.0166666666666
2024-08-10 01:30:00,253.0333333333332
2024-08-10 02:00:00,256.0
2024-08-10 02:30:00,256.0
2024-08-10 03:00:00,255.0
2024-08-10 03:30:00,255.0
2024-08-10 04:00:00,253.0
2024-08-10 04:30:00,253.0
2024-08-10 05:00:00,249.0
2024-08-10 05:30:00,249.0
2024-08-10 06:00:00,248.9666666666668
2024-08-10 06:30:00,247.0
2024-08-10 07:00:00,262.2166666666666
2024-08-10 07:30:00,283.0333333333332
2024-08-10 08:00:00,275.9833333333334
2024-08-10 08:30:00,274.9666666666668
2024-08-10 09:00:00,274.0333333333332
2024-08-10 09:30:00,276.0
2024-08-10 10:00:00,276.0499999999998
2024-08-10 10:30:00,279.0166666666666
2024-08-10 11:00:00,206.15
2024-08-10 11:30:00,215.0
2024-08-10 12:00:00,0.0
2024-08-10 12:30:00,0.0
2024-08-10 13:00:00,0.0
2024-08-10 13:30:00,0.0
2024-08-10 14:00:00,0.0
2024-08-10 14:30:00,0.0
2024-08-10 15:00:00,0.0
2024-08-10 15:30:00,0.0
2024-08-10 16:00:00,0.0
2024-08-10 16:30:00,0.0
2024-08-10 17:00:00,0.0
2024-08-10 17:30:00,0.0
2024-08-10 18:00:00,0.0
2024-08-10 18:30:00,0.0
2024-08-10 19:00:00,15.51666666666666
2024-08-10 19:30:00,12.93333333333334
2024-08-10 20:00:00,11.93333333333334
2024-08-10 20:30:00,7.91666666666666
2024-08-10 21:00:00,3.98333333333334
2024-08-10 21:30:00,2.98333333333334
2024-08-10 22:00:00,2.03333333333334
2024-08-10 22:30:00,0.466666666666666
2024-08-10 23:00:00,0.0
2024-08-10 23:30:00,0.0
2024-08-11 00:00:00,0.0
2024-08-11 00:30:00,0.0
2024-08-11 01:00:00,0.0
2024-08-11 01:30:00,0.0
2024-08-11 02:00:00,0.0
2024-08-11 02:30:00,0.0
2024-08-11 03:00:00,0.0
2024-08-11 03:30:00,0.0
2024-08-11 04:00:00,0.0
2024-08-11 04:30:00,0.0
2024-08-11 05:00:00,0.0
2024-08-11 05:30:00,0.0
2024-08-11 06:00:00,0.0
2024-08-11 06:30:00,0.0
2024-08-11 07:00:00,0.0
2024-08-11 07:30:00,0.0
2024-08-11 08:00:00,0.0
2024-08-11 08:30:00,0.0
2024-08-11 09:00:00,0.0
2024-08-11 09:30:00,0.0
2024-08-11 10:00:00,0.0
2024-08-11 10:30:00,0.0
2024-08-11 11:00:00,0.0
2024-08-11 11:30:00,0.0
2024-08-11 12:00:00,0.0
2024-08-11 12:30:00,0.0
2024-08-11 13:00:00,0.0
2024-08-11 13:30:00,0.0
2024-08-11 14:00:00,0.0
2024-08-11 14:30:00,0.0
2024-08-11 15:00:00,0.0
2024-08-11 15:30:00,0.0
2024-08-11 16:00:00,0.0
2024-08-11 16:30:00,0.0
2024-08-11 17:00:00,0.0
2024-08-11 17:30:00,0.0
2024-08-11 18:00:00,0.0
2024-08-11 18:30:00,0.0
2024-08-11 19:00:00,0.0
2024-08-11 19:30:00,0.0
2024-08-11 20:00:00,0.0
2024-08-11 20:30:00,0.0
2024-08-11 21:00:00,0.0
2024-08-11 21:30:00,0.0
2024-08-11 22:00:00,0.0
2024-08-11 22:30:00,0.0
2024-08-11 23:00:00,0.0
2024-08-11 23:30:00,0.0
2024-08-12 00:00:00,0.0
2024-08-12 00:30:00,0.0
2024-08-12 01:00:00,0.0
2024-08-12 01:30:00,0.0
2024-08-12 02:00:00,0.0
2024-08-12 02:30:00,0.0
2024-08-12 03:00:00,0.0
2024-08-12 03:30:00,0.0
2024-08-12 04:00:00,0.0
2024-08-12 04:30:00,0.0
2024-08-12 05:00:00,0.0
2024-08-12 05:30:00,0.0
2024-08-12 06:00:00,175.25
2024-08-12 06:30:00,190.6666666666666
2024-08-12 07:00:00,228.3333333333332
2024-08-12 07:30:00,248.2333333333334
2024-08-12 08:00:00,271.2166666666666
2024-08-12 08:30:00,284.2
2024-08-12 09:00:00,296.1166666666668
2024-08-12 09:30:00,302.0833333333332
2024-08-12 10:00:00,307.0666666666666
2024-08-12 10:30:00,311.05
2024-08-12 11:00:00,311.05
2024-08-12 11:30:00,314.0333333333334
2024-08-12 12:00:00,313.0333333333334
2024-08-12 12:30:00,315.0166666666666
2024-08-12 13:00:00,316.0
2024-08-12 13:30:00,316.0
2024-08-12 14:00:00,316.0
2024-08-12 14:30:00,198.2333333333334
2024-08-12 15:00:00,280.0166666666666
2024-08-12 15:30:00,280.0
2024-08-12 16:00:00,278.0
2024-08-12 16:30:00,278.0
2024-08-12 17:00:00,225.5666666666666
2024-08-12 17:30:00,86.2833333333334
2024-08-12 18:00:00,264.8833333333334
2024-08-12 18:30:00,237.3
2024-08-12 19:00:00,248.94999999999982
2024-08-12 19:30:00,147.71666666666658
2024-08-12 20:00:00,55.9
2024-08-12 20:30:00,0.0
2024-08-12 21:00:00,0.0
2024-08-12 21:30:00,0.0
2024-08-12 22:00:00,0.0
2024-08-12 22:30:00,0.0
2024-08-12 23:00:00,0.0
2024-08-12 23:30:00,0.0
2024-08-13 00:00:00,0.0
2024-08-13 00:30:00,0.0
2024-08-13 01:00:00,0.0
2024-08-13 01:30:00,0.0
2024-08-13 02:00:00,0.0
2024-08-13 02:30:00,0.0
2024-08-13 03:00:00,0.0
2024-08-13 03:30:00,0.0
2024-08-13 04:00:00,0.0
2024-08-13 04:30:00,0.0
2024-08-13 05:00:00,0.0
2024-08-13 05:30:00,0.0
2024-08-13 06:00:00,0.0
2024-08-13 06:30:00,0.0
2024-08-13 07:00:00,0.0
2024-08-13 07:30:00,0.0
2024-08-13 08:00:00,0.0
2024-08-13 08:30:00,0.0
2024-08-13 09:00:00,0.0
2024-08-13 09:30:00,0.0
2024-08-13 10:00:00,0.0
2024-08-13 10:30:00,0.0
2024-08-13 11:00:00,0.0
2024-08-13 11:30:00,8.7
2024-08-13 12:00:00,43.08333333333334
2024-08-13 12:30:00,60.25
2024-08-13 13:00:00,74.2666666666668
2024-08-13 13:30:00,91.2833333333334
2024-08-13 14:00:00,130.7333333333332
2024-08-13 14:30:00,174.7166666666668
2024-08-13 15:00:00,215.3166666666666
2024-08-13 15:30:00,234.3
2024-08-13 16:00:00,247.25
2024-08-13 16:30:00,262.25
2024-08-13 17:00:00,282.0166666666668
2024-08-13 17:30:00,283.0
2024-08-13 18:00:00,285.0666666666666
2024-08-13 18:30:00,289.1166666666668
2024-08-13 19:00:00,296.0166666666666
2024-08-13 19:30:00,298.0166666666666
2024-08-13 20:00:00,305.0333333333332
2024-08-13 20:30:00,307.0499999999998
2024-08-13 21:00:00,309.9500000000002
2024-08-13 21:30:00,306.9666666666668
2024-08-13 22:00:00,304.0333333333332
2024-08-13 22:30:00,306.0333333333334
2024-08-13 23:00:00,307.9666666666668
2024-08-13 23:30:00,305.0
2024-08-14 00:00:00,303.95
2024-08-14 00:30:00,302.9500000000002
2024-08-14 01:00:00,299.0
2024-08-14 01:30:00,299.0
2024-08-14 02:00:00,301.1333333333332
2024-08-14 02:30:00,309.1499999999998
2024-08-14 03:00:00,310.05
2024-08-14 03:30:00,313.05
2024-08-14 04:00:00,314.0
2024-08-14 04:30:00,297.35
2024-08-14 05:00:00,57.60000000000006
2024-08-14 05:30:00,0.0
2024-08-14 06:00:00,0.0
2024-08-14 06:30:00,0.0
2024-08-14 07:00:00,0.0
2024-08-14 07:30:00,0.0
2024-08-14 08:00:00,0.0
2024-08-14 08:30:00,0.0
2024-08-14 09:00:00,0.0
2024-08-14 09:30:00,0.0
2024-08-14 10:00:00,0.0
2024-08-14 10:30:00,0.0
2024-08-14 11:00:00,0.0
2024-08-14 11:30:00,0.0
2024-08-14 12:00:00,0.0
2024-08-14 12:30:00,0.0
2024-08-14 13:00:00,0.0
2024-08-14 13:30:00,0.0
2024-08-14 14:00:00,0.0
2024-08-14 14:30:00,1.366666666666666
2024-08-14 15:00:00,80.9666666666668
2024-08-14 15:30:00,78.9833333333334
2024-08-14 16:00:00,77.1833333333334
2024-08-14 16:30:00,87.15
2024-08-14 17:00:00,92.1833333333332
2024-08-14 17:30:00,103.1833333333332
2024-08-14 18:00:00,112.19999999999999
2024-08-14 18:30:00,124.1833333333332
2024-08-14 19:00:00,135.45
2024-08-14 19:30:00,162.45
2024-08-14 20:00:00,185.3333333333334
2024-08-14 20:30:00,205.33333333333337
2024-08-14 21:00:00,223.25
2024-08-14 21:30:00,237.2333333333332
2024-08-14 22:00:00,248.20000000000022
2024-08-14 22:30:00,259.2
2024-08-14 23:00:00,268.1333333333332
2024-08-14 23:30:00,276.1166666666666
2024-08-15 00:00:00,286.0166666666666
2024-08-15 00:30:00,287.0166666666666
2024-08-15 01:00:00,291.9
2024-08-15 01:30:00,285.9166666666668
2024-08-15 02:00:00,291.86666666666656
2024-08-15 02:30:00,283.86666666666656
2024-08-15 03:00:00,272.95
2024-08-15 03:30:00,269.9666666666666
2024-08-15 04:00:00,263.2166666666666
2024-08-15 04:30:00,276.2166666666668
2024-08-15 05:00:00,289.0333333333332
2024-08-15 05:30:00,291.0166666666666
2024-08-15 06:00:00,294.0499999999998
2024-08-15 06:30:00,297.05
2024-08-15 07:00:00,298.8
2024-08-15 07:30:00,285.8
2024-08-15 08:00:00,254.9499999999998
2024-08-15 08:30:00,251.9333333333332
2024-08-15 09:00:00,241.95
2024-08-15 09:30:00,64.3666666666666
2024-08-15 10:00:00,0.0
2024-08-15 10:30:00,0.0
2024-08-15 11:00:00,0.0
2024-08-15 11:30:00,0.0
2024-08-15 12:00:00,0.0
2024-08-15 12:30:00,0.0
2024-08-15 13:00:00,0.0
2024-08-15 13:30:00,0.0
2024-08-15 14:00:00,0.0
2024-08-15 14:30:00,0.0
2024-08-15 15:00:00,25.283333333333342
2024-08-15 15:30:00,172.2
2024-08-15 16:00:00,194.1333333333334
2024-08-15 16:30:00,202.1
2024-08-15 17:00:00,203.2500000000002
2024-08-15 17:30:00,218.11666666666662
2024-08-15 18:00:00,222.1
2024-08-15 18:30:00,228.0999999999998
2024-08-15 19:00:00,230.9833333333334
2024-08-15 19:30:00,229.9833333333334
2024-08-15 20:00:00,243.8666666666668
2024-08-15 20:30:00,235.8833333333332
2024-08-15 21:00:00,225.98333333333318
2024-08-15 21:30:00,224.96666666666658
2024-08-15 22:00:00,219.00000000000023
2024-08-15 22:30:00,218.96666666666658
2024-08-15 23:00:00,214.0666666666666
2024-08-15 23:30:00,223.46666666666658
2024-08-16 00:00:00,256.1833333333334
2024-08-16 00:30:00,268.2
2024-08-16 01:00:00,280.0666666666666
2024-08-16 01:30:00,284.08333333333337
2024-08-16 02:00:00,289.05
2024-08-16 02:30:00,292.0666666666666
2024-08-16 03:00:00,299.0166666666666
2024-08-16 03:30:00,299.9833333333334
2024-08-16 04:00:00,214.03333333333342
2024-08-16 04:30:00,295.56666666666683
2024-08-16 05:00:00,303.0499999999998
2024-08-16 05:30:00,306.0333333333332
2024-08-16 06:00:00,307.0499999999998
2024-08-16 06:30:00,310.0
2024-08-16 07:00:00,309.0666666666666
2024-08-16 07:30:00,313.05
2024-08-16 08:00:00,317.05
2024-08-16 08:30:00,321.05
2024-08-16 09:00:00,324.0166666666666
2024-08-16 09:30:00,325.0166666666666
2024-08-16 10:00:00,326.0
2024-08-16 10:30:00,326.0
2024-08-16 11:00:00,324.0
2024-08-16 11:30:00,324.0
2024-08-16 12:00:00,325.0
2024-08-16 12:30:00,325.0
2024-08-16 13:00:00,326.0
2024-08-16 13:30:00,326.0
2024-08-16 14:00:00,322.0
2024-08-16 14:30:00,322.0
2024-08-16 15:00:00,321.0
2024-08-16 15:30:00,321.0
2024-08-16 16:00:00,321.0166666666666
2024-08-16 16:30:00,322.0333333333334
2024-08-16 17:00:00,324.0
2024-08-16 17:30:00,324.0166666666666
2024-08-16 18:00:00,227.84999999999994
2024-08-16 18:30:00,221.0
2024-08-16 19:00:00,222.0
2024-08-16 19:30:00,372.45
2024-08-16 20:00:00,400.9833333333334
2024-08-16 20:30:00,324.4833333333334
2024-08-16 21:00:00,298.9833333333334
2024-08-16 21:30:00,298.0
2024-08-16 22:00:00,298.9833333333334
2024-08-16 22:30:00,298.0
2024-08-16 23:00:00,298.0
2024-08-16 23:30:00,298.0
2024-08-17 00:00:00,292.9833333333334
2024-08-17 00:30:00,292.9833333333334
2024-08-17 01:00:00,289.95
2024-08-17 01:30:00,289.9666666666668
2024-08-17 02:00:00,288.91666666666663
2024-08-17 02:30:00,284.91666666666663
2024-08-17 03:00:00,281.9
2024-08-17 03:30:00,275.9000000000002
2024-08-17 04:00:00,216.5833333333334
2024-08-17 04:30:00,304.31666666666683
2024-08-17 05:00:00,332.9000000000002
2024-08-17 05:30:00,326.88333333333344
2024-08-17 06:00:00,319.9833333333334
2024-08-17 06:30:00,318.9833333333334
2024-08-17 07:00:00,315.2666666666666
2024-08-17 07:30:00,331.25
2024-08-17 08:00:00,347.9833333333334
2024-08-17 08:30:00,347.0
2024-08-17 09:00:00,349.0666666666666
2024-08-17 09:30:00,353.0833333333332
2024-08-17 10:00:00,359.0166666666666
2024-08-17 10:30:00,360.0
2024-08-17 11:00:00,360.0166666666666
2024-08-17 11:30:00,361.0
2024-08-17 12:00:00,363.0
2024-08-17 12:30:00,363.0166666666666
2024-08-17 13:00:00,363.9500000000002
2024-08-17 13:30:00,361.0
2024-08-17 14:00:00,360.9500000000002
2024-08-17 14:30:00,357.9333333333336
2024-08-17 15:00:00,355.9500000000002
2024-08-17 15:30:00,352.9500000000002
2024-08-17 16:00:00,225.29999999999998
2024-08-17 16:30:00,258.7666666666666
2024-08-17 17:00:00,355.8333333333332
2024-08-17 17:30:00,344.8166666666664
2024-08-17 18:00:00,330.8833333333334
2024-08-17 18:30:00,331.25
2024-08-17 19:00:00,326.14999999999975
2024-08-17 19:30:00,330.1333333333332
2024-08-17 20:00:00,335.05
2024-08-17 20:30:00,338.0166666666668
2024-08-17 21:00:00,335.1166666666664
2024-08-17 21:30:00,342.1166666666664
2024-08-17 22:00:00,347.2166666666666
2024-08-17 22:30:00,359.2166666666668
2024-08-17 23:00:00,373.0333333333332
2024-08-17 23:30:00,374.9833333333334
2024-08-18 00:00:00,377.0166666666666
2024-08-18 00:30:00,378.0166666666666
2024-08-18 01:00:00,380.93333333333317
2024-08-18 01:30:00,376.9500000000002
2024-08-18 02:00:00,378.9166666666668
2024-08-18 02:30:00,374.9
2024-08-18 03:00:00,372.8666666666668
2024-08-18 03:30:00,362.8833333333334
2024-08-18 04:00:00,355.8500000000002
2024-08-18 04:30:00,346.8833333333334
2024-08-18 05:00:00,335.1
2024-08-18 05:30:00,323.9833333333332
2024-08-18 06:00:00,273.9833333333334
2024-08-18 06:30:00,272.9833333333334
2024-08-18 07:00:00,181.3998297222222
2024-08-18 07:30:00,140.18333333333325
2024-08-18 08:00:00,188.98333333333335
2024-08-18 08:30:00,187.0
2024-08-18 09:00:00,247.15
2024-08-18 09:30:00,356.0499999999998
2024-08-18 10:00:00,361.0833333333332
2024-08-18 10:30:00,367.0999999999998
2024-08-18 11:00:00,376.0499999999998
2024-08-18 11:30:00,379.0166666666666
2024-08-18 12:00:00,384.0499999999998
2024-08-18 12:30:00,387.0666666666666
2024-08-18 13:00:00,391.0
2024-08-18 13:30:00,391.0166666666666
2024-08-18 14:00:00,392.9500000000002
2024-08-18 14:30:00,391.9333333333336
2024-08-18 15:00:00,388.9666666666668
2024-08-18 15:30:00,386.9666666666668
2024-08-18 16:00:00,385.88333333333344
2024-08-18 16:30:00,378.9
2024-08-18 17:00:00,376.93333333333317
2024-08-18 17:30:00,372.9166666666668
2024-08-18 18:00:00,371.86666666666656
2024-08-18 18:30:00,363.8833333333334
2024-08-18 19:00:00,357.9166666666668
2024-08-18 19:30:00,352.88333333333344
2024-08-18 20:00:00,310.01666666666677
2024-08-18 20:30:00,253.79166666666657
2024-08-18 21:00:00,200.9
2024-08-18 21:30:00,194.9
2024-08-18 22:00:00,189.9166666666666
2024-08-18 22:30:00,165.1333333333332
2024-08-18 23:00:00,94.55833333333341
2024-08-18 23:30:00,0.625
2024-08-19 00:00:00,0.0
2024-08-19 00:30:00,0.0
2024-08-19 01:00:00,0.0
2024-08-19 01:30:00,0.0
2024-08-19 02:00:00,0.0
2024-08-19 02:30:00,158.8333333333334
2024-08-19 03:00:00,201.8833333333332
2024-08-19 03:30:00,194.8833333333332
2024-08-19 04:00:00,187.8333333333334
2024-08-19 04:30:00,177.86666666666662
2024-08-19 05:00:00,168.9666666666668
2024-08-19 05:30:00,126.36666666666679
2024-08-19 06:00:00,191.6666666666666
2024-08-19 06:30:00,215.1833333333334
2024-08-19 07:00:00,224.4166666666666
2024-08-19 07:30:00,248.4166666666666
2024-08-19 08:00:00,257.35
2024-08-19 08:30:00,278.3666666666666
2024-08-19 09:00:00,300.23333333333323
2024-08-19 09:30:00,254.26666666666665
2024-08-19 10:00:00,181.59999999999985
2024-08-19 10:30:00,38.96666666666668
2024-08-19 11:00:00,65.8833333333334
2024-08-19 11:30:00,67.0166666666666
2024-08-19 12:00:00,66.9666666666666
2024-08-19 12:30:00,64.95
2024-08-19 13:00:00,44.7333333333334
2024-08-19 13:30:00,47.3
2024-08-19 14:00:00,59.9833333333334
2024-08-19 14:30:00,58.9833333333334
2024-08-19 15:00:00,13.53333333333334
2024-08-19 15:30:00,154.8333333333334
2024-08-19 16:00:00,278.0499999999998
2024-08-19 16:30:00,280.0166666666666
2024-08-19 17:00:00,267.75000000000017
2024-08-19 17:30:00,252.78333333333342
2024-08-19 18:00:00,240.54999999999998
2024-08-19 18:30:00,213.5499999999998
2024-08-19 19:00:00,187.8499999999998
2024-08-19 19:30:00,179.85
2024-08-19 20:00:00,155.2
2024-08-19 20:30:00,167.21666666666658
2024-08-19 21:00:00,180.4
2024-08-19 21:30:00,204.4166666666668
2024-08-19 22:00:00,230.69999999999982
2024-08-19 22:30:00,212.7166666666666
2024-08-19 23:00:00,197.78333333333342
2024-08-19 23:30:00,185.78333333333342
2024-08-20 00:00:00,171.0666666666664
2024-08-20 00:30:00,175.10000000000002
2024-08-20 01:00:00,179.5833333333332
2024-08-20 01:30:00,154.6166666666668
2024-08-20 02:00:00,102.3166666666668
2024-08-20 02:30:00,61.30000000000002
2024-08-20 03:00:00,19.933333333333337
2024-08-20 03:30:00,15.933333333333358
2024-08-20 04:00:00,13.01666666666666
2024-08-20 04:30:00,14.0
2024-08-20 05:00:00,17.06666666666666
2024-08-20 05:30:00,20.08333333333332
2024-08-20 06:00:00,24.18333333333334
2024-08-20 06:30:00,34.11666666666666
2024-08-20 07:00:00,44.7
2024-08-20 07:30:00,55.91666666666674
2024-08-20 08:00:00,27.15
2024-08-20 08:30:00,20.4
2024-08-20 09:00:00,0.0
2024-08-20 09:30:00,0.0
2024-08-20 10:00:00,29.8
2024-08-20 10:30:00,60.0833333333334
2024-08-20 11:00:00,102.3
2024-08-20 11:30:00,176.20000000000005
2024-08-20 12:00:00,207.58333333333337
2024-08-20 12:30:00,182.6
2024-08-20 13:00:00,193.4166666666666
2024-08-20 13:30:00,2.066666666666666
2024-08-20 14:00:00,123.7833333333334
2024-08-20 14:30:00,110.7500000000002
2024-08-20 15:00:00,98.8333333333334
2024-08-20 15:30:00,89.27466666666655
2024-08-20 16:00:00,78.80000000000007
2024-08-20 16:30:00,68.80000000000007
2024-08-20 17:00:00,59.933333333333366
2024-08-20 17:30:00,55.93333333333336
2024-08-20 18:00:00,51.9
2024-08-20 18:30:00,47.88333333333332
2024-08-20 19:00:00,41.9
2024-08-20 19:30:00,35.9
2024-08-20 20:00:00,28.03333333333332
2024-08-20 20:30:00,30.01666666666666
2024-08-20 21:00:00,29.96666666666668
2024-08-20 21:30:00,29.96666666666668
2024-08-20 22:00:00,28.91666666666668
2024-08-20 22:30:00,23.96666666666668
2024-08-20 23:00:00,21.96666666666668
2024-08-20 23:30:00,17.91666666666666
2024-08-21 00:00:00,13.98333333333334
2024-08-21 00:30:00,12.98333333333334
2024-08-21 01:00:00,11.0
2024-08-21 01:30:00,10.88333333333334
2024-08-21 02:00:00,0.0
2024-08-21 02:30:00,0.0
2024-08-21 03:00:00,0.0
2024-08-21 03:30:00,0.0
2024-08-21 04:00:00,0.0
2024-08-21 04:30:00,0.0
2024-08-21 05:00:00,0.0
2024-08-21 05:30:00,0.0
2024-08-21 06:00:00,0.0
2024-08-21 06:30:00,0.0
2024-08-21 07:00:00,0.0
2024-08-21 07:30:00,0.0
2024-08-21 08:00:00,0.0
2024-08-21 08:30:00,14.383333333333319
2024-08-21 09:00:00,23.183333333333337
2024-08-21 09:30:00,35.18333333333334
2024-08-21 10:00:00,47.1833333333334
2024-08-21 10:30:00,59.1833333333334
2024-08-21 11:00:00,0.0
2024-08-21 11:30:00,0.0
2024-08-21 12:00:00,0.0
2024-08-21 12:30:00,0.0
2024-08-21 13:00:00,0.0
2024-08-21 13:30:00,46.8166666666666
2024-08-21 14:00:00,127.15
2024-08-21 14:30:00,133.10000000000002
2024-08-21 15:00:00,137.25
2024-08-21 15:30:00,0.0
2024-08-21 16:00:00,145.9166666666666
2024-08-21 16:30:00,197.95
2024-08-21 17:00:00,357.15
2024-08-21 17:30:00,392.13333333333344
2024-08-21 18:00:00,395.0333333333334
2024-08-21 18:30:00,397.05
2024-08-21 19:00:00,399.9833333333334
2024-08-21 19:30:00,399.9833333333334
2024-08-21 20:00:00,399.0
2024-08-21 20:30:00,399.0
2024-08-21 21:00:00,399.0
2024-08-21 21:30:00,399.0
2024-08-21 22:00:00,399.0
2024-08-21 22:30:00,399.0
2024-08-21 23:00:00,398.7666666666666
2024-08-21 23:30:00,385.0
2024-08-22 00:00:00,372.0833333333332
2024-08-22 00:30:00,0.0
2024-08-22 01:00:00,0.0
2024-08-22 01:30:00,0.0
2024-08-22 02:00:00,0.0
2024-08-22 02:30:00,0.0
2024-08-22 03:00:00,0.0
2024-08-22 03:30:00,0.0
2024-08-22 04:00:00,0.0
2024-08-22 04:30:00,0.0
2024-08-22 05:00:00,0.0
2024-08-22 05:30:00,0.0
2024-08-22 06:00:00,16.18333333333334
2024-08-22 06:30:00,360.8166666666664
2024-08-22 07:00:00,16.16666666666666
2024-08-22 07:30:00,370.0
2024-08-22 08:00:00,168.9666666666668
2024-08-22 08:30:00,167.0
2024-08-22 09:00:00,167.0666666666666
2024-08-22 09:30:00,0.0
2024-08-22 10:00:00,0.0
2024-08-22 10:30:00,0.0
2024-08-22 11:00:00,0.0
2024-08-22 11:30:00,0.0
2024-08-22 12:00:00,0.0
2024-08-22 12:30:00,0.0
2024-08-22 13:00:00,0.0
2024-08-22 13:30:00,116.25
2024-08-22 14:00:00,177.78333333333342
2024-08-22 14:30:00,177.9833333333334
2024-08-22 15:00:00,23.33333333333334
2024-08-22 15:30:00,400.0
2024-08-22 16:00:00,400.0166666666666
2024-08-22 16:30:00,401.0
2024-08-22 17:00:00,401.0333333333334
2024-08-22 17:30:00,403.0166666666666
2024-08-22 18:00:00,403.9333333333334
2024-08-22 18:30:00,399.9333333333334
2024-08-22 19:00:00,393.91666666666663
2024-08-22 19:30:00,388.88333333333344
2024-08-22 20:00:00,278.8
2024-08-22 20:30:00,302.6666666666664
2024-08-22 21:00:00,319.85
2024-08-22 21:30:00,268.25
2024-08-22 22:00:00,102.1333333333334
2024-08-22 22:30:00,54.449999999999946
2024-08-22 23:00:00,245.7
2024-08-22 23:30:00,69.5
2024-08-23 00:00:00,0.0
2024-08-23 00:30:00,0.0
2024-08-23 01:00:00,0.0
2024-08-23 01:30:00,0.0
2024-08-23 02:00:00,0.0
2024-08-23 02:30:00,0.0
2024-08-23 03:00:00,0.0
2024-08-23 03:30:00,0.0
2024-08-23 04:00:00,0.0
2024-08-23 04:30:00,0.0
2024-08-23 05:00:00,0.0
2024-08-23 05:30:00,0.0
2024-08-23 06:00:00,0.0
2024-08-23 06:30:00,0.0
2024-08-23 07:00:00,0.0
2024-08-23 07:30:00,0.0
2024-08-23 08:00:00,0.0
2024-08-23 08:30:00,0.0
2024-08-23 09:00:00,0.0
2024-08-23 09:30:00,0.0
2024-08-23 10:00:00,0.0
2024-08-23 10:30:00,0.0
2024-08-23 11:00:00,0.0
2024-08-23 11:30:00,0.0
2024-08-23 12:00:00,0.0
2024-08-23 12:30:00,0.0
2024-08-23 13:00:00,0.0
2024-08-23 13:30:00,0.0
2024-08-23 14:00:00,1.316666666666668
2024-08-23 14:30:00,89.70000000000014
2024-08-23 15:00:00,102.4499999999998
2024-08-23 15:30:00,129.4666666666668
2024-08-23 16:00:00,2.65
2024-08-23 16:30:00,87.61666666666673
2024-08-23 17:00:00,137.3999999999998
2024-08-23 17:30:00,181.4333333333334
2024-08-23 18:00:00,237.20000000000022
2024-08-23 18:30:00,250.20000000000022
2024-08-23 19:00:00,263.05
2024-08-23 19:30:00,266.05
2024-08-23 20:00:00,263.33333333333337
2024-08-23 20:30:00,283.31666666666683
2024-08-23 21:00:00,301.1500000000002
2024-08-23 21:30:00,310.1333333333334
2024-08-23 22:00:00,316.0333333333334
2024-08-23 22:30:00,318.05
2024-08-23 23:00:00,317.11666666666656
2024-08-23 23:30:00,323.1333333333332
2024-08-24 00:00:00,323.0000000000002
2024-08-24 00:30:00,323.0166666666668
2024-08-24 01:00:00,316.9166666666668
2024-08-24 01:30:00,312.8999999999998
2024-08-24 02:00:00,313.9333333333334
2024-08-24 02:30:00,309.9333333333334
2024-08-24 03:00:00,305.8833333333332
2024-08-24 03:30:00,298.8833333333332
2024-08-24 04:00:00,290.8666666666666
2024-08-24 04:30:00,280.8499999999998
2024-08-24 05:00:00,267.8499999999998
2024-08-24 05:30:00,258.8666666666664
2024-08-24 06:00:00,248.7166666666666
2024-08-24 06:30:00,231.75
2024-08-24 07:00:00,217.11666666666682
2024-08-24 07:30:00,223.04999999999978
2024-08-24 08:00:00,248.0
2024-08-24 08:30:00,248.0166666666666
2024-08-24 09:00:00,245.9666666666668
2024-08-24 09:30:00,243.95
2024-08-24 10:00:00,240.15
2024-08-24 10:30:00,248.1333333333334
2024-08-24 11:00:00,255.1833333333334
2024-08-24 11:30:00,265.1333333333336
2024-08-24 12:00:00,272.1500000000002
2024-08-24 12:30:00,280.15
2024-08-24 13:00:00,293.9833333333334
2024-08-24 13:30:00,293.0
2024-08-24 14:00:00,285.0166666666664
2024-08-24 14:30:00,0.0
2024-08-24 15:00:00,292.0
2024-08-24 15:30:00,291.9
2024-08-24 16:00:00,285.8666666666666
2024-08-24 16:30:00,273.8833333333332
2024-08-24 17:00:00,271.0166666666666
2024-08-24 17:30:00,272.0166666666666
2024-08-24 18:00:00,270.1
2024-08-24 18:30:00,275.1
2024-08-24 19:00:00,279.2666666666668
2024-08-24 19:30:00,294.2333333333334
2024-08-24 20:00:00,310.0166666666668
2024-08-24 20:30:00,310.0166666666668
2024-08-24 21:00:00,308.0333333333334
2024-08-24 21:30:00,309.0333333333334
2024-08-24 22:00:00,311.0
2024-08-24 22:30:00,5.183333333333332
2024-08-24 23:00:00,0.0
2024-08-24 23:30:00,295.4666666666664
2024-08-25 00:00:00,212.8
2024-08-25 00:30:00,304.0166666666666
2024-08-25 01:00:00,304.009375
2024-08-25 01:30:00,302.95937500000025
2024-08-25 02:00:00,293.1041666666668
2024-08-25 02:30:00,302.15
2024-08-25 03:00:00,307.1666666666668
2024-08-25 03:30:00,317.1666666666668
2024-08-25 04:00:00,324.2
2024-08-25 04:30:00,337.1833333333334
2024-08-25 05:00:00,346.0333333333332
2024-08-25 05:30:00,348.05
2024-08-25 06:00:00,351.1166666666664
2024-08-25 06:30:00,359.11666666666656
2024-08-25 07:00:00,369.0333333333332
2024-08-25 07:30:00,371.0333333333332
2024-08-25 08:00:00,373.0333333333332
2024-08-25 08:30:00,7.850000000000012
2024-08-25 09:00:00,0.0
2024-08-25 09:30:00,0.0
2024-08-25 10:00:00,0.0
2024-08-25 10:30:00,0.0
2024-08-25 11:00:00,0.0
2024-08-25 11:30:00,0.0
2024-08-25 12:00:00,0.0
2024-08-25 12:30:00,0.0
2024-08-25 13:00:00,0.0
2024-08-25 13:30:00,0.0
2024-08-25 14:00:00,28.0333333333334
2024-08-25 14:30:00,188.63333333333333
2024-08-25 15:00:00,347.3666666666666
2024-08-25 15:30:00,0.0
2024-08-25 16:00:00,0.0
2024-08-25 16:30:00,0.0
2024-08-25 17:00:00,0.0
2024-08-25 17:30:00,3.166666666666666
2024-08-25 18:00:00,189.0166666666666
2024-08-25 18:30:00,146.2666666666664
2024-08-25 19:00:00,102.7166666666666
2024-08-25 19:30:00,85.6666666666666
2024-08-25 20:00:00,65.83333333333331
2024-08-25 20:30:00,36.88333333333332
2024-08-25 21:00:00,30.98333333333334
2024-08-25 21:30:00,30.01666666666666
2024-08-25 22:00:00,31.26666666666666
2024-08-25 22:30:00,47.266666666666666
2024-08-25 23:00:00,65.3666666666666
2024-08-25 23:30:00,88.38333333333328
2024-08-26 00:00:00,118.4833333333334
2024-08-26 00:30:00,149.4833333333334
2024-08-26 01:00:00,191.2666666666668
2024-08-26 01:30:00,207.2833333333332
2024-08-26 02:00:00,226.10000000000002
2024-08-26 02:30:00,232.11666666666682
2024-08-26 03:00:00,239.0333333333332
2024-08-26 03:30:00,241.0333333333332
2024-08-26 04:00:00,244.7666666666666
2024-08-26 04:30:00,231.78333333333342
2024-08-26 05:00:00,218.8833333333332
2024-08-26 05:30:00,211.8666666666664
2024-08-26 06:00:00,206.8166666666666
2024-08-26 06:30:00,196.8166666666666
2024-08-26 07:00:00,187.9500000000002
2024-08-26 07:30:00,185.9500000000002
2024-08-26 08:00:00,199.8166666666666
2024-08-26 08:30:00,174.28333333333342
2024-08-26 09:00:00,126.5166666666668
2024-08-26 09:30:00,63.05
2024-08-26 10:00:00,28.05
2024-08-26 10:30:00,0.0
2024-08-26 11:00:00,0.0
2024-08-26 11:30:00,0.0
2024-08-26 12:00:00,0.0
2024-08-26 12:30:00,0.0
2024-08-26 13:00:00,0.0
2024-08-26 13:30:00,0.0
2024-08-26 14:00:00,0.0
2024-08-26 14:30:00,0.0
2024-08-26 15:00:00,0.0
2024-08-26 15:30:00,0.0
2024-08-26 16:00:00,0.0
2024-08-26 16:30:00,0.0
2024-08-26 17:00:00,0.0
2024-08-26 17:30:00,0.0
2024-08-26 18:00:00,0.0
2024-08-26 18:30:00,0.0
2024-08-26 19:00:00,0.0
2024-08-26 19:30:00,0.0
2024-08-26 20:00:00,0.0
2024-08-26 20:30:00,0.0
2024-08-26 21:00:00,0.0
2024-08-26 21:30:00,0.0
2024-08-26 22:00:00,0.0
2024-08-26 22:30:00,0.0
2024-08-26 23:00:00,5.333333333333334
2024-08-26 23:30:00,44.1
2024-08-27 00:00:00,52.03333333333326
2024-08-27 00:30:00,54.03333333333326
2024-08-27 01:00:00,57.2333333333334
2024-08-27 01:30:00,65.1833333333332
2024-08-27 02:00:00,76.4333333333334
2024-08-27 02:30:00,102.4166666666668
2024-08-27 03:00:00,125.55
2024-08-27 03:30:00,203.25
2024-08-27 04:00:00,245.2999999999998
2024-08-27 04:30:00,263.3166666666666
2024-08-27 05:00:00,282.0
2024-08-27 05:30:00,283.0166666666666
2024-08-27 06:00:00,283.2500000000002
2024-08-27 06:30:00,298.25
2024-08-27 07:00:00,311.2833333333336
2024-08-27 07:30:00,328.2833333333334
2024-08-27 08:00:00,331.3499999999998
2024-08-27 08:30:00,352.33333333333337
2024-08-27 09:00:00,376.1000000000002
2024-08-27 09:30:00,378.31666666666683
2024-08-27 10:00:00,280.8
2024-08-27 10:30:00,279.0666666666666
2024-08-27 11:00:00,282.9833333333334
2024-08-27 11:30:00,0.0
2024-08-27 12:00:00,0.0
2024-08-27 12:30:00,0.0
2024-08-27 13:00:00,0.0
2024-08-27 13:30:00,0.0
2024-08-27 14:00:00,0.0
2024-08-27 14:30:00,0.0
2024-08-27 15:00:00,0.0
2024-08-27 15:30:00,0.0
2024-08-27 16:00:00,0.0
2024-08-27 16:30:00,16.51666666666668
2024-08-27 17:00:00,335.08333333333337
2024-08-27 17:30:00,353.6333333333332
2024-08-27 18:00:00,287.05
2024-08-27 18:30:00,243.4999999999998
2024-08-27 19:00:00,334.8
2024-08-27 19:30:00,323.7833333333334
2024-08-27 20:00:00,283.7499999999998
2024-08-27 20:30:00,268.7499999999998
2024-08-27 21:00:00,112.66666666666666
2024-08-27 21:30:00,25.2
2024-08-27 22:00:00,0.0
2024-08-27 22:30:00,0.0
2024-08-27 23:00:00,0.0
2024-08-27 23:30:00,0.0
2024-08-28 00:00:00,120.9
2024-08-28 00:30:00,110.3333333333332
2024-08-28 01:00:00,36.1166666666666
2024-08-28 01:30:00,79.18333333333327
2024-08-28 02:00:00,101.38333333333341
2024-08-28 02:30:00,124.43333333333321
2024-08-28 03:00:00,149.3333333333334
2024-08-28 03:30:00,169.3
2024-08-28 04:00:00,187.7500000000002
2024-08-28 04:30:00,172.7333333333334
2024-08-28 05:00:00,149.88333333333338
2024-08-28 05:30:00,141.9166666666668
2024-08-28 06:00:00,137.2833333333334
2024-08-28 06:30:00,153.25
2024-08-28 07:00:00,169.21666666666658
2024-08-28 07:30:00,181.2499999999998
2024-08-28 08:00:00,171.23333333333318
2024-08-28 08:30:00,67.83333333333334
2024-08-28 09:00:00,0.0
2024-08-28 09:30:00,0.0
2024-08-28 10:00:00,0.0
2024-08-28 10:30:00,0.0
2024-08-28 11:00:00,0.0
2024-08-28 11:30:00,0.0
2024-08-28 12:00:00,0.0
2024-08-28 12:30:00,0.0
2024-08-28 13:00:00,0.0
2024-08-28 13:30:00,0.0
2024-08-28 14:00:00,0.0
2024-08-28 14:30:00,0.0
2024-08-28 15:00:00,0.0
2024-08-28 15:30:00,0.0
2024-08-28 16:00:00,0.0
2024-08-28 16:30:00,0.0
2024-08-28 17:00:00,149.5666666666664
2024-08-28 17:30:00,182.21666666666658
2024-08-28 18:00:00,195.0499999999998
2024-08-28 18:30:00,198.0333333333332
2024-08-28 19:00:00,200.4
2024-08-28 19:30:00,198.81666666666678
2024-08-28 20:00:00,163.7666666666666
2024-08-28 20:30:00,9.16666666666666
2024-08-28 21:00:00,0.0
2024-08-28 21:30:00,0.0
2024-08-28 22:00:00,0.0
2024-08-28 22:30:00,0.0
2024-08-28 23:00:00,0.0
2024-08-28 23:30:00,0.0
2024-08-29 00:00:00,0.0
2024-08-29 00:30:00,0.0
2024-08-29 01:00:00,0.0
2024-08-29 01:30:00,0.0
2024-08-29 02:00:00,0.0
2024-08-29 02:30:00,0.0
2024-08-29 03:00:00,0.0
2024-08-29 03:30:00,27.96666666666666
2024-08-29 04:00:00,88.81666666666666
2024-08-29 04:30:00,77.84999999999998
2024-08-29 05:00:00,71.95000000000007
2024-08-29 05:30:00,68.96666666666674
2024-08-29 06:00:00,69.89999999999995
2024-08-29 06:30:00,63.916666666666686
2024-08-29 07:00:00,51.9
2024-08-29 07:30:00,45.94999999999994
2024-08-29 08:00:00,96.7666666666666
2024-08-29 08:30:00,63.5666666666666
2024-08-29 09:00:00,0.0
2024-08-29 09:30:00,101.2666666666666
2024-08-29 10:00:00,194.3333333333334
2024-08-29 10:30:00,213.3333333333334
2024-08-29 11:00:00,233.4333333333334
2024-08-29 11:30:00,258.4166666666668
2024-08-29 12:00:00,282.15
2024-08-29 12:30:00,291.15
2024-08-29 13:00:00,300.0333333333332
2024-08-29 13:30:00,302.0333333333332
2024-08-29 14:00:00,271.3833333333332
2024-08-29 14:30:00,237.95000000000022
2024-08-29 15:00:00,218.4666666666668
2024-08-29 15:30:00,192.5166666666666
2024-08-29 16:00:00,164.2333333333334
2024-08-29 16:30:00,178.2333333333334
2024-08-29 17:00:00,238.3000000000002
2024-08-29 17:30:00,292.15
2024-08-29 18:00:00,300.08333333333337
2024-08-29 18:30:00,305.0833333333332
2024-08-29 19:00:00,307.0333333333334
2024-08-29 19:30:00,309.0166666666666
2024-08-29 20:00:00,310.0333333333332
2024-08-29 20:30:00,312.0
2024-08-29 21:00:00,300.0333333333332
2024-08-29 21:30:00,302.0333333333332
2024-08-29 22:00:00,300.1166666666668
2024-08-29 22:30:00,308.1
2024-08-29 23:00:00,306.91666666666663
2024-08-29 23:30:00,301.91666666666663
2024-08-30 00:00:00,293.9
2024-08-30 00:30:00,286.91666666666663
2024-08-30 01:00:00,280.6
2024-08-30 01:30:00,257.6333333333332
2024-08-30 02:00:00,239.5
2024-08-30 02:30:00,210.5166666666666
2024-08-30 03:00:00,184.6
2024-08-30 03:30:00,161.6166666666666
2024-08-30 04:00:00,138.6666666666666
2024-08-30 04:30:00,119.6833333333334
2024-08-30 05:00:00,101.89999999999999
2024-08-30 05:30:00,95.89999999999988
2024-08-30 06:00:00,92.96666666666674
2024-08-30 06:30:00,90.96666666666674
2024-08-30 07:00:00,91.1000000000002
2024-08-30 07:30:00,9.61666666666666
2024-08-30 08:00:00,27.16666666666666
2024-08-30 08:30:00,106.1166666666668
2024-08-30 09:00:00,102.48333333333335
2024-08-30 09:30:00,92.05
2024-08-30 10:00:00,95.9333333333334
2024-08-30 10:30:00,88.89999999999979
2024-08-30 11:00:00,101.94999999999995
2024-08-30 11:30:00,111.0333333333332
2024-08-30 12:00:00,109.9333333333334
2024-08-30 12:30:00,105.9333333333334
2024-08-30 13:00:00,96.0166666666666
2024-08-30 13:30:00,21.48333333333332
2024-08-30 14:00:00,0.0
2024-08-30 14:30:00,0.0
2024-08-30 15:00:00,0.0
2024-08-30 15:30:00,0.0
2024-08-30 16:00:00,0.0
2024-08-30 16:30:00,0.0
2024-08-30 17:00:00,0.0
2024-08-30 17:30:00,0.0
2024-08-30 18:00:00,0.0
2024-08-30 18:30:00,0.0
2024-08-30 19:00:00,0.0
2024-08-30 19:30:00,0.0
2024-08-30 20:00:00,0.0
2024-08-30 20:30:00,0.0
2024-08-30 21:00:00,0.0
2024-08-30 21:30:00,0.0
2024-08-30 22:00:00,0.0
2024-08-30 22:30:00,0.0
2024-08-30 23:00:00,0.0
2024-08-30 23:30:00,0.0
2024-08-31 00:00:00,0.0
2024-08-31 00:30:00,0.0
2024-08-31 01:00:00,0.0
2024-08-31 01:30:00,0.0
2024-08-31 02:00:00,0.0
2024-08-31 02:30:00,0.0
2024-08-31 03:00:00,0.0
2024-08-31 03:30:00,0.0
2024-08-31 04:00:00,0.0
2024-08-31 04:30:00,0.0
2024-08-31 05:00:00,0.0
2024-08-31 05:30:00,0.0
2024-08-31 06:00:00,0.0
2024-08-31 06:30:00,0.0
2024-08-31 07:00:00,0.0
2024-08-31 07:30:00,0.0
2024-08-31 08:00:00,0.0
2024-08-31 08:30:00,0.0
2024-08-31 09:00:00,0.0
2024-08-31 09:30:00,0.0
2024-08-31 10:00:00,0.0
2024-08-31 10:30:00,0.0
2024-08-31 11:00:00,0.0
2024-08-31 11:30:00,0.0
2024-08-31 12:00:00,0.0
2024-08-31 12:30:00,0.0
2024-08-31 13:00:00,0.0
2024-08-31 13:30:00,0.0
2024-08-31 14:00:00,0.0
2024-08-31 14:30:00,0.0
2024-08-31 15:00:00,0.416666666666666
2024-08-31 15:30:00,105.7166666666666
2024-08-31 16:00:00,112.9
2024-08-31 16:30:00,106.9166666666668
2024-08-31 17:00:00,107.8666666666664
2024-08-31 17:30:00,99.8833333333332
2024-08-31 18:00:00,94.8166666666666
2024-08-31 18:30:00,83.86666666666653
2024-08-31 19:00:00,77.91666666666674
2024-08-31 19:30:00,73.93333333333342
2024-08-31 20:00:00,94.0
2024-08-31 20:30:00,94.0166666666666
2024-08-31 21:00:00,97.9166666666668
2024-08-31 21:30:00,92.95000000000019
2024-08-31 22:00:00,92.95000000000019
2024-08-31 22:30:00,89.9666666666668
2024-08-31 23:00:00,89.9666666666668
2024-08-31 23:30:00,87.9666666666668
2024-09-01 00:00:00,88.91666666666674
2024-09-01 00:30:00,83.89999999999989
2024-09-01 01:00:00,86.88333333333321
2024-09-01 01:30:00,79.91666666666663
2024-09-01 02:00:00,75.9833333333334
2024-09-01 02:30:00,73.9833333333334
2024-09-01 03:00:00,75.0
2024-09-01 03:30:00,75.03333333333326
2024-09-01 04:00:00,79.0166666666666
2024-09-01 04:30:00,81.03333333333326
2024-09-01 05:00:00,87.9833333333334
2024-09-01 05:30:00,87.0
2024-09-01 06:00:00,88.95000000000013
2024-09-01 06:30:00,85.9666666666668
2024-09-01 07:00:00,86.01666666666665
2024-09-01 07:30:00,86.0166666666666
2024-09-01 08:00:00,96.15
2024-09-01 08:30:00,105.1666666666668
2024-09-01 09:00:00,117.0833333333334
2024-09-01 09:30:00,122.0833333333334
2024-09-01 10:00:00,127.1166666666666
2024-09-01 10:30:00,134.1333333333332
2024-09-01 11:00:00,141.15
2024-09-01 11:30:00,149.15
2024-09-01 12:00:00,159.9666666666668
2024-09-01 12:30:00,157.9833333333334
2024-09-01 13:00:00,163.9166666666668
2024-09-01 13:30:00,158.9166666666668
2024-09-01 14:00:00,152.88333333333318
2024-09-01 14:30:00,144.88333333333318
2024-09-01 15:00:00,137.9166666666666
2024-09-01 15:30:00,132.9500000000002
2024-09-01 16:00:00,130.0333333333332
2024-09-01 16:30:00,131.0499999999998
2024-09-01 17:00:00,134.89999999999998
2024-09-01 17:30:00,128.9
2024-09-01 18:00:00,122.71666666666681
2024-09-01 18:30:00,105.7
2024-09-01 19:00:00,89.88333333333327
2024-09-01 19:30:00,82.88333333333321
2024-09-01 20:00:00,91.04999999999987
2024-09-01 20:30:00,94.04999999999981
2024-09-01 21:00:00,100.0
2024-09-01 21:30:00,100.0166666666666
2024-09-01 22:00:00,103.9666666666668
2024-09-01 22:30:00,100.9333333333334
2024-09-01 23:00:00,99.9333333333334
2024-09-01 23:30:00,95.9666666666668
2024-09-02 00:00:00,79.11666666666673
2024-09-02 00:30:00,16.466666666666676
2024-09-02 01:00:00,75.7666666666668
2024-09-02 01:30:00,77.9666666666668
2024-09-02 02:00:00,53.0
2024-09-02 02:30:00,48.4833333333334
2024-09-02 03:00:00,0.0
2024-09-02 03:30:00,0.0
2024-09-02 04:00:00,0.0
2024-09-02 04:30:00,0.0
2024-09-02 05:00:00,0.0
2024-09-02 05:30:00,0.0
2024-09-02 06:00:00,0.0
2024-09-02 06:30:00,0.0
2024-09-02 07:00:00,0.0
2024-09-02 07:30:00,0.0
2024-09-02 08:00:00,0.0
2024-09-02 08:30:00,0.0
2024-09-02 09:00:00,0.0
2024-09-02 09:30:00,0.0
2024-09-02 10:00:00,0.0
2024-09-02 10:30:00,0.0
2024-09-02 11:00:00,0.0
2024-09-02 11:30:00,0.0
2024-09-02 12:00:00,0.0
2024-09-02 12:30:00,0.0
2024-09-02 13:00:00,0.0
2024-09-02 13:30:00,0.0
2024-09-02 14:00:00,0.0
2024-09-02 14:30:00,0.0
2024-09-02 15:00:00,0.0
2024-09-02 15:30:00,0.0
2024-09-02 16:00:00,0.0
2024-09-02 16:30:00,0.0
2024-09-02 17:00:00,0.0
2024-09-02 17:30:00,0.0
2024-09-02 18:00:00,0.0
2024-09-02 18:30:00,0.0
2024-09-02 19:00:00,116.0666666666666
2024-09-02 19:30:00,131.1666666666666
2024-09-02 20:00:00,166.0666666666666
2024-09-02 20:30:00,170.0666666666666
2024-09-02 21:00:00,174.0
2024-09-02 21:30:00,172.9833333333334
2024-09-02 22:00:00,171.8166666666666
2024-09-02 22:30:00,158.8166666666666
2024-09-02 23:00:00,147.1666666666666
2024-09-02 23:30:00,156.1666666666666
2024-09-03 00:00:00,166.9166666666668
2024-09-03 00:30:00,161.89999999999998
2024-09-03 01:00:00,158.6833333333334
2024-09-03 01:30:00,139.7166666666668
2024-09-03 02:00:00,126.6833333333334
2024-09-03 02:30:00,107.6833333333334
2024-09-03 03:00:00,90.8
2024-09-03 03:30:00,49.41666666666666
2024-09-03 04:00:00,0.0
2024-09-03 04:30:00,11.35
2024-09-03 05:00:00,83.2333333333334
2024-09-03 05:30:00,112.36666666666679
2024-09-03 06:00:00,120.96666666666681
2024-09-03 06:30:00,45.3333333333334
2024-09-03 07:00:00,0.0
2024-09-03 07:30:00,0.0
2024-09-03 08:00:00,0.0
2024-09-03 08:30:00,0.0
2024-09-03 09:00:00,0.0
2024-09-03 09:30:00,0.0
2024-09-03 10:00:00,0.0
2024-09-03 10:30:00,0.0
2024-09-03 11:00:00,0.0
2024-09-03 11:30:00,0.0
2024-09-03 12:00:00,0.0
2024-09-03 12:30:00,0.0
2024-09-03 13:00:00,0.0
2024-09-03 13:30:00,0.0
2024-09-03 14:00:00,0.0
2024-09-03 14:30:00,0.0
2024-09-03 15:00:00,0.0
2024-09-03 15:30:00,0.0
2024-09-03 16:00:00,0.0
2024-09-03 16:30:00,0.0
2024-09-03 17:00:00,0.0
2024-09-03 17:30:00,0.0
2024-09-03 18:00:00,0.0
2024-09-03 18:30:00,0.0
2024-09-03 19:00:00,0.0
2024-09-03 19:30:00,0.0
2024-09-03 20:00:00,0.0
2024-09-03 20:30:00,0.0
2024-09-03 21:00:00,0.0
2024-09-03 21:30:00,0.0
2024-09-03 22:00:00,0.0
2024-09-03 22:30:00,0.0
2024-09-03 23:00:00,0.0
2024-09-03 23:30:00,0.0
2024-09-04 00:00:00,0.0
2024-09-04 00:30:00,0.0
2024-09-04 01:00:00,0.0
2024-09-04 01:30:00,0.0
2024-09-04 02:00:00,0.0
2024-09-04 02:30:00,0.0
2024-09-04 03:00:00,0.0
2024-09-04 03:30:00,0.0
2024-09-04 04:00:00,0.0
2024-09-04 04:30:00,0.0
2024-09-04 05:00:00,0.0
2024-09-04 05:30:00,0.0
2024-09-04 06:00:00,0.0
2024-09-04 06:30:00,0.0
2024-09-04 07:00:00,0.0
2024-09-04 07:30:00,0.0
2024-09-04 08:00:00,0.0
2024-09-04 08:30:00,0.0
2024-09-04 09:00:00,0.0
2024-09-04 09:30:00,0.0
2024-09-04 10:00:00,0.0
2024-09-04 10:30:00,0.0
2024-09-04 11:00:00,0.0
2024-09-04 11:30:00,0.0
2024-09-04 12:00:00,0.0
2024-09-04 12:30:00,0.0
2024-09-04 13:00:00,0.0
2024-09-04 13:30:00,0.0
2024-09-04 14:00:00,0.0
2024-09-04 14:30:00,0.0
2024-09-04 15:00:00,0.0
2024-09-04 15:30:00,0.0
2024-09-04 16:00:00,0.0
2024-09-04 16:30:00,0.0
2024-09-04 17:00:00,0.0
2024-09-04 17:30:00,0.0
2024-09-04 18:00:00,0.0
2024-09-04 18:30:00,0.0
2024-09-04 19:00:00,0.0
2024-09-04 19:30:00,0.0
2024-09-04 20:00:00,0.0
2024-09-04 20:30:00,0.0
2024-09-04 21:00:00,0.0
2024-09-04 21:30:00,0.0
2024-09-04 22:00:00,0.0
2024-09-04 22:30:00,0.0
2024-09-04 23:00:00,0.0
2024-09-04 23:30:00,0.0
2024-09-05 00:00:00,0.0
2024-09-05 00:30:00,0.0
2024-09-05 01:00:00,0.0
2024-09-05 01:30:00,0.0
2024-09-05 02:00:00,0.0
2024-09-05 02:30:00,0.0
2024-09-05 03:00:00,0.0
2024-09-05 03:30:00,0.0
2024-09-05 04:00:00,0.0
2024-09-05 04:30:00,0.0
2024-09-05 05:00:00,0.0
2024-09-05 05:30:00,0.0
2024-09-05 06:00:00,0.0
2024-09-05 06:30:00,0.0
2024-09-05 07:00:00,0.0
2024-09-05 07:30:00,0.0
2024-09-05 08:00:00,0.0
2024-09-05 08:30:00,0.0
2024-09-05 09:00:00,0.0
2024-09-05 09:30:00,0.0
2024-09-05 10:00:00,0.0
2024-09-05 10:30:00,0.0
2024-09-05 11:00:00,0.0
2024-09-05 11:30:00,0.0
2024-09-05 12:00:00,0.0
2024-09-05 12:30:00,0.0
2024-09-05 13:00:00,0.0
2024-09-05 13:30:00,0.0
2024-09-05 14:00:00,0.0
2024-09-05 14:30:00,0.0
2024-09-05 15:00:00,0.0
2024-09-05 15:30:00,0.0
2024-09-05 16:00:00,0.0
2024-09-05 16:30:00,0.0
2024-09-05 17:00:00,0.0
2024-09-05 17:30:00,0.0
2024-09-05 18:00:00,0.0
2024-09-05 18:30:00,0.0
2024-09-05 19:00:00,0.0
2024-09-05 19:30:00,0.0
2024-09-05 20:00:00,0.0
2024-09-05 20:30:00,0.0
2024-09-05 21:00:00,0.0
2024-09-05 21:30:00,0.0
2024-09-05 22:00:00,0.0
2024-09-05 22:30:00,0.0
2024-09-05 23:00:00,0.0
2024-09-05 23:30:00,0.0
2024-09-06 00:00:00,0.0
2024-09-06 00:30:00,0.0
2024-09-06 01:00:00,0.0
2024-09-06 01:30:00,0.0
2024-09-06 02:00:00,0.0
2024-09-06 02:30:00,0.0
2024-09-06 03:00:00,0.0
2024-09-06 03:30:00,0.0
2024-09-06 04:00:00,0.0
2024-09-06 04:30:00,0.0
2024-09-06 05:00:00,0.0
2024-09-06 05:30:00,0.0
2024-09-06 06:00:00,0.0
2024-09-06 06:30:00,0.0
2024-09-06 07:00:00,0.0
2024-09-06 07:30:00,0.0
2024-09-06 08:00:00,0.0
2024-09-06 08:30:00,0.0
2024-09-06 09:00:00,0.0
2024-09-06 09:30:00,0.0
2024-09-06 10:00:00,0.0
2024-09-06 10:30:00,0.0
2024-09-06 11:00:00,0.0
2024-09-06 11:30:00,0.0
2024-09-06 12:00:00,0.0
2024-09-06 12:30:00,0.0
2024-09-06 13:00:00,0.0
2024-09-06 13:30:00,0.0
2024-09-06 14:00:00,0.0
2024-09-06 14:30:00,0.0
2024-09-06 15:00:00,0.0
2024-09-06 15:30:00,0.0
2024-09-06 16:00:00,0.0
2024-09-06 16:30:00,0.0
2024-09-06 17:00:00,0.0
2024-09-06 17:30:00,0.0
2024-09-06 18:00:00,0.0
2024-09-06 18:30:00,0.0
2024-09-06 19:00:00,0.0
2024-09-06 19:30:00,0.0
2024-09-06 20:00:00,0.0
2024-09-06 20:30:00,0.0
2024-09-06 21:00:00,0.0
2024-09-06 21:30:00,0.0
2024-09-06 22:00:00,0.0
2024-09-06 22:30:00,0.0
2024-09-06 23:00:00,0.0
2024-09-06 23:30:00,0.0
2024-09-07 00:00:00,0.0
2024-09-07 00:30:00,0.0
2024-09-07 01:00:00,0.0
2024-09-07 01:30:00,0.0
2024-09-07 02:00:00,0.0
2024-09-07 02:30:00,0.0
2024-09-07 03:00:00,0.0
2024-09-07 03:30:00,0.0
2024-09-07 04:00:00,0.0
2024-09-07 04:30:00,0.0
2024-09-07 05:00:00,0.0
2024-09-07 05:30:00,0.0
2024-09-07 06:00:00,0.0
2024-09-07 06:30:00,0.0
2024-09-07 07:00:00,0.0
2024-09-07 07:30:00,0.0
2024-09-07 08:00:00,0.0
2024-09-07 08:30:00,0.0
2024-09-07 09:00:00,0.0
2024-09-07 09:30:00,0.0
2024-09-07 10:00:00,0.0
2024-09-07 10:30:00,0.0
2024-09-07 11:00:00,0.0
2024-09-07 11:30:00,0.0
2024-09-07 12:00:00,0.0
2024-09-07 12:30:00,0.0
2024-09-07 13:00:00,0.0
2024-09-07 13:30:00,0.0
2024-09-07 14:00:00,0.0
2024-09-07 14:30:00,0.0
2024-09-07 15:00:00,0.0
2024-09-07 15:30:00,0.0
2024-09-07 16:00:00,0.0
2024-09-07 16:30:00,0.0
2024-09-07 17:00:00,0.0
2024-09-07 17:30:00,0.0
2024-09-07 18:00:00,0.0
2024-09-07 18:30:00,0.0
2024-09-07 19:00:00,0.0
2024-09-07 19:30:00,0.0
2024-09-07 20:00:00,0.0
2024-09-07 20:30:00,0.0
2024-09-07 21:00:00,0.0
2024-09-07 21:30:00,0.0
2024-09-07 22:00:00,0.0
2024-09-07 22:30:00,0.0
2024-09-07 23:00:00,0.0
2024-09-07 23:30:00,0.0
2024-09-08 00:00:00,0.0
2024-09-08 00:30:00,0.0
2024-09-08 01:00:00,0.0
2024-09-08 01:30:00,0.0
2024-09-08 02:00:00,0.0
2024-09-08 02:30:00,0.0
2024-09-08 03:00:00,0.0
2024-09-08 03:30:00,0.0
2024-09-08 04:00:00,0.0
2024-09-08 04:30:00,0.0
2024-09-08 05:00:00,0.0
2024-09-08 05:30:00,0.0
2024-09-08 06:00:00,0.0
2024-09-08 06:30:00,0.0
2024-09-08 07:00:00,0.0
2024-09-08 07:30:00,0.0
2024-09-08 08:00:00,0.0
2024-09-08 08:30:00,0.0
2024-09-08 09:00:00,0.0
2024-09-08 09:30:00,0.0
2024-09-08 10:00:00,0.0
2024-09-08 10:30:00,0.0
2024-09-08 11:00:00,0.0
2024-09-08 11:30:00,0.0
2024-09-08 12:00:00,0.0
2024-09-08 12:30:00,0.0
2024-09-08 13:00:00,0.0
2024-09-08 13:30:00,0.0
2024-09-08 14:00:00,0.0
2024-09-08 14:30:00,0.0
2024-09-08 15:00:00,0.0
2024-09-08 15:30:00,0.0
2024-09-08 16:00:00,0.0
2024-09-08 16:30:00,0.0
2024-09-08 17:00:00,0.0
2024-09-08 17:30:00,0.0
2024-09-08 18:00:00,0.0
2024-09-08 18:30:00,0.0
2024-09-08 19:00:00,0.0
2024-09-08 19:30:00,0.0
2024-09-08 20:00:00,0.0
2024-09-08 20:30:00,0.0
2024-09-08 21:00:00,0.0
2024-09-08 21:30:00,0.0
2024-09-08 22:00:00,0.0
2024-09-08 22:30:00,0.0
2024-09-08 23:00:00,0.0
2024-09-08 23:30:00,0.0
2024-09-09 00:00:00,0.0
2024-09-09 00:30:00,45.75000000000006
2024-09-09 01:00:00,97.8833333333334
2024-09-09 01:30:00,90.88333333333321
2024-09-09 02:00:00,78.0833333333334
2024-09-09 02:30:00,83.0833333333334
2024-09-09 03:00:00,87.0166666666666
2024-09-09 03:30:00,88.0
2024-09-09 04:00:00,71.9333333333334
2024-09-09 04:30:00,65.2333333333334
2024-09-09 05:00:00,65.93333333333328
2024-09-09 05:30:00,61.9333333333334
2024-09-09 06:00:00,49.56666666666666
2024-09-09 06:30:00,19.55
2024-09-09 07:00:00,0.0
2024-09-09 07:30:00,0.0
2024-09-09 08:00:00,0.0
2024-09-09 08:30:00,0.0
2024-09-09 09:00:00,0.0
2024-09-09 09:30:00,0.0
2024-09-09 10:00:00,0.0
2024-09-09 10:30:00,0.0
2024-09-09 11:00:00,0.0
2024-09-09 11:30:00,0.0
2024-09-09 12:00:00,0.0
2024-09-09 12:30:00,0.0
2024-09-09 13:00:00,0.0
2024-09-09 13:30:00,0.0
2024-09-09 14:00:00,0.0
2024-09-09 14:30:00,0.0
2024-09-09 15:00:00,0.0
2024-09-09 15:30:00,0.0
2024-09-09 16:00:00,0.0
2024-09-09 16:30:00,0.0
2024-09-09 17:00:00,0.0
2024-09-09 17:30:00,0.0
2024-09-09 18:00:00,0.0
2024-09-09 18:30:00,0.0
2024-09-09 19:00:00,0.0
2024-09-09 19:30:00,0.0
2024-09-09 20:00:00,0.0
2024-09-09 20:30:00,0.0
2024-09-09 21:00:00,0.0
2024-09-09 21:30:00,0.0
2024-09-09 22:00:00,10.76666666666668
2024-09-09 22:30:00,17.0
2024-09-09 23:00:00,16.01666666666666
2024-09-09 23:30:00,17.01666666666666
2024-09-10 00:00:00,18.01666666666666
2024-09-10 00:30:00,18.98333333333334
2024-09-10 01:00:00,19.98333333333334
2024-09-10 01:30:00,19.0
2024-09-10 02:00:00,15.716666666666661
2024-09-10 02:30:00,13.0
2024-09-10 03:00:00,17.61666666666666
2024-09-10 03:30:00,24.066666666666663
2024-09-10 04:00:00,29.216666666666658
2024-09-10 04:30:00,42.2
2024-09-10 05:00:00,45.18333333333334
2024-09-10 05:30:00,56.183333333333394
2024-09-10 06:00:00,68.5666666666668
2024-09-10 06:30:00,102.5833333333334
2024-09-10 07:00:00,137.1666666666668
2024-09-10 07:30:00,148.1833333333334
2024-09-10 08:00:00,123.7
2024-09-10 08:30:00,168.25
2024-09-10 09:00:00,266.2833333333334
2024-09-10 09:30:00,283.2500000000002
2024-09-10 10:00:00,297.3166666666668
2024-09-10 10:30:00,148.5666666666667
2024-09-10 11:00:00,336.2666666666666
2024-09-10 11:30:00,355.2833333333334
2024-09-10 12:00:00,375.05
2024-09-10 12:30:00,379.0666666666666
2024-09-10 13:00:00,388.0166666666666
2024-09-10 13:30:00,388.9833333333334
2024-09-10 14:00:00,385.0666666666666
2024-09-10 14:30:00,388.0
2024-09-10 15:00:00,386.9166666666668
2024-09-10 15:30:00,381.88333333333344
2024-09-10 16:00:00,379.1333333333334
2024-09-10 16:30:00,388.15
2024-09-10 17:00:00,400.05
2024-09-10 17:30:00,403.06666666666683
2024-09-10 18:00:00,403.9833333333334
2024-09-10 18:30:00,403.0
2024-09-10 19:00:00,404.0
2024-09-10 19:30:00,404.0
2024-09-10 20:00:00,405.0
2024-09-10 20:30:00,405.0
2024-09-10 21:00:00,401.0166666666666
2024-09-10 21:30:00,401.9833333333334
2024-09-10 22:00:00,404.0166666666666
2024-09-10 22:30:00,405.0166666666666
2024-09-10 23:00:00,404.9833333333334
2024-09-10 23:30:00,403.9833333333334
2024-09-11 00:00:00,402.9833333333334
2024-09-11 00:30:00,213.0
2024-09-11 01:00:00,213.0
2024-09-11 01:30:00,393.6
2024-09-11 02:00:00,402.0
2024-09-11 02:30:00,402.0
2024-09-11 03:00:00,401.0
2024-09-11 03:30:00,401.0
2024-09-11 04:00:00,94.25
2024-09-11 04:30:00,0.0
2024-09-11 05:00:00,0.0
2024-09-11 05:30:00,25.0
2024-09-11 06:00:00,405.0
2024-09-11 06:30:00,406.0166666666666
2024-09-11 07:00:00,399.0
2024-09-11 07:30:00,374.9333333333334
2024-09-11 08:00:00,379.65
2024-09-11 08:30:00,372.8
2024-09-11 09:00:00,263.9000000000002
2024-09-11 09:30:00,229.3166666666666
2024-09-11 10:00:00,263.0166666666666
2024-09-11 10:30:00,265.0166666666666
2024-09-11 11:00:00,264.0333333333334
2024-09-11 11:30:00,266.0333333333334
2024-09-11 12:00:00,268.0166666666668
2024-09-11 12:30:00,268.0166666666666
2024-09-11 13:00:00,268.0
2024-09-11 13:30:00,267.9833333333334
2024-09-11 14:00:00,269.0
2024-09-11 14:30:00,268.9833333333334
2024-09-11 15:00:00,268.0
2024-09-11 15:30:00,267.9833333333334
2024-09-11 16:00:00,267.9833333333334
2024-09-11 16:30:00,267.0
2024-09-11 17:00:00,267.9833333333334
2024-09-11 17:30:00,267.0
2024-09-11 18:00:00,272.0
2024-09-11 18:30:00,272.0
2024-09-11 19:00:00,271.9833333333334
2024-09-11 19:30:00,272.0
2024-09-11 20:00:00,271.0
2024-09-11 20:30:00,271.0
2024-09-11 21:00:00,317.9
2024-09-11 21:30:00,368.0
2024-09-11 22:00:00,368.0333333333332
2024-09-11 22:30:00,368.0
2024-09-11 23:00:00,368.0166666666666
2024-09-11 23:30:00,368.0166666666666
2024-09-12 00:00:00,369.0
2024-09-12 00:30:00,369.0
2024-09-12 01:00:00,366.0
2024-09-12 01:30:00,366.0
2024-09-12 02:00:00,362.9833333333334
2024-09-12 02:30:00,362.0
2024-09-12 03:00:00,360.9666666666668
2024-09-12 03:30:00,360.9500000000002
2024-09-12 04:00:00,358.9333333333336
2024-09-12 04:30:00,356.9333333333336
2024-09-12 05:00:00,354.9
2024-09-12 05:30:00,349.9
2024-09-12 06:00:00,347.9
2024-09-12 06:30:00,341.9333333333334
2024-09-12 07:00:00,341.0
2024-09-12 07:30:00,338.88333333333344
2024-09-12 08:00:00,316.9833333333334
2024-09-12 08:30:00,162.025181111111
2024-09-12 09:00:00,21.766666666666666
2024-09-12 09:30:00,0.0
2024-09-12 10:00:00,0.0
2024-09-12 10:30:00,0.0
2024-09-12 11:00:00,0.0
2024-09-12 11:30:00,0.0
2024-09-12 12:00:00,0.0
2024-09-12 12:30:00,0.0
2024-09-12 13:00:00,0.0
2024-09-12 13:30:00,0.0
2024-09-12 14:00:00,0.0
2024-09-12 14:30:00,0.0
2024-09-12 15:00:00,0.0
2024-09-12 15:30:00,0.0
2024-09-12 16:00:00,0.0
2024-09-12 16:30:00,0.0
2024-09-12 17:00:00,0.0
2024-09-12 17:30:00,0.0
2024-09-12 18:00:00,0.0
2024-09-12 18:30:00,0.0
2024-09-12 19:00:00,0.0
2024-09-12 19:30:00,0.0
2024-09-12 20:00:00,0.0
2024-09-12 20:30:00,0.0
2024-09-12 21:00:00,0.0
2024-09-12 21:30:00,0.0
2024-09-12 22:00:00,0.0
2024-09-12 22:30:00,0.0
2024-09-12 23:00:00,0.0
2024-09-12 23:30:00,0.0
2024-09-13 00:00:00,0.0
2024-09-13 00:30:00,0.0
2024-09-13 01:00:00,137.35000000000014
2024-09-13 01:30:00,165.9333333333334
2024-09-13 02:00:00,166.6333333333334
2024-09-13 02:30:00,144.63333333333338
2024-09-13 03:00:00,118.06666666666675
2024-09-13 03:30:00,98.8833333333334
2024-09-13 04:00:00,92.8333333333334
2024-09-13 04:30:00,82.8
2024-09-13 05:00:00,70.86666666666666
2024-09-13 05:30:00,70.08333333333334
2024-09-13 06:00:00,67.89999999999995
2024-09-13 06:30:00,61.916666666666686
2024-09-13 07:00:00,60.88333333333334
2024-09-13 07:30:00,25.5
2024-09-13 08:00:00,0.0
2024-09-13 08:30:00,0.0
2024-09-13 09:00:00,0.0
2024-09-13 09:30:00,0.0
2024-09-13 10:00:00,0.0
2024-09-13 10:30:00,0.0
2024-09-13 11:00:00,0.0
2024-09-13 11:30:00,0.0
2024-09-13 12:00:00,0.0
2024-09-13 12:30:00,0.0
2024-09-13 13:00:00,0.0
2024-09-13 13:30:00,0.0
2024-09-13 14:00:00,0.0
2024-09-13 14:30:00,0.0
2024-09-13 15:00:00,0.0
2024-09-13 15:30:00,0.0
2024-09-13 16:00:00,0.0
2024-09-13 16:30:00,0.0
2024-09-13 17:00:00,0.0
2024-09-13 17:30:00,0.0
2024-09-13 18:00:00,0.0
2024-09-13 18:30:00,0.0
2024-09-13 19:00:00,0.0
2024-09-13 19:30:00,0.0
2024-09-13 20:00:00,0.0
2024-09-13 20:30:00,0.0
2024-09-13 21:00:00,0.0
2024-09-13 21:30:00,0.0
2024-09-13 22:00:00,9.31666666666668
2024-09-13 22:30:00,35.06666666666664
2024-09-13 23:00:00,40.08333333333332
2024-09-13 23:30:00,45.04999999999998
2024-09-14 00:00:00,53.13333333333334
2024-09-14 00:30:00,61.11666666666666
2024-09-14 01:00:00,76.3
2024-09-14 01:30:00,94.3333333333334
2024-09-14 02:00:00,125.4833333333332
2024-09-14 02:30:00,154.5
2024-09-14 03:00:00,185.5166666666668
2024-09-14 03:30:00,216.5333333333334
2024-09-14 04:00:00,248.6166666666668
2024-09-14 04:30:00,285.6333333333334
2024-09-14 05:00:00,325.25
2024-09-14 05:30:00,341.2833333333332
2024-09-14 06:00:00,355.16666666666663
2024-09-14 06:30:00,366.2000000000002
2024-09-14 07:00:00,371.93333333333317
2024-09-14 07:30:00,368.95
2024-09-14 08:00:00,369.05
2024-09-14 08:30:00,372.05
2024-09-14 09:00:00,370.76666666666677
2024-09-14 09:30:00,357.76666666666677
2024-09-14 10:00:00,333.4666666666664
2024-09-14 10:30:00,0.0
2024-09-14 11:00:00,0.0
2024-09-14 11:30:00,0.0
2024-09-14 12:00:00,0.0
2024-09-14 12:30:00,0.0
2024-09-14 13:00:00,0.0
2024-09-14 13:30:00,0.0
2024-09-14 14:00:00,0.0
2024-09-14 14:30:00,0.0
2024-09-14 15:00:00,0.0
2024-09-14 15:30:00,0.0
2024-09-14 16:00:00,23.55
2024-09-14 16:30:00,410.8277777777778
2024-09-14 17:00:00,392.4666666666664
2024-09-14 17:30:00,422.0333333333332
2024-09-14 18:00:00,424.0666666666666
2024-09-14 18:30:00,428.0666666666666
2024-09-14 19:00:00,432.0
2024-09-14 19:30:00,432.0
2024-09-14 20:00:00,431.9666666666666
2024-09-14 20:30:00,429.9333333333334
2024-09-14 21:00:00,444.14338277777784
2024-09-14 21:30:00,420.93333333333317
2024-09-14 22:00:00,418.05
2024-09-14 22:30:00,422.0666666666666
2024-09-14 23:00:00,426.05
2024-09-14 23:30:00,429.0333333333332
2024-09-15 00:00:00,427.0166666666668
2024-09-15 00:30:00,428.0166666666666
2024-09-15 01:00:00,429.0
2024-09-15 01:30:00,428.9833333333334
2024-09-15 02:00:00,429.0
2024-09-15 02:30:00,429.0
2024-09-15 03:00:00,430.0
2024-09-15 03:30:00,430.0
2024-09-15 04:00:00,425.0
2024-09-15 04:30:00,425.0
2024-09-15 05:00:00,422.9333333333334
2024-09-15 05:30:00,417.95
2024-09-15 06:00:00,413.7333333333334
2024-09-15 06:30:00,397.7666666666666
2024-09-15 07:00:00,385.6333333333334
2024-09-15 07:30:00,364.6333333333334
2024-09-15 08:00:00,330.7333333333334
2024-09-15 08:30:00,287.5499999999998
2024-09-15 09:00:00,115.90000000000006
2024-09-15 09:30:00,0.0
2024-09-15 10:00:00,0.0
2024-09-15 10:30:00,0.0
2024-09-15 11:00:00,0.0
2024-09-15 11:30:00,0.0
2024-09-15 12:00:00,0.0
2024-09-15 12:30:00,63.5166666666666
2024-09-15 13:00:00,94.8166666666666
2024-09-15 13:30:00,160.7666666666666
2024-09-15 14:00:00,152.21666666666658
2024-09-15 14:30:00,164.1999999999998
2024-09-15 15:00:00,175.8499999999998
2024-09-15 15:30:00,166.8499999999998
2024-09-15 16:00:00,157.7333333333334
2024-09-15 16:30:00,141.7166666666668
2024-09-15 17:00:00,120.8333333333332
2024-09-15 17:30:00,110.8833333333334
2024-09-15 18:00:00,91.28333333333346
2024-09-15 18:30:00,26.283333333333342
2024-09-15 19:00:00,0.0
2024-09-15 19:30:00,0.0
2024-09-15 20:00:00,0.0
2024-09-15 20:30:00,0.0
2024-09-15 21:00:00,0.0
2024-09-15 21:30:00,0.0
2024-09-15 22:00:00,0.0
2024-09-15 22:30:00,0.0
2024-09-15 23:00:00,0.0
2024-09-15 23:30:00,0.0
2024-09-16 00:00:00,0.0
2024-09-16 00:30:00,0.0
2024-09-16 01:00:00,0.0
2024-09-16 01:30:00,0.0
2024-09-16 02:00:00,0.0
2024-09-16 02:30:00,0.0
2024-09-16 03:00:00,0.0
2024-09-16 03:30:00,0.0
2024-09-16 04:00:00,0.0
2024-09-16 04:30:00,0.0
2024-09-16 05:00:00,0.0
2024-09-16 05:30:00,0.0
2024-09-16 06:00:00,0.0
2024-09-16 06:30:00,0.0
2024-09-16 07:00:00,0.0
2024-09-16 07:30:00,0.0
2024-09-16 08:00:00,0.0
2024-09-16 08:30:00,0.0
2024-09-16 09:00:00,0.0
2024-09-16 09:30:00,0.0
2024-09-16 10:00:00,0.0
2024-09-16 10:30:00,0.0
2024-09-16 11:00:00,0.0
2024-09-16 11:30:00,0.0
2024-09-16 12:00:00,0.0
2024-09-16 12:30:00,0.0
2024-09-16 13:00:00,0.0
2024-09-16 13:30:00,0.0
2024-09-16 14:00:00,0.0
2024-09-16 14:30:00,0.0
2024-09-16 15:00:00,0.0
2024-09-16 15:30:00,0.0
2024-09-16 16:00:00,0.0
2024-09-16 16:30:00,0.0
2024-09-16 17:00:00,0.0
2024-09-16 17:30:00,0.0
2024-09-16 18:00:00,0.0
2024-09-16 18:30:00,0.0
2024-09-16 19:00:00,0.0
2024-09-16 19:30:00,0.0
2024-09-16 20:00:00,0.0
2024-09-16 20:30:00,0.0
2024-09-16 21:00:00,0.0
2024-09-16 21:30:00,0.0
2024-09-16 22:00:00,0.0
2024-09-16 22:30:00,0.0
2024-09-16 23:00:00,0.0
2024-09-16 23:30:00,0.0
2024-09-17 00:00:00,0.0
2024-09-17 00:30:00,0.0
2024-09-17 01:00:00,0.0
2024-09-17 01:30:00,0.0
2024-09-17 02:00:00,19.73333333333334
2024-09-17 02:30:00,134.53333333333325
2024-09-17 03:00:00,238.9833333333334
2024-09-17 03:30:00,238.0
2024-09-17 04:00:00,237.1666666666668
2024-09-17 04:30:00,244.1666666666668
2024-09-17 05:00:00,252.0833333333332
2024-09-17 05:30:00,197.85
2024-09-17 06:00:00,125.4166666666666
2024-09-17 06:30:00,40.0
2024-09-17 07:00:00,0.0
2024-09-17 07:30:00,0.0
2024-09-17 08:00:00,0.0
2024-09-17 08:30:00,0.0
2024-09-17 09:00:00,0.0
2024-09-17 09:30:00,0.0
2024-09-17 10:00:00,0.0
2024-09-17 10:30:00,0.0
2024-09-17 11:00:00,0.0
2024-09-17 11:30:00,0.0
2024-09-17 12:00:00,0.0
2024-09-17 12:30:00,0.0
2024-09-17 13:00:00,0.0
2024-09-17 13:30:00,0.0
2024-09-17 14:00:00,0.0
2024-09-17 14:30:00,0.0
2024-09-17 15:00:00,0.0
2024-09-17 15:30:00,0.0
2024-09-17 16:00:00,0.0
2024-09-17 16:30:00,0.0
2024-09-17 17:00:00,0.0
2024-09-17 17:30:00,0.0
2024-09-17 18:00:00,0.0
2024-09-17 18:30:00,0.0
2024-09-17 19:00:00,0.0
2024-09-17 19:30:00,0.0
2024-09-17 20:00:00,0.0
2024-09-17 20:30:00,0.0
2024-09-17 21:00:00,0.0
2024-09-17 21:30:00,0.0
2024-09-17 22:00:00,0.0
2024-09-17 22:30:00,0.0
2024-09-17 23:00:00,0.0
2024-09-17 23:30:00,0.0
2024-09-18 00:00:00,0.0
2024-09-18 00:30:00,0.0
2024-09-18 01:00:00,0.0
2024-09-18 01:30:00,0.0
2024-09-18 02:00:00,0.0
2024-09-18 02:30:00,0.0
2024-09-18 03:00:00,0.0
2024-09-18 03:30:00,0.0
2024-09-18 04:00:00,0.0
2024-09-18 04:30:00,0.0
2024-09-18 05:00:00,0.0
2024-09-18 05:30:00,0.0
2024-09-18 06:00:00,0.0
2024-09-18 06:30:00,0.0
2024-09-18 07:00:00,0.0
2024-09-18 07:30:00,0.0
2024-09-18 08:00:00,0.0
2024-09-18 08:30:00,0.0
2024-09-18 09:00:00,0.0
2024-09-18 09:30:00,0.0
2024-09-18 10:00:00,0.0
2024-09-18 10:30:00,0.0
2024-09-18 11:00:00,0.0
2024-09-18 11:30:00,0.0
2024-09-18 12:00:00,0.0
2024-09-18 12:30:00,0.0
2024-09-18 13:00:00,0.0
2024-09-18 13:30:00,0.0
2024-09-18 14:00:00,0.0
2024-09-18 14:30:00,0.0
2024-09-18 15:00:00,0.0
2024-09-18 15:30:00,0.0
2024-09-18 16:00:00,0.0
2024-09-18 16:30:00,0.0
2024-09-18 17:00:00,0.0
2024-09-18 17:30:00,0.0
2024-09-18 18:00:00,0.0
2024-09-18 18:30:00,0.0
2024-09-18 19:00:00,0.0
2024-09-18 19:30:00,0.0
2024-09-18 20:00:00,0.0
2024-09-18 20:30:00,0.0
2024-09-18 21:00:00,0.0
2024-09-18 21:30:00,0.0
2024-09-18 22:00:00,0.0
2024-09-18 22:30:00,0.0
2024-09-18 23:00:00,0.0
2024-09-18 23:30:00,0.0
2024-09-19 00:00:00,0.0
2024-09-19 00:30:00,0.0
2024-09-19 01:00:00,0.0
2024-09-19 01:30:00,0.0
2024-09-19 02:00:00,0.0
2024-09-19 02:30:00,0.0
2024-09-19 03:00:00,0.0
2024-09-19 03:30:00,0.0
2024-09-19 04:00:00,0.0
2024-09-19 04:30:00,0.0
2024-09-19 05:00:00,0.0
2024-09-19 05:30:00,0.0
2024-09-19 06:00:00,0.0
2024-09-19 06:30:00,0.0
2024-09-19 07:00:00,0.0
2024-09-19 07:30:00,0.0
2024-09-19 08:00:00,0.0
2024-09-19 08:30:00,0.0
2024-09-19 09:00:00,0.0
2024-09-19 09:30:00,0.0
2024-09-19 10:00:00,0.0
2024-09-19 10:30:00,0.0
2024-09-19 11:00:00,0.0
2024-09-19 11:30:00,0.0
2024-09-19 12:00:00,0.0
2024-09-19 12:30:00,0.0
2024-09-19 13:00:00,0.0
2024-09-19 13:30:00,0.0
2024-09-19 14:00:00,0.0
2024-09-19 14:30:00,0.0
2024-09-19 15:00:00,0.0
2024-09-19 15:30:00,0.0
2024-09-19 16:00:00,0.0
2024-09-19 16:30:00,0.0
2024-09-19 17:00:00,0.0
2024-09-19 17:30:00,0.0
2024-09-19 18:00:00,0.0
2024-09-19 18:30:00,0.0
2024-09-19 19:00:00,0.0
2024-09-19 19:30:00,0.0
2024-09-19 20:00:00,0.0
2024-09-19 20:30:00,0.0
2024-09-19 21:00:00,0.0
2024-09-19 21:30:00,0.0
2024-09-19 22:00:00,0.0
2024-09-19 22:30:00,0.0
2024-09-19 23:00:00,0.0
2024-09-19 23:30:00,0.0
2024-09-20 00:00:00,0.0
2024-09-20 00:30:00,0.0
2024-09-20 01:00:00,0.0
2024-09-20 01:30:00,0.0
2024-09-20 02:00:00,0.0
2024-09-20 02:30:00,0.0
2024-09-20 03:00:00,0.0
2024-09-20 03:30:00,0.0
2024-09-20 04:00:00,0.0
2024-09-20 04:30:00,0.0
2024-09-20 05:00:00,0.0
2024-09-20 05:30:00,0.0
2024-09-20 06:00:00,0.0
2024-09-20 06:30:00,0.0
2024-09-20 07:00:00,0.0
2024-09-20 07:30:00,0.0
2024-09-20 08:00:00,0.0
2024-09-20 08:30:00,0.0
2024-09-20 09:00:00,0.0
2024-09-20 09:30:00,0.0
2024-09-20 10:00:00,0.0
2024-09-20 10:30:00,0.0
2024-09-20 11:00:00,0.0
2024-09-20 11:30:00,0.0
2024-09-20 12:00:00,0.0
2024-09-20 12:30:00,0.0
2024-09-20 13:00:00,0.0
2024-09-20 13:30:00,0.0
2024-09-20 14:00:00,0.0
2024-09-20 14:30:00,0.0
2024-09-20 15:00:00,0.0
2024-09-20 15:30:00,0.0
2024-09-20 16:00:00,0.0
2024-09-20 16:30:00,0.0
2024-09-20 17:00:00,0.0
2024-09-20 17:30:00,0.0
2024-09-20 18:00:00,0.0
2024-09-20 18:30:00,0.0
2024-09-20 19:00:00,0.0
2024-09-20 19:30:00,0.0
2024-09-20 20:00:00,0.0
2024-09-20 20:30:00,0.0
2024-09-20 21:00:00,0.0
2024-09-20 21:30:00,0.0
2024-09-20 22:00:00,0.0
2024-09-20 22:30:00,0.0
2024-09-20 23:00:00,0.0
2024-09-20 23:30:00,0.0
2024-09-21 00:00:00,0.0
2024-09-21 00:30:00,0.0
2024-09-21 01:00:00,0.0
2024-09-21 01:30:00,0.0
2024-09-21 02:00:00,0.0
2024-09-21 02:30:00,0.0
2024-09-21 03:00:00,0.0
2024-09-21 03:30:00,0.0
2024-09-21 04:00:00,0.0
2024-09-21 04:30:00,0.0
2024-09-21 05:00:00,0.0
2024-09-21 05:30:00,0.0
2024-09-21 06:00:00,0.0
2024-09-21 06:30:00,0.0
2024-09-21 07:00:00,0.0
2024-09-21 07:30:00,0.0
2024-09-21 08:00:00,0.0
2024-09-21 08:30:00,0.0
2024-09-21 09:00:00,0.0
2024-09-21 09:30:00,0.0
2024-09-21 10:00:00,0.0
2024-09-21 10:30:00,0.0
2024-09-21 11:00:00,0.0
2024-09-21 11:30:00,0.0
2024-09-21 12:00:00,0.0
2024-09-21 12:30:00,0.0
2024-09-21 13:00:00,0.0
2024-09-21 13:30:00,0.0
2024-09-21 14:00:00,0.0
2024-09-21 14:30:00,0.0
2024-09-21 15:00:00,0.0
2024-09-21 15:30:00,0.0
2024-09-21 16:00:00,0.0
2024-09-21 16:30:00,0.0
2024-09-21 17:00:00,0.0
2024-09-21 17:30:00,0.0
2024-09-21 18:00:00,0.0
2024-09-21 18:30:00,0.0
2024-09-21 19:00:00,0.0
2024-09-21 19:30:00,0.0
2024-09-21 20:00:00,0.0
2024-09-21 20:30:00,0.0
2024-09-21 21:00:00,0.0
2024-09-21 21:30:00,0.0
2024-09-21 22:00:00,0.0
2024-09-21 22:30:00,0.0
2024-09-21 23:00:00,0.0
2024-09-21 23:30:00,0.0
2024-09-22 00:00:00,0.0
2024-09-22 00:30:00,0.0
2024-09-22 01:00:00,0.0
2024-09-22 01:30:00,0.0
2024-09-22 02:00:00,0.0
2024-09-22 02:30:00,0.0
2024-09-22 03:00:00,0.0
2024-09-22 03:30:00,0.0
2024-09-22 04:00:00,0.0
2024-09-22 04:30:00,0.0
2024-09-22 05:00:00,0.0
2024-09-22 05:30:00,0.0
2024-09-22 06:00:00,0.0
2024-09-22 06:30:00,0.0
2024-09-22 07:00:00,0.0
2024-09-22 07:30:00,0.0
2024-09-22 08:00:00,0.0
2024-09-22 08:30:00,0.0
2024-09-22 09:00:00,0.0
2024-09-22 09:30:00,0.0
2024-09-22 10:00:00,0.0
2024-09-22 10:30:00,0.0
2024-09-22 11:00:00,0.0
2024-09-22 11:30:00,0.0
2024-09-22 12:00:00,0.0
2024-09-22 12:30:00,0.0
2024-09-22 13:00:00,0.0
2024-09-22 13:30:00,0.0
2024-09-22 14:00:00,0.0
2024-09-22 14:30:00,0.0
2024-09-22 15:00:00,0.0
2024-09-22 15:30:00,0.0
2024-09-22 16:00:00,0.0
2024-09-22 16:30:00,0.0
2024-09-22 17:00:00,0.0
2024-09-22 17:30:00,0.0
2024-09-22 18:00:00,0.0
2024-09-22 18:30:00,0.0
2024-09-22 19:00:00,0.0
2024-09-22 19:30:00,0.0
2024-09-22 20:00:00,0.0
2024-09-22 20:30:00,0.0
2024-09-22 21:00:00,0.0
2024-09-22 21:30:00,0.0
2024-09-22 22:00:00,0.0
2024-09-22 22:30:00,0.0
2024-09-22 23:00:00,0.0
2024-09-22 23:30:00,0.0
2024-09-23 00:00:00,0.0
2024-09-23 00:30:00,0.0
2024-09-23 01:00:00,0.0
2024-09-23 01:30:00,0.0
2024-09-23 02:00:00,0.0
2024-09-23 02:30:00,0.0
2024-09-23 03:00:00,0.0
2024-09-23 03:30:00,0.0
2024-09-23 04:00:00,0.0
2024-09-23 04:30:00,0.0
2024-09-23 05:00:00,0.0
2024-09-23 05:30:00,0.0
2024-09-23 06:00:00,0.0
2024-09-23 06:30:00,0.0
2024-09-23 07:00:00,0.0
2024-09-23 07:30:00,0.0
2024-09-23 08:00:00,0.0
2024-09-23 08:30:00,0.0
2024-09-23 09:00:00,0.0
2024-09-23 09:30:00,0.0
2024-09-23 10:00:00,0.0
2024-09-23 10:30:00,0.0
2024-09-23 11:00:00,0.0
2024-09-23 11:30:00,0.0
2024-09-23 12:00:00,0.0
2024-09-23 12:30:00,0.0
2024-09-23 13:00:00,0.0
2024-09-23 13:30:00,0.0
2024-09-23 14:00:00,0.0
2024-09-23 14:30:00,0.0
2024-09-23 15:00:00,0.0
2024-09-23 15:30:00,0.0
2024-09-23 16:00:00,0.0
2024-09-23 16:30:00,0.0
2024-09-23 17:00:00,0.0
2024-09-23 17:30:00,0.0
2024-09-23 18:00:00,0.0
2024-09-23 18:30:00,0.0
2024-09-23 19:00:00,0.0
2024-09-23 19:30:00,0.0
2024-09-23 20:00:00,0.0
2024-09-23 20:30:00,0.0
2024-09-23 21:00:00,0.0
2024-09-23 21:30:00,0.0
2024-09-23 22:00:00,0.0
2024-09-23 22:30:00,0.0
2024-09-23 23:00:00,0.0
2024-09-23 23:30:00,0.0
2024-09-24 00:00:00,0.0
2024-09-24 00:30:00,0.0
2024-09-24 01:00:00,0.0
2024-09-24 01:30:00,0.0
2024-09-24 02:00:00,0.0
2024-09-24 02:30:00,0.0
2024-09-24 03:00:00,0.0
2024-09-24 03:30:00,0.0
2024-09-24 04:00:00,0.0
2024-09-24 04:30:00,0.0
2024-09-24 05:00:00,0.0
2024-09-24 05:30:00,0.0
2024-09-24 06:00:00,0.0
2024-09-24 06:30:00,139.61666666666662
2024-09-24 07:00:00,196.7666666666666
2024-09-24 07:30:00,183.7833333333332
2024-09-24 08:00:00,218.78333333333342
2024-09-24 08:30:00,205.78333333333342
2024-09-24 09:00:00,194.78333333333342
2024-09-24 09:30:00,182.8
2024-09-24 10:00:00,174.7
2024-09-24 10:30:00,176.6833333333332
2024-09-24 11:00:00,191.7500000000002
2024-09-24 11:30:00,176.76666666666682
2024-09-24 12:00:00,158.88333333333338
2024-09-24 12:30:00,150.8333333333332
2024-09-24 13:00:00,107.1666666666666
2024-09-24 13:30:00,93.99999999999994
2024-09-24 14:00:00,114.4000000000002
2024-09-24 14:30:00,138.0833333333334
2024-09-24 15:00:00,143.95
2024-09-24 15:30:00,140.95
2024-09-24 16:00:00,140.0666666666666
2024-09-24 16:30:00,144.10000000000002
2024-09-24 17:00:00,137.88333333333338
2024-09-24 17:30:00,21.85
2024-09-24 18:00:00,0.0
2024-09-24 18:30:00,0.0
2024-09-24 19:00:00,0.0
2024-09-24 19:30:00,0.0
2024-09-24 20:00:00,0.0
2024-09-24 20:30:00,0.0
2024-09-24 21:00:00,0.0
2024-09-24 21:30:00,0.0
2024-09-24 22:00:00,0.0
2024-09-24 22:30:00,0.0
2024-09-24 23:00:00,0.0
2024-09-24 23:30:00,0.0
2024-09-25 00:00:00,0.0
2024-09-25 00:30:00,0.0
2024-09-25 01:00:00,0.0
2024-09-25 01:30:00,0.0
2024-09-25 02:00:00,0.0
2024-09-25 02:30:00,0.0
2024-09-25 03:00:00,0.0
2024-09-25 03:30:00,0.0
2024-09-25 04:00:00,0.0
2024-09-25 04:30:00,0.0
2024-09-25 05:00:00,0.0
2024-09-25 05:30:00,0.0
2024-09-25 06:00:00,0.0
2024-09-25 06:30:00,0.0
2024-09-25 07:00:00,0.0
2024-09-25 07:30:00,0.0
2024-09-25 08:00:00,0.0
2024-09-25 08:30:00,0.0
2024-09-25 09:00:00,0.0
2024-09-25 09:30:00,0.0
2024-09-25 10:00:00,0.0
2024-09-25 10:30:00,0.0
2024-09-25 11:00:00,0.0
2024-09-25 11:30:00,0.0
2024-09-25 12:00:00,0.0
2024-09-25 12:30:00,0.0
2024-09-25 13:00:00,0.0
2024-09-25 13:30:00,0.0
2024-09-25 14:00:00,0.0
2024-09-25 14:30:00,0.0
2024-09-25 15:00:00,0.0
2024-09-25 15:30:00,0.0
2024-09-25 16:00:00,0.0
2024-09-25 16:30:00,0.0
2024-09-25 17:00:00,0.0
2024-09-25 17:30:00,0.0
2024-09-25 18:00:00,0.0
2024-09-25 18:30:00,0.0
2024-09-25 19:00:00,0.0
2024-09-25 19:30:00,0.0
2024-09-25 20:00:00,0.0
2024-09-25 20:30:00,0.0
2024-09-25 21:00:00,0.0
2024-09-25 21:30:00,0.0
2024-09-25 22:00:00,0.0
2024-09-25 22:30:00,0.0
2024-09-25 23:00:00,0.0
2024-09-25 23:30:00,0.0
2024-09-26 00:00:00,0.0
2024-09-26 00:30:00,0.0
2024-09-26 01:00:00,0.0
2024-09-26 01:30:00,0.0
2024-09-26 02:00:00,14.83333333333334
2024-09-26 02:30:00,32.01666666666666
2024-09-26 03:00:00,35.98333333333334
2024-09-26 03:30:00,35.95000000000002
2024-09-26 04:00:00,34.0
2024-09-26 04:30:00,33.98333333333334
2024-09-26 05:00:00,29.41666666666666
2024-09-26 05:30:00,26.0
2024-09-26 06:00:00,25.083333333333343
2024-09-26 06:30:00,40.85
2024-09-26 07:00:00,53.36666666666666
2024-09-26 07:30:00,76.39999999999995
2024-09-26 08:00:00,132.43333333333322
2024-09-26 08:30:00,158.3833333333332
2024-09-26 09:00:00,184.7500000000002
2024-09-26 09:30:00,229.7666666666668
2024-09-26 10:00:00,243.5833333333334
2024-09-26 10:30:00,231.0666666666666
2024-09-26 11:00:00,269.0833333333332
2024-09-26 11:30:00,277.9166666666668
2024-09-26 12:00:00,290.0499999999998
2024-09-26 12:30:00,293.0333333333332
2024-09-26 13:00:00,296.2166666666666
2024-09-26 13:30:00,308.1666666666666
2024-09-26 14:00:00,322.3666666666666
2024-09-26 14:30:00,345.3666666666668
2024-09-26 15:00:00,364.1333333333334
2024-09-26 15:30:00,371.15
2024-09-26 16:00:00,377.0000000000002
2024-09-26 16:30:00,378.0333333333334
2024-09-26 17:00:00,376.0833333333332
2024-09-26 17:30:00,382.0999999999998
2024-09-26 18:00:00,386.93333333333317
2024-09-26 18:30:00,383.9666666666668
2024-09-26 19:00:00,379.7833333333334
2024-09-26 19:30:00,369.8666666666666
2024-09-26 20:00:00,366.8999999999998
2024-09-26 20:30:00,360.8999999999998
2024-09-26 21:00:00,354.6333333333334
2024-09-26 21:30:00,332.6500000000002
2024-09-26 22:00:00,311.9500000000002
2024-09-26 22:30:00,309.91666666666663
2024-09-26 23:00:00,305.9833333333334
2024-09-26 23:30:00,305.9666666666668
2024-09-27 00:00:00,308.8333333333332
2024-09-27 00:30:00,300.85
2024-09-27 01:00:00,313.88333333333344
2024-09-27 01:30:00,306.8833333333332
2024-09-27 02:00:00,310.91666666666663
2024-09-27 02:30:00,305.9333333333334
2024-09-27 03:00:00,301.9666666666668
2024-09-27 03:30:00,285.5833333333334
2024-09-27 04:00:00,223.9833333333334
2024-09-27 04:30:00,223.0
2024-09-27 05:00:00,294.6999999999998
2024-09-27 05:30:00,304.0333333333332
2024-09-27 06:00:00,307.0499999999998
2024-09-27 06:30:00,310.0499999999998
2024-09-27 07:00:00,313.0833333333332
2024-09-27 07:30:00,320.11666666666656
2024-09-27 08:00:00,331.0
2024-09-27 08:30:00,331.0333333333332
2024-09-27 09:00:00,332.1833333333334
2024-09-27 09:30:00,343.15
2024-09-27 10:00:00,350.95
2024-09-27 10:30:00,347.9666666666668
2024-09-27 11:00:00,344.2
2024-09-27 11:30:00,357.2166666666668
2024-09-27 12:00:00,379.11666666666656
2024-09-27 12:30:00,386.1333333333334
2024-09-27 13:00:00,408.9666666666668
2024-09-27 13:30:00,406.9833333333334
2024-09-27 14:00:00,407.0333333333332
2024-09-27 14:30:00,409.0333333333332
2024-09-27 15:00:00,413.0166666666666
2024-09-27 15:30:00,415.0166666666666
2024-09-27 16:00:00,416.9500000000002
2024-09-27 16:30:00,414.9833333333334
2024-09-27 17:00:00,414.9833333333334
2024-09-27 17:30:00,413.9833333333334
2024-09-27 18:00:00,415.9333333333336
2024-09-27 18:30:00,411.9500000000002
2024-09-27 19:00:00,410.9333333333334
2024-09-27 19:30:00,339.6833333333334
2024-09-27 20:00:00,308.9500000000002
2024-09-27 20:30:00,306.0
2024-09-27 21:00:00,305.9
2024-09-27 21:30:00,301.9
2024-09-27 22:00:00,298.9666666666668
2024-09-27 22:30:00,296.95
2024-09-27 23:00:00,298.0166666666666
2024-09-27 23:30:00,300.0
2024-09-28 00:00:00,306.08333333333337
2024-09-28 00:30:00,365.3333333333332
2024-09-28 01:00:00,406.0333333333332
2024-09-28 01:30:00,407.0166666666666
2024-09-28 02:00:00,416.56666666666683
2024-09-28 02:30:00,416.0
2024-09-28 03:00:00,415.9166666666668
2024-09-28 03:30:00,410.9333333333336
2024-09-28 04:00:00,409.9500000000002
2024-09-28 04:30:00,406.9500000000002
2024-09-28 05:00:00,407.83333333333337
2024-09-28 05:30:00,397.8666666666668
2024-09-28 06:00:00,383.5083333333332
2024-09-28 06:30:00,133.61666666666673
2024-09-28 07:00:00,0.591666666666666
2024-09-28 07:30:00,0.0
2024-09-28 08:00:00,0.0
2024-09-28 08:30:00,0.0
2024-09-28 09:00:00,0.0
2024-09-28 09:30:00,0.0
2024-09-28 10:00:00,0.0
2024-09-28 10:30:00,0.0
2024-09-28 11:00:00,0.0
2024-09-28 11:30:00,0.0
2024-09-28 12:00:00,0.0
2024-09-28 12:30:00,0.0
2024-09-28 13:00:00,0.0
2024-09-28 13:30:00,0.0
2024-09-28 14:00:00,0.0
2024-09-28 14:30:00,0.0
2024-09-28 15:00:00,0.0
2024-09-28 15:30:00,0.0
2024-09-28 16:00:00,0.0
2024-09-28 16:30:00,0.0
2024-09-28 17:00:00,0.0
2024-09-28 17:30:00,0.0
2024-09-28 18:00:00,0.0
2024-09-28 18:30:00,0.0
2024-09-28 19:00:00,0.0
2024-09-28 19:30:00,0.0
2024-09-28 20:00:00,0.0
2024-09-28 20:30:00,0.0
2024-09-28 21:00:00,0.0
2024-09-28 21:30:00,0.0
2024-09-28 22:00:00,0.0
2024-09-28 22:30:00,0.0
2024-09-28 23:00:00,0.0
2024-09-28 23:30:00,0.0
2024-09-29 00:00:00,0.0
2024-09-29 00:30:00,0.0
2024-09-29 01:00:00,0.0
2024-09-29 01:30:00,0.0
2024-09-29 02:00:00,0.0
2024-09-29 02:30:00,0.0
2024-09-29 03:00:00,0.0
2024-09-29 03:30:00,0.0
2024-09-29 04:00:00,0.0
2024-09-29 04:30:00,0.0
2024-09-29 05:00:00,0.0
2024-09-29 05:30:00,0.0
2024-09-29 06:00:00,0.0
2024-09-29 06:30:00,0.0
2024-09-29 07:00:00,0.0
2024-09-29 07:30:00,0.0
2024-09-29 08:00:00,0.0
2024-09-29 08:30:00,0.0
2024-09-29 09:00:00,0.0
2024-09-29 09:30:00,0.0
2024-09-29 10:00:00,0.0
2024-09-29 10:30:00,0.0
2024-09-29 11:00:00,0.0
2024-09-29 11:30:00,0.0
2024-09-29 12:00:00,0.0
2024-09-29 12:30:00,0.0
2024-09-29 13:00:00,0.0
2024-09-29 13:30:00,0.0
2024-09-29 14:00:00,0.0
2024-09-29 14:30:00,0.0
2024-09-29 15:00:00,0.0
2024-09-29 15:30:00,0.0
2024-09-29 16:00:00,0.0
2024-09-29 16:30:00,0.0
2024-09-29 17:00:00,0.0
2024-09-29 17:30:00,0.0
2024-09-29 18:00:00,0.0
2024-09-29 18:30:00,0.0
2024-09-29 19:00:00,0.0
2024-09-29 19:30:00,0.0
2024-09-29 20:00:00,0.0
2024-09-29 20:30:00,0.0
2024-09-29 21:00:00,0.0
2024-09-29 21:30:00,0.0
2024-09-29 22:00:00,0.0
2024-09-29 22:30:00,0.0
2024-09-29 23:00:00,0.0
2024-09-29 23:30:00,0.0
2024-09-30 00:00:00,23.05
2024-09-30 00:30:00,141.0333333333332
2024-09-30 01:00:00,163.10000000000002
2024-09-30 01:30:00,169.0833333333334
2024-09-30 02:00:00,141.7666666666666
2024-09-30 02:30:00,5.4
2024-09-30 03:00:00,0.0
2024-09-30 03:30:00,0.0
2024-09-30 04:00:00,0.0
2024-09-30 04:30:00,0.0
2024-09-30 05:00:00,0.0
2024-09-30 05:30:00,0.0
2024-09-30 06:00:00,0.0
2024-09-30 06:30:00,0.0
2024-09-30 07:00:00,0.0
2024-09-30 07:30:00,0.0
2024-09-30 08:00:00,0.0
2024-09-30 08:30:00,0.0
2024-09-30 09:00:00,0.0
2024-09-30 09:30:00,0.0
2024-09-30 10:00:00,0.0
2024-09-30 10:30:00,0.0
2024-09-30 11:00:00,0.0
2024-09-30 11:30:00,0.0
2024-09-30 12:00:00,0.0
2024-09-30 12:30:00,0.0
2024-09-30 13:00:00,0.0
2024-09-30 13:30:00,0.0
2024-09-30 14:00:00,0.0
2024-09-30 14:30:00,0.0
2024-09-30 15:00:00,0.0
2024-09-30 15:30:00,0.0
2024-09-30 16:00:00,0.0
2024-09-30 16:30:00,0.0
2024-09-30 17:00:00,0.0
2024-09-30 17:30:00,0.0
2024-09-30 18:00:00,0.0
2024-09-30 18:30:00,0.0
2024-09-30 19:00:00,0.0
2024-09-30 19:30:00,0.0
2024-09-30 20:00:00,0.0
2024-09-30 20:30:00,0.0
2024-09-30 21:00:00,0.0
2024-09-30 21:30:00,0.0
2024-09-30 22:00:00,0.0
2024-09-30 22:30:00,0.0
2024-09-30 23:00:00,0.0
2024-09-30 23:30:00,0.0
2024-10-01 00:00:00,0.0
2024-10-01 00:30:00,0.0
2024-10-01 01:00:00,0.0
2024-10-01 01:30:00,0.0
2024-10-01 02:00:00,0.0
2024-10-01 02:30:00,0.0
2024-10-01 03:00:00,0.0
2024-10-01 03:30:00,0.0
2024-10-01 04:00:00,0.0
2024-10-01 04:30:00,0.0
2024-10-01 05:00:00,0.0
2024-10-01 05:30:00,0.0
2024-10-01 06:00:00,0.0
2024-10-01 06:30:00,0.0
2024-10-01 07:00:00,0.0
2024-10-01 07:30:00,0.0
2024-10-01 08:00:00,0.0
2024-10-01 08:30:00,0.0
2024-10-01 09:00:00,0.0
2024-10-01 09:30:00,0.0
2024-10-01 10:00:00,0.0
2024-10-01 10:30:00,0.0
2024-10-01 11:00:00,0.0
2024-10-01 11:30:00,0.0
2024-10-01 12:00:00,0.0
2024-10-01 12:30:00,0.0
2024-10-01 13:00:00,0.0
2024-10-01 13:30:00,0.0
2024-10-01 14:00:00,0.0
2024-10-01 14:30:00,0.0
2024-10-01 15:00:00,0.0
2024-10-01 15:30:00,0.0
2024-10-01 16:00:00,0.0
2024-10-01 16:30:00,0.0
2024-10-01 17:00:00,0.0
2024-10-01 17:30:00,0.0
2024-10-01 18:00:00,0.0
2024-10-01 18:30:00,0.0
2024-10-01 19:00:00,0.0
2024-10-01 19:30:00,0.0
2024-10-01 20:00:00,0.0
2024-10-01 20:30:00,0.0
2024-10-01 21:00:00,0.0
2024-10-01 21:30:00,0.0
2024-10-01 22:00:00,0.0
2024-10-01 22:30:00,0.0
2024-10-01 23:00:00,0.0
2024-10-01 23:30:00,0.0
2024-10-02 00:00:00,0.0
2024-10-02 00:30:00,0.0
2024-10-02 01:00:00,0.0
2024-10-02 01:30:00,0.0
2024-10-02 02:00:00,0.0
2024-10-02 02:30:00,0.0
2024-10-02 03:00:00,0.0
2024-10-02 03:30:00,0.0
2024-10-02 04:00:00,0.0
2024-10-02 04:30:00,0.0
2024-10-02 05:00:00,0.0
2024-10-02 05:30:00,0.0
2024-10-02 06:00:00,0.0
2024-10-02 06:30:00,0.0
2024-10-02 07:00:00,0.0
2024-10-02 07:30:00,0.0
2024-10-02 08:00:00,0.0
2024-10-02 08:30:00,0.0
2024-10-02 09:00:00,0.0
2024-10-02 09:30:00,0.0
2024-10-02 10:00:00,0.0
2024-10-02 10:30:00,0.0
2024-10-02 11:00:00,0.0
2024-10-02 11:30:00,0.0
2024-10-02 12:00:00,0.0
2024-10-02 12:30:00,0.0
2024-10-02 13:00:00,0.0
2024-10-02 13:30:00,0.0
2024-10-02 14:00:00,0.0
2024-10-02 14:30:00,0.0
2024-10-02 15:00:00,0.0
2024-10-02 15:30:00,0.0
2024-10-02 16:00:00,0.0
2024-10-02 16:30:00,0.0
2024-10-02 17:00:00,0.0
2024-10-02 17:30:00,0.0
2024-10-02 18:00:00,0.0
2024-10-02 18:30:00,0.0
2024-10-02 19:00:00,0.0
2024-10-02 19:30:00,0.0
2024-10-02 20:00:00,0.0
2024-10-02 20:30:00,0.0
2024-10-02 21:00:00,0.0
2024-10-02 21:30:00,0.0
2024-10-02 22:00:00,0.0
2024-10-02 22:30:00,0.0
2024-10-02 23:00:00,0.0
2024-10-02 23:30:00,0.0
2024-10-03 00:00:00,0.0
2024-10-03 00:30:00,0.0
2024-10-03 01:00:00,0.0
2024-10-03 01:30:00,0.0
2024-10-03 02:00:00,0.0
2024-10-03 02:30:00,0.0
2024-10-03 03:00:00,0.0
2024-10-03 03:30:00,0.0
2024-10-03 04:00:00,0.0
2024-10-03 04:30:00,0.0
2024-10-03 05:00:00,0.0
2024-10-03 05:30:00,0.0
2024-10-03 06:00:00,0.0
2024-10-03 06:30:00,0.0
2024-10-03 07:00:00,0.0
2024-10-03 07:30:00,0.0
2024-10-03 08:00:00,0.0
2024-10-03 08:30:00,0.0
2024-10-03 09:00:00,0.0
2024-10-03 09:30:00,0.0
2024-10-03 10:00:00,0.0
2024-10-03 10:30:00,0.0
2024-10-03 11:00:00,0.0
2024-10-03 11:30:00,0.0
2024-10-03 12:00:00,0.0
2024-10-03 12:30:00,0.0
2024-10-03 13:00:00,0.0
2024-10-03 13:30:00,0.0
2024-10-03 14:00:00,0.0
2024-10-03 14:30:00,0.0
2024-10-03 15:00:00,0.0
2024-10-03 15:30:00,0.0
2024-10-03 16:00:00,0.0
2024-10-03 16:30:00,0.0
2024-10-03 17:00:00,0.0
2024-10-03 17:30:00,0.0
2024-10-03 18:00:00,0.0
2024-10-03 18:30:00,0.0
2024-10-03 19:00:00,0.0
2024-10-03 19:30:00,0.0
2024-10-03 20:00:00,0.0
2024-10-03 20:30:00,0.0
2024-10-03 21:00:00,0.0
2024-10-03 21:30:00,0.0
2024-10-03 22:00:00,0.0
2024-10-03 22:30:00,0.0
2024-10-03 23:00:00,13.483333333333341
2024-10-03 23:30:00,55.56666666666666
2024-10-04 00:00:00,73.06666666666658
2024-10-04 00:30:00,77.0666666666666
2024-10-04 01:00:00,86.11666666666679
2024-10-04 01:30:00,93.1
2024-10-04 02:00:00,105.1833333333334
2024-10-04 02:30:00,117.2
2024-10-04 03:00:00,130.25
2024-10-04 03:30:00,144.23333333333318
2024-10-04 04:00:00,158.1666666666668
2024-10-04 04:30:00,168.1666666666668
2024-10-04 05:00:00,180.11666666666662
2024-10-04 05:30:00,166.5666666666668
2024-10-04 06:00:00,29.200000000000003
2024-10-04 06:30:00,4.1
2024-10-04 07:00:00,77.4333333333334
2024-10-04 07:30:00,92.0833333333334
2024-10-04 08:00:00,101.1333333333334
2024-10-04 08:30:00,109.1166666666668
2024-10-04 09:00:00,112.19999999999999
2024-10-04 09:30:00,65.7
2024-10-04 10:00:00,94.0666666666666
2024-10-04 10:30:00,147.11666666666662
2024-10-04 11:00:00,154.0666666666666
2024-10-04 11:30:00,196.05
2024-10-04 12:00:00,261.05
2024-10-04 12:30:00,264.0666666666666
2024-10-04 13:00:00,262.8833333333332
2024-10-04 13:30:00,255.8833333333334
2024-10-04 14:00:00,255.9666666666668
2024-10-04 14:30:00,253.9666666666668
2024-10-04 15:00:00,250.9333333333334
2024-10-04 15:30:00,246.95
2024-10-04 16:00:00,241.70000000000002
2024-10-04 16:30:00,223.7
2024-10-04 17:00:00,220.19999999999993
2024-10-04 17:30:00,210.0666666666666
2024-10-04 18:00:00,155.85
2024-10-04 18:30:00,124.6666666666666
2024-10-04 19:00:00,87.0666666666666
2024-10-04 19:30:00,36.8
2024-10-04 20:00:00,0.0
2024-10-04 20:30:00,40.46666666666666
2024-10-04 21:00:00,151.8666666666668
2024-10-04 21:30:00,105.90000000000006
2024-10-04 22:00:00,94.9333333333334
2024-10-04 22:30:00,90.9333333333332
2024-10-04 23:00:00,87.9333333333332
2024-10-04 23:30:00,78.9166666666666
2024-10-05 00:00:00,75.8999999999998
2024-10-05 00:30:00,69.9
2024-10-05 01:00:00,69.9666666666668
2024-10-05 01:30:00,67.9666666666668
2024-10-05 02:00:00,72.8999999999998
2024-10-05 02:30:00,66.95000000000019
2024-10-05 03:00:00,64.91666666666654
2024-10-05 03:30:00,60.93333333333328
2024-10-05 04:00:00,58.9166666666666
2024-10-05 04:30:00,23.4
2024-10-05 05:00:00,0.0
2024-10-05 05:30:00,0.0
2024-10-05 06:00:00,11.09999999999998
2024-10-05 06:30:00,53.96666666666668
2024-10-05 07:00:00,54.95000000000002
2024-10-05 07:30:00,51.98333333333334
2024-10-05 08:00:00,58.95000000000002
2024-10-05 08:30:00,55.93333333333336
2024-10-05 09:00:00,45.3
2024-10-05 09:30:00,0.0
2024-10-05 10:00:00,0.0
2024-10-05 10:30:00,0.0
2024-10-05 11:00:00,0.0
2024-10-05 11:30:00,0.0
2024-10-05 12:00:00,0.0
2024-10-05 12:30:00,0.0
2024-10-05 13:00:00,0.0
2024-10-05 13:30:00,0.0
2024-10-05 14:00:00,0.0
2024-10-05 14:30:00,0.0
2024-10-05 15:00:00,0.0
2024-10-05 15:30:00,0.0
2024-10-05 16:00:00,0.0
2024-10-05 16:30:00,0.0
2024-10-05 17:00:00,0.0
2024-10-05 17:30:00,0.0
2024-10-05 18:00:00,0.0
2024-10-05 18:30:00,0.0
2024-10-05 19:00:00,11.01666666666666
2024-10-05 19:30:00,45.0
2024-10-05 20:00:00,50.95000000000002
2024-10-05 20:30:00,47.96666666666668
2024-10-05 21:00:00,46.98333333333334
2024-10-05 21:30:00,46.0
2024-10-05 22:00:00,48.1
2024-10-05 22:30:00,55.06666666666664
2024-10-05 23:00:00,61.96666666666668
2024-10-05 23:30:00,59.98333333333334
2024-10-06 00:00:00,42.28333333333334
2024-10-06 00:30:00,0.0
2024-10-06 01:00:00,0.0
2024-10-06 01:30:00,0.0
2024-10-06 02:00:00,0.0
2024-10-06 02:30:00,0.0
2024-10-06 03:00:00,0.0
2024-10-06 03:30:00,0.0
2024-10-06 04:00:00,0.0
2024-10-06 04:30:00,0.0
2024-10-06 05:00:00,0.0
2024-10-06 05:30:00,0.0
2024-10-06 06:00:00,0.0
2024-10-06 06:30:00,0.0
2024-10-06 07:00:00,0.0
2024-10-06 07:30:00,0.0
2024-10-06 08:00:00,0.0
2024-10-06 08:30:00,0.0
2024-10-06 09:00:00,0.0
2024-10-06 09:30:00,0.0
2024-10-06 10:00:00,0.0
2024-10-06 10:30:00,0.0
2024-10-06 11:00:00,0.0
2024-10-06 11:30:00,0.0
2024-10-06 12:00:00,0.0
2024-10-06 12:30:00,0.0
2024-10-06 13:00:00,0.0
2024-10-06 13:30:00,0.0
2024-10-06 14:00:00,0.0
2024-10-06 14:30:00,0.0
2024-10-06 15:00:00,0.0
2024-10-06 15:30:00,0.0
2024-10-06 16:00:00,0.0
2024-10-06 16:30:00,0.0
2024-10-06 17:00:00,0.0
2024-10-06 17:30:00,0.0
2024-10-06 18:00:00,0.0
2024-10-06 18:30:00,0.0
2024-10-06 19:00:00,0.0
2024-10-06 19:30:00,0.0
2024-10-06 20:00:00,4.399999999999994
2024-10-06 20:30:00,54.2833333333334
2024-10-06 21:00:00,72.0166666666668
2024-10-06 21:30:00,73.0
2024-10-06 22:00:00,108.7333333333334
2024-10-06 22:30:00,156.10000000000002
2024-10-06 23:00:00,162.9500000000002
2024-10-06 23:30:00,159.89999999999998
2024-10-07 00:00:00,159.7666666666668
2024-10-07 00:30:00,191.1500000000002
2024-10-07 01:00:00,201.8
2024-10-07 01:30:00,189.76666666666682
2024-10-07 02:00:00,175.55
2024-10-07 02:30:00,105.5166666666668
2024-10-07 03:00:00,33.33333333333339
2024-10-07 03:30:00,81.9833333333334
2024-10-07 04:00:00,2.85
2024-10-07 04:30:00,0.0
2024-10-07 05:00:00,0.0
2024-10-07 05:30:00,0.0
2024-10-07 06:00:00,0.0
2024-10-07 06:30:00,0.0
2024-10-07 07:00:00,0.0
2024-10-07 07:30:00,0.0
2024-10-07 08:00:00,0.0
2024-10-07 08:30:00,0.0
2024-10-07 09:00:00,0.0
2024-10-07 09:30:00,0.0
2024-10-07 10:00:00,0.0
2024-10-07 10:30:00,0.0
2024-10-07 11:00:00,0.0
2024-10-07 11:30:00,0.0
2024-10-07 12:00:00,0.0
2024-10-07 12:30:00,0.0
2024-10-07 13:00:00,0.0
2024-10-07 13:30:00,0.0
2024-10-07 14:00:00,0.0
2024-10-07 14:30:00,0.0
2024-10-07 15:00:00,0.0
2024-10-07 15:30:00,0.0
2024-10-07 16:00:00,0.0
2024-10-07 16:30:00,0.0
2024-10-07 17:00:00,0.0
2024-10-07 17:30:00,0.0
2024-10-07 18:00:00,0.0
2024-10-07 18:30:00,0.0
2024-10-07 19:00:00,0.0
2024-10-07 19:30:00,0.0
2024-10-07 20:00:00,0.0
2024-10-07 20:30:00,0.0
2024-10-07 21:00:00,0.0
2024-10-07 21:30:00,0.0
2024-10-07 22:00:00,0.0
2024-10-07 22:30:00,0.0
2024-10-07 23:00:00,0.0
2024-10-07 23:30:00,0.0
2024-10-08 00:00:00,0.0
2024-10-08 00:30:00,0.0
2024-10-08 01:00:00,0.0
2024-10-08 01:30:00,0.0
2024-10-08 02:00:00,0.0
2024-10-08 02:30:00,0.0
2024-10-08 03:00:00,0.0
2024-10-08 03:30:00,0.0
2024-10-08 04:00:00,0.0
2024-10-08 04:30:00,0.0
2024-10-08 05:00:00,0.0
2024-10-08 05:30:00,0.0
2024-10-08 06:00:00,78.9666666666666
2024-10-08 06:30:00,104.0
2024-10-08 07:00:00,32.9333333333334
2024-10-08 07:30:00,0.0
2024-10-08 08:00:00,0.0
2024-10-08 08:30:00,0.0
2024-10-08 09:00:00,0.0
2024-10-08 09:30:00,0.0
2024-10-08 10:00:00,0.0
2024-10-08 10:30:00,0.0
2024-10-08 11:00:00,0.0
2024-10-08 11:30:00,0.0
2024-10-08 12:00:00,0.0
2024-10-08 12:30:00,95.11666666666659
2024-10-08 13:00:00,279.8833333333334
2024-10-08 13:30:00,317.0666666666666
2024-10-08 14:00:00,318.0166666666666
2024-10-08 14:30:00,319.0
2024-10-08 15:00:00,319.0
2024-10-08 15:30:00,319.0
2024-10-08 16:00:00,319.0
2024-10-08 16:30:00,319.0
2024-10-08 17:00:00,319.0
2024-10-08 17:30:00,319.0
2024-10-08 18:00:00,318.9833333333334
2024-10-08 18:30:00,318.0
2024-10-08 19:00:00,288.9666666666666
2024-10-08 19:30:00,227.8
2024-10-08 20:00:00,324.0
2024-10-08 20:30:00,348.5
2024-10-08 21:00:00,428.9833333333334
2024-10-08 21:30:00,428.9833333333334
2024-10-08 22:00:00,428.9833333333334
2024-10-08 22:30:00,428.0
2024-10-08 23:00:00,428.9833333333334
2024-10-08 23:30:00,427.9833333333334
2024-10-09 00:00:00,428.0
2024-10-09 00:30:00,427.9833333333334
2024-10-09 01:00:00,412.4
2024-10-09 01:30:00,413.4833333333334
2024-10-09 02:00:00,415.0
2024-10-09 02:30:00,415.0
2024-10-09 03:00:00,415.0
2024-10-09 03:30:00,415.0
2024-10-09 04:00:00,415.0
2024-10-09 04:30:00,415.0
2024-10-09 05:00:00,415.0
2024-10-09 05:30:00,415.0166666666666
2024-10-09 06:00:00,416.0
2024-10-09 06:30:00,410.45
2024-10-09 07:00:00,305.9833333333334
2024-10-09 07:30:00,305.0
2024-10-09 08:00:00,306.0
2024-10-09 08:30:00,306.0
2024-10-09 09:00:00,306.0
2024-10-09 09:30:00,306.0
2024-10-09 10:00:00,306.0
2024-10-09 10:30:00,305.9833333333334
2024-10-09 11:00:00,306.0166666666666
2024-10-09 11:30:00,306.0
2024-10-09 12:00:00,306.0166666666666
2024-10-09 12:30:00,307.0
2024-10-09 13:00:00,315.0333333333332
2024-10-09 13:30:00,320.0
2024-10-09 14:00:00,322.9833333333334
2024-10-09 14:30:00,322.0
2024-10-09 15:00:00,322.9333333333334
2024-10-09 15:30:00,247.21666666666658
2024-10-09 16:00:00,209.0
2024-10-09 16:30:00,208.9833333333334
2024-10-09 17:00:00,259.58333333333337
2024-10-09 17:30:00,308.9666666666668
2024-10-09 18:00:00,307.9166666666668
2024-10-09 18:30:00,302.93333333333317
2024-10-09 19:00:00,300.0166666666666
2024-10-09 19:30:00,301.0166666666666
2024-10-09 20:00:00,305.9833333333334
2024-10-09 20:30:00,304.9833333333334
2024-10-09 21:00:00,305.9666666666668
2024-10-09 21:30:00,304.9833333333334
2024-10-09 22:00:00,305.9500000000002
2024-10-09 22:30:00,304.95
2024-10-09 23:00:00,303.0
2024-10-09 23:30:00,304.0
2024-10-10 00:00:00,305.91666666666663
2024-10-10 00:30:00,378.6666666666668
2024-10-10 01:00:00,403.0166666666666
2024-10-10 01:30:00,404.0166666666666
2024-10-10 02:00:00,406.0166666666666
2024-10-10 02:30:00,407.0166666666666
2024-10-10 03:00:00,408.95
2024-10-10 03:30:00,406.9166666666668
2024-10-10 04:00:00,404.9833333333334
2024-10-10 04:30:00,404.0
2024-10-10 05:00:00,407.9333333333334
2024-10-10 05:30:00,403.9166666666668
2024-10-10 06:00:00,401.9500000000002
2024-10-10 06:30:00,398.9166666666668
2024-10-10 07:00:00,361.6833333333334
2024-10-10 07:30:00,225.04999999999978
2024-10-10 08:00:00,151.03333333333342
2024-10-10 08:30:00,164.78333333333342
2024-10-10 09:00:00,45.45
2024-10-10 09:30:00,58.0833333333334
2024-10-10 10:00:00,31.5333333333334
2024-10-10 10:30:00,0.0
2024-10-10 11:00:00,0.0
2024-10-10 11:30:00,0.0
2024-10-10 12:00:00,0.0
2024-10-10 12:30:00,0.0
2024-10-10 13:00:00,0.0
2024-10-10 13:30:00,0.0
2024-10-10 14:00:00,0.0
2024-10-10 14:30:00,0.0
2024-10-10 15:00:00,0.0
2024-10-10 15:30:00,0.0
2024-10-10 16:00:00,0.0
2024-10-10 16:30:00,0.0
2024-10-10 17:00:00,0.0
2024-10-10 17:30:00,0.0
2024-10-10 18:00:00,0.0
2024-10-10 18:30:00,0.0
2024-10-10 19:00:00,0.0
2024-10-10 19:30:00,0.0
2024-10-10 20:00:00,0.0
2024-10-10 20:30:00,22.66666666666666
2024-10-10 21:00:00,99.6833333333334
2024-10-10 21:30:00,80.69999999999987
2024-10-10 22:00:00,66.7833333333334
2024-10-10 22:30:00,53.76666666666666
2024-10-10 23:00:00,42.88333333333332
2024-10-10 23:30:00,35.84999999999998
2024-10-11 00:00:00,27.91666666666668
2024-10-11 00:30:00,20.88333333333332
2024-10-11 01:00:00,18.11666666666666
2024-10-11 01:30:00,25.13333333333336
2024-10-11 02:00:00,25.03333333333332
2024-10-11 02:30:00,27.05
2024-10-11 03:00:00,30.08333333333332
2024-10-11 03:30:00,35.06666666666666
2024-10-11 04:00:00,40.06666666666664
2024-10-11 04:30:00,45.04999999999998
2024-10-11 05:00:00,46.71666666666666
2024-10-11 05:30:00,88.69999999999986
2024-10-11 06:00:00,131.8666666666666
2024-10-11 06:30:00,123.8499999999998
2024-10-11 07:00:00,96.19999999999995
2024-10-11 07:30:00,0.0
2024-10-11 08:00:00,0.0
2024-10-11 08:30:00,0.0
2024-10-11 09:00:00,0.0
2024-10-11 09:30:00,0.0
2024-10-11 10:00:00,0.0
2024-10-11 10:30:00,4.8
2024-10-11 11:00:00,128.6166666666668
2024-10-11 11:30:00,0.7833333333333341
2024-10-11 12:00:00,0.0
2024-10-11 12:30:00,0.0
2024-10-11 13:00:00,0.0
2024-10-11 13:30:00,0.0
2024-10-11 14:00:00,0.0
2024-10-11 14:30:00,0.0
2024-10-11 15:00:00,0.0
2024-10-11 15:30:00,0.0
2024-10-11 16:00:00,0.0
2024-10-11 16:30:00,0.0
2024-10-11 17:00:00,0.0
2024-10-11 17:30:00,0.0
2024-10-11 18:00:00,0.0
2024-10-11 18:30:00,0.0
2024-10-11 19:00:00,0.0
2024-10-11 19:30:00,0.0
2024-10-11 20:00:00,0.0
2024-10-11 20:30:00,0.0
2024-10-11 21:00:00,0.0
2024-10-11 21:30:00,0.0
2024-10-11 22:00:00,0.0
2024-10-11 22:30:00,0.0
2024-10-11 23:00:00,0.0
2024-10-11 23:30:00,0.0
2024-10-12 00:00:00,0.0
2024-10-12 00:30:00,24.0
2024-10-12 01:00:00,36.35
2024-10-12 01:30:00,57.35
2024-10-12 02:00:00,78.69999999999993
2024-10-12 02:30:00,120.6833333333332
2024-10-12 03:00:00,161.85
2024-10-12 03:30:00,212.85
2024-10-12 04:00:00,262.8833333333332
2024-10-12 04:30:00,255.8833333333332
2024-10-12 05:00:00,248.63333333333338
2024-10-12 05:30:00,226.63333333333338
2024-10-12 06:00:00,204.8
2024-10-12 06:30:00,192.8333333333332
2024-10-12 07:00:00,183.4833333333334
2024-10-12 07:30:00,212.4666666666666
2024-10-12 08:00:00,240.55
2024-10-12 08:30:00,273.5333333333334
2024-10-12 09:00:00,305.3500000000002
2024-10-12 09:30:00,264.70000000000005
2024-10-12 10:00:00,107.83333333333341
2024-10-12 10:30:00,0.233333333333334
2024-10-12 11:00:00,0.0
2024-10-12 11:30:00,0.0
2024-10-12 12:00:00,0.0
2024-10-12 12:30:00,0.0
2024-10-12 13:00:00,0.0
2024-10-12 13:30:00,0.0
2024-10-12 14:00:00,0.0
2024-10-12 14:30:00,0.0
2024-10-12 15:00:00,0.0
2024-10-12 15:30:00,0.0
2024-10-12 16:00:00,0.0
2024-10-12 16:30:00,30.96666666666666
2024-10-12 17:00:00,270.1666666666668
2024-10-12 17:30:00,357.9666666666668
2024-10-12 18:00:00,411.58333333333337
2024-10-12 18:30:00,363.3666666666668
2024-10-12 19:00:00,396.1833333333334
2024-10-12 19:30:00,414.9833333333334
2024-10-12 20:00:00,413.95
2024-10-12 20:30:00,355.0166666666668
2024-10-12 21:00:00,397.9666666666668
2024-10-12 21:30:00,395.9833333333334
2024-10-12 22:00:00,397.0166666666666
2024-10-12 22:30:00,119.78333333333335
2024-10-12 23:00:00,410.0499999999998
2024-10-12 23:30:00,413.0166666666666
2024-10-13 00:00:00,315.75
2024-10-13 00:30:00,413.9833333333334
2024-10-13 01:00:00,413.0166666666666
2024-10-13 01:30:00,413.9666666666668
2024-10-13 02:00:00,411.91666666666663
2024-10-13 02:30:00,406.9333333333334
2024-10-13 03:00:00,402.9500000000002
2024-10-13 03:30:00,399.9666666666668
2024-10-13 04:00:00,379.9666666666668
2024-10-13 04:30:00,377.9333333333334
2024-10-13 05:00:00,374.7833333333334
2024-10-13 05:30:00,361.7666666666668
2024-10-13 06:00:00,0.05
2024-10-13 06:30:00,326.8166666666664
2024-10-13 07:00:00,336.7999999999998
2024-10-13 07:30:00,320.3333333333332
2024-10-13 08:00:00,0.0
2024-10-13 08:30:00,0.0
2024-10-13 09:00:00,0.0
2024-10-13 09:30:00,0.0
2024-10-13 10:00:00,0.0
2024-10-13 10:30:00,0.0
2024-10-13 11:00:00,0.0
2024-10-13 11:30:00,0.0
2024-10-13 12:00:00,0.0
2024-10-13 12:30:00,0.0
2024-10-13 13:00:00,0.0
2024-10-13 13:30:00,0.0
2024-10-13 14:00:00,0.0
2024-10-13 14:30:00,0.0
2024-10-13 15:00:00,0.0
2024-10-13 15:30:00,0.0
2024-10-13 16:00:00,0.0
2024-10-13 16:30:00,0.0
2024-10-13 17:00:00,0.0
2024-10-13 17:30:00,0.0
2024-10-13 18:00:00,0.0
2024-10-13 18:30:00,0.0
2024-10-13 19:00:00,0.0
2024-10-13 19:30:00,0.0
2024-10-13 20:00:00,0.0
2024-10-13 20:30:00,0.0
2024-10-13 21:00:00,0.0
2024-10-13 21:30:00,0.0
2024-10-13 22:00:00,0.0
2024-10-13 22:30:00,0.0
2024-10-13 23:00:00,0.0
2024-10-13 23:30:00,0.0
2024-10-14 00:00:00,0.0
2024-10-14 00:30:00,0.0
2024-10-14 01:00:00,0.0
2024-10-14 01:30:00,0.0
2024-10-14 02:00:00,0.0
2024-10-14 02:30:00,0.0
2024-10-14 03:00:00,0.0
2024-10-14 03:30:00,0.0
2024-10-14 04:00:00,0.0
2024-10-14 04:30:00,0.0
2024-10-14 05:00:00,0.0
2024-10-14 05:30:00,0.0
2024-10-14 06:00:00,0.0
2024-10-14 06:30:00,0.0
2024-10-14 07:00:00,0.0
2024-10-14 07:30:00,0.0
2024-10-14 08:00:00,0.0
2024-10-14 08:30:00,0.0
2024-10-14 09:00:00,0.0
2024-10-14 09:30:00,0.0
2024-10-14 10:00:00,0.0
2024-10-14 10:30:00,0.0
2024-10-14 11:00:00,0.0
2024-10-14 11:30:00,0.0
2024-10-14 12:00:00,0.0
2024-10-14 12:30:00,0.0
2024-10-14 13:00:00,0.0
2024-10-14 13:30:00,0.0
2024-10-14 14:00:00,0.0
2024-10-14 14:30:00,0.0
2024-10-14 15:00:00,0.0
2024-10-14 15:30:00,0.0
2024-10-14 16:00:00,0.0
2024-10-14 16:30:00,0.0
2024-10-14 17:00:00,0.0
2024-10-14 17:30:00,0.0
2024-10-14 18:00:00,0.0
2024-10-14 18:30:00,0.0
2024-10-14 19:00:00,0.0
2024-10-14 19:30:00,0.0
2024-10-14 20:00:00,0.0
2024-10-14 20:30:00,0.0
2024-10-14 21:00:00,0.0
2024-10-14 21:30:00,0.0
2024-10-14 22:00:00,0.0
2024-10-14 22:30:00,0.0
2024-10-14 23:00:00,0.0
2024-10-14 23:30:00,0.0
2024-10-15 00:00:00,0.0
2024-10-15 00:30:00,0.0
2024-10-15 01:00:00,0.0
2024-10-15 01:30:00,0.0
2024-10-15 02:00:00,0.0
2024-10-15 02:30:00,0.0
2024-10-15 03:00:00,0.0
2024-10-15 03:30:00,0.0
2024-10-15 04:00:00,0.0
2024-10-15 04:30:00,0.0
2024-10-15 05:00:00,0.0
2024-10-15 05:30:00,0.0
2024-10-15 06:00:00,0.0
2024-10-15 06:30:00,0.0
2024-10-15 07:00:00,0.0
2024-10-15 07:30:00,0.0
2024-10-15 08:00:00,0.0
2024-10-15 08:30:00,0.0
2024-10-15 09:00:00,0.0
2024-10-15 09:30:00,0.0
2024-10-15 10:00:00,0.0
2024-10-15 10:30:00,0.0
2024-10-15 11:00:00,0.0
2024-10-15 11:30:00,0.0
2024-10-15 12:00:00,0.0
2024-10-15 12:30:00,0.0
2024-10-15 13:00:00,0.0
2024-10-15 13:30:00,0.0
2024-10-15 14:00:00,0.0
2024-10-15 14:30:00,0.0
2024-10-15 15:00:00,0.0
2024-10-15 15:30:00,0.0
2024-10-15 16:00:00,0.0
2024-10-15 16:30:00,0.0
2024-10-15 17:00:00,0.0
2024-10-15 17:30:00,0.0
2024-10-15 18:00:00,0.0
2024-10-15 18:30:00,0.0
2024-10-15 19:00:00,0.0
2024-10-15 19:30:00,0.0
2024-10-15 20:00:00,0.0
2024-10-15 20:30:00,0.0
2024-10-15 21:00:00,0.0
2024-10-15 21:30:00,0.0
2024-10-15 22:00:00,0.0
2024-10-15 22:30:00,0.0
2024-10-15 23:00:00,0.0
2024-10-15 23:30:00,0.0
2024-10-16 00:00:00,0.0
2024-10-16 00:30:00,0.0
2024-10-16 01:00:00,0.0
2024-10-16 01:30:00,0.0
2024-10-16 02:00:00,0.0
2024-10-16 02:30:00,0.0
2024-10-16 03:00:00,0.0
2024-10-16 03:30:00,0.0
2024-10-16 04:00:00,0.0
2024-10-16 04:30:00,0.0
2024-10-16 05:00:00,0.0
2024-10-16 05:30:00,0.0
2024-10-16 06:00:00,0.0
2024-10-16 06:30:00,0.0
2024-10-16 07:00:00,0.0
2024-10-16 07:30:00,0.0
2024-10-16 08:00:00,0.0
2024-10-16 08:30:00,0.0
2024-10-16 09:00:00,0.0
2024-10-16 09:30:00,0.0
2024-10-16 10:00:00,0.0
2024-10-16 10:30:00,0.0
2024-10-16 11:00:00,0.0
2024-10-16 11:30:00,0.0
2024-10-16 12:00:00,0.0
2024-10-16 12:30:00,0.0
2024-10-16 13:00:00,0.0
2024-10-16 13:30:00,0.0
2024-10-16 14:00:00,0.0
2024-10-16 14:30:00,0.0
2024-10-16 15:00:00,0.0
2024-10-16 15:30:00,0.0
2024-10-16 16:00:00,0.0
2024-10-16 16:30:00,0.0
2024-10-16 17:00:00,0.0
2024-10-16 17:30:00,0.0
2024-10-16 18:00:00,0.0
2024-10-16 18:30:00,0.0
2024-10-16 19:00:00,0.0
2024-10-16 19:30:00,0.0
2024-10-16 20:00:00,0.0
2024-10-16 20:30:00,0.0
2024-10-16 21:00:00,0.0
2024-10-16 21:30:00,0.0
2024-10-16 22:00:00,0.0
2024-10-16 22:30:00,0.0
2024-10-16 23:00:00,0.0
2024-10-16 23:30:00,0.0
2024-10-17 00:00:00,0.0
2024-10-17 00:30:00,0.0
2024-10-17 01:00:00,0.0
2024-10-17 01:30:00,0.0
2024-10-17 02:00:00,0.0
2024-10-17 02:30:00,0.0
2024-10-17 03:00:00,0.0
2024-10-17 03:30:00,0.0
2024-10-17 04:00:00,0.0
2024-10-17 04:30:00,0.0
2024-10-17 05:00:00,0.0
2024-10-17 05:30:00,0.0
2024-10-17 06:00:00,0.0
2024-10-17 06:30:00,0.0
2024-10-17 07:00:00,0.0
2024-10-17 07:30:00,0.0
2024-10-17 08:00:00,0.0
2024-10-17 08:30:00,0.0
2024-10-17 09:00:00,0.0
2024-10-17 09:30:00,0.0
2024-10-17 10:00:00,0.0
2024-10-17 10:30:00,0.0
2024-10-17 11:00:00,0.0
2024-10-17 11:30:00,0.0
2024-10-17 12:00:00,0.0
2024-10-17 12:30:00,0.0
2024-10-17 13:00:00,0.0
2024-10-17 13:30:00,0.0
2024-10-17 14:00:00,0.0
2024-10-17 14:30:00,0.0
2024-10-17 15:00:00,0.0
2024-10-17 15:30:00,0.0
2024-10-17 16:00:00,0.0
2024-10-17 16:30:00,0.0
2024-10-17 17:00:00,0.0
2024-10-17 17:30:00,0.0
2024-10-17 18:00:00,0.0
2024-10-17 18:30:00,0.0
2024-10-17 19:00:00,0.0
2024-10-17 19:30:00,0.0
2024-10-17 20:00:00,0.0
2024-10-17 20:30:00,0.0
2024-10-17 21:00:00,0.0
2024-10-17 21:30:00,0.0
2024-10-17 22:00:00,0.0
2024-10-17 22:30:00,0.0
2024-10-17 23:00:00,0.0
2024-10-17 23:30:00,0.0
2024-10-18 00:00:00,0.0
2024-10-18 00:30:00,0.0
2024-10-18 01:00:00,0.0
2024-10-18 01:30:00,0.0
2024-10-18 02:00:00,0.0
2024-10-18 02:30:00,0.0
2024-10-18 03:00:00,0.0
2024-10-18 03:30:00,0.0
2024-10-18 04:00:00,0.0
2024-10-18 04:30:00,0.0
2024-10-18 05:00:00,0.0
2024-10-18 05:30:00,0.0
2024-10-18 06:00:00,0.0
2024-10-18 06:30:00,0.0
2024-10-18 07:00:00,0.0
2024-10-18 07:30:00,0.0
2024-10-18 08:00:00,0.0
2024-10-18 08:30:00,0.0
2024-10-18 09:00:00,0.0
2024-10-18 09:30:00,0.0
2024-10-18 10:00:00,0.0
2024-10-18 10:30:00,0.0
2024-10-18 11:00:00,0.0
2024-10-18 11:30:00,0.0
2024-10-18 12:00:00,0.0
2024-10-18 12:30:00,0.0
2024-10-18 13:00:00,0.0
2024-10-18 13:30:00,0.0
2024-10-18 14:00:00,0.0
2024-10-18 14:30:00,0.0
2024-10-18 15:00:00,0.0
2024-10-18 15:30:00,0.0
2024-10-18 16:00:00,0.0
2024-10-18 16:30:00,0.0
2024-10-18 17:00:00,0.0
2024-10-18 17:30:00,0.0
2024-10-18 18:00:00,0.0
2024-10-18 18:30:00,0.0
2024-10-18 19:00:00,0.0
2024-10-18 19:30:00,0.0
2024-10-18 20:00:00,0.0
2024-10-18 20:30:00,0.0
2024-10-18 21:00:00,88.9833333333334
2024-10-18 21:30:00,206.0
2024-10-18 22:00:00,317.9833333333334
2024-10-18 22:30:00,427.9833333333334
2024-10-18 23:00:00,428.0
2024-10-18 23:30:00,427.9833333333334
2024-10-19 00:00:00,427.9833333333334
2024-10-19 00:30:00,427.9833333333334
2024-10-19 01:00:00,424.9666666666666
2024-10-19 01:30:00,425.0166666666666
2024-10-19 02:00:00,425.7333333333334
2024-10-19 02:30:00,410.73333333333323
2024-10-19 03:00:00,399.4333333333332
2024-10-19 03:30:00,365.41666666666663
2024-10-19 04:00:00,329.66666666666663
2024-10-19 04:30:00,309.66666666666663
2024-10-19 05:00:00,281.5666666666668
2024-10-19 05:30:00,255.5499999999998
2024-10-19 06:00:00,231.8166666666666
2024-10-19 06:30:00,219.8333333333332
2024-10-19 07:00:00,212.8333333333332
2024-10-19 07:30:00,202.8666666666664
2024-10-19 08:00:00,209.8333333333332
2024-10-19 08:30:00,199.78333333333342
2024-10-19 09:00:00,188.7500000000002
2024-10-19 09:30:00,171.7500000000002
2024-10-19 10:00:00,77.4666666666668
2024-10-19 10:30:00,0.0
2024-10-19 11:00:00,0.0
2024-10-19 11:30:00,0.0
2024-10-19 12:00:00,0.0
2024-10-19 12:30:00,0.0
2024-10-19 13:00:00,0.0
2024-10-19 13:30:00,0.0
2024-10-19 14:00:00,0.0
2024-10-19 14:30:00,0.0
2024-10-19 15:00:00,0.0
2024-10-19 15:30:00,0.0
2024-10-19 16:00:00,0.0
2024-10-19 16:30:00,0.0
2024-10-19 17:00:00,0.0
2024-10-19 17:30:00,0.0
2024-10-19 18:00:00,0.0
2024-10-19 18:30:00,0.0
2024-10-19 19:00:00,0.0
2024-10-19 19:30:00,0.0
2024-10-19 20:00:00,0.0
2024-10-19 20:30:00,0.0
2024-10-19 21:00:00,0.0
2024-10-19 21:30:00,0.0
2024-10-19 22:00:00,0.0
2024-10-19 22:30:00,0.0
2024-10-19 23:00:00,0.0
2024-10-19 23:30:00,0.0
2024-10-20 00:00:00,0.0
2024-10-20 00:30:00,0.0
2024-10-20 01:00:00,0.0
2024-10-20 01:30:00,0.0
2024-10-20 02:00:00,0.0
2024-10-20 02:30:00,0.0
2024-10-20 03:00:00,0.0
2024-10-20 03:30:00,0.0
2024-10-20 04:00:00,14.28333333333332
2024-10-20 04:30:00,41.3
2024-10-20 05:00:00,65.46666666666664
2024-10-20 05:30:00,93.5
2024-10-20 06:00:00,123.7833333333332
2024-10-20 06:30:00,170.7666666666668
2024-10-20 07:00:00,216.5833333333334
2024-10-20 07:30:00,222.1
2024-10-20 08:00:00,185.4833333333332
2024-10-20 08:30:00,145.18333333333322
2024-10-20 09:00:00,285.5166666666666
2024-10-20 09:30:00,337.2666666666666
2024-10-20 10:00:00,356.1166666666668
2024-10-20 10:30:00,363.1166666666668
2024-10-20 11:00:00,369.05
2024-10-20 11:30:00,371.0666666666666
2024-10-20 12:00:00,357.6333333333334
2024-10-20 12:30:00,353.0
2024-10-20 13:00:00,364.0
2024-10-20 13:30:00,364.0
2024-10-20 14:00:00,16.26666666666668
2024-10-20 14:30:00,376.0
2024-10-20 15:00:00,376.0
2024-10-20 15:30:00,376.0
2024-10-20 16:00:00,376.0
2024-10-20 16:30:00,376.0
2024-10-20 17:00:00,377.9499999999998
2024-10-20 17:30:00,430.9833333333332
2024-10-20 18:00:00,429.9
2024-10-20 18:30:00,423.81666666666683
2024-10-20 19:00:00,417.11666666666656
2024-10-20 19:30:00,422.0833333333332
2024-10-20 20:00:00,427.0166666666668
2024-10-20 20:30:00,428.0166666666668
2024-10-20 21:00:00,413.2499999999998
2024-10-20 21:30:00,27.11666666666666
2024-10-20 22:00:00,411.41666666666663
2024-10-20 22:30:00,27.11666666666666
2024-10-20 23:00:00,427.0
2024-10-20 23:30:00,427.0
2024-10-21 00:00:00,27.11666666666666
2024-10-21 00:30:00,368.7166666666666
2024-10-21 01:00:00,427.0
2024-10-21 01:30:00,427.0333333333332
2024-10-21 02:00:00,429.0166666666666
2024-10-21 02:30:00,429.9833333333334
2024-10-21 03:00:00,429.0166666666666
2024-10-21 03:30:00,429.9833333333334
2024-10-21 04:00:00,429.0
2024-10-21 04:30:00,429.0
2024-10-21 05:00:00,27.14999999999998
2024-10-21 05:30:00,429.0
2024-10-21 06:00:00,429.0166666666666
2024-10-21 06:30:00,429.9833333333334
2024-10-21 07:00:00,429.0
2024-10-21 07:30:00,416.7333333333334
2024-10-21 08:00:00,417.0
2024-10-21 08:30:00,417.0
2024-10-21 09:00:00,416.0
2024-10-21 09:30:00,416.0
2024-10-21 10:00:00,416.0
2024-10-21 10:30:00,416.0
2024-10-21 11:00:00,416.0
2024-10-21 11:30:00,416.0
2024-10-21 12:00:00,415.0
2024-10-21 12:30:00,415.0
2024-10-21 13:00:00,415.0166666666666
2024-10-21 13:30:00,416.0
2024-10-21 14:00:00,418.0
2024-10-21 14:30:00,418.0
2024-10-21 15:00:00,418.0
2024-10-21 15:30:00,418.0
2024-10-21 16:00:00,417.0
2024-10-21 16:30:00,417.0
2024-10-21 17:00:00,418.0166666666666
2024-10-21 17:30:00,418.0
2024-10-21 18:00:00,418.9833333333334
2024-10-21 18:30:00,418.0
2024-10-21 19:00:00,418.9666666666668
2024-10-21 19:30:00,418.0
2024-10-21 20:00:00,419.0
2024-10-21 20:30:00,418.9833333333334
2024-10-21 21:00:00,362.2333333333334
2024-10-21 21:30:00,358.75
2024-10-21 22:00:00,413.9833333333334
2024-10-21 22:30:00,423.9666666666668
2024-10-21 23:00:00,422.9500000000002
2024-10-21 23:30:00,421.9666666666668
2024-10-22 00:00:00,419.9333333333336
2024-10-22 00:30:00,416.0
2024-10-22 01:00:00,417.9833333333334
2024-10-22 01:30:00,417.0166666666666
2024-10-22 02:00:00,419.0333333333334
2024-10-22 02:30:00,421.05
2024-10-22 03:00:00,423.05
2024-10-22 03:30:00,426.0333333333334
2024-10-22 04:00:00,430.0000000000002
2024-10-22 04:30:00,430.0
2024-10-22 05:00:00,429.0166666666666
2024-10-22 05:30:00,430.0166666666666
2024-10-22 06:00:00,430.0
2024-10-22 06:30:00,429.9833333333334
2024-10-22 07:00:00,430.0
2024-10-22 07:30:00,429.9833333333334
2024-10-22 08:00:00,431.0
2024-10-22 08:30:00,430.9833333333334
2024-10-22 09:00:00,431.9833333333334
2024-10-22 09:30:00,431.0
2024-10-22 10:00:00,429.9833333333334
2024-10-22 10:30:00,428.9833333333334
2024-10-22 11:00:00,428.9833333333334
2024-10-22 11:30:00,427.9833333333334
2024-10-22 12:00:00,427.9833333333334
2024-10-22 12:30:00,427.0
2024-10-22 13:00:00,427.0
2024-10-22 13:30:00,427.0
2024-10-22 14:00:00,427.0
2024-10-22 14:30:00,427.0
2024-10-22 15:00:00,427.0
2024-10-22 15:30:00,427.0
2024-10-22 16:00:00,427.0
2024-10-22 16:30:00,427.0
2024-10-22 17:00:00,427.0
2024-10-22 17:30:00,427.0
2024-10-22 18:00:00,427.0166666666666
2024-10-22 18:30:00,427.0166666666666
2024-10-22 19:00:00,429.0
2024-10-22 19:30:00,417.08333333333337
2024-10-22 20:00:00,318.9666666666668
2024-10-22 20:30:00,317.9666666666668
2024-10-22 21:00:00,378.7333333333334
2024-10-22 21:30:00,392.8166666666666
2024-10-22 22:00:00,385.85
2024-10-22 22:30:00,377.8666666666666
2024-10-22 23:00:00,371.9333333333334
2024-10-22 23:30:00,368.9500000000002
2024-10-23 00:00:00,372.15
2024-10-23 00:30:00,390.5333333333334
2024-10-23 01:00:00,406.16666666666663
2024-10-23 01:30:00,416.16666666666663
2024-10-23 02:00:00,425.0333333333334
2024-10-23 02:30:00,428.05
2024-10-23 03:00:00,425.0
2024-10-23 03:30:00,424.9666666666666
2024-10-23 04:00:00,428.0
2024-10-23 04:30:00,427.9833333333334
2024-10-23 05:00:00,427.0
2024-10-23 05:30:00,427.0
2024-10-23 06:00:00,427.0
2024-10-23 06:30:00,427.0
2024-10-23 07:00:00,427.0
2024-10-23 07:30:00,427.0
2024-10-23 08:00:00,427.0
2024-10-23 08:30:00,427.0
2024-10-23 09:00:00,427.0166666666666
2024-10-23 09:30:00,427.0
2024-10-23 10:00:00,428.0
2024-10-23 10:30:00,428.0
2024-10-23 11:00:00,428.9833333333334
2024-10-23 11:30:00,428.0
2024-10-23 12:00:00,430.0
2024-10-23 12:30:00,430.0
2024-10-23 13:00:00,430.0166666666666
2024-10-23 13:30:00,430.0166666666666
2024-10-23 14:00:00,431.0166666666666
2024-10-23 14:30:00,432.0
2024-10-23 15:00:00,420.9833333333334
2024-10-23 15:30:00,420.9833333333334
2024-10-23 16:00:00,419.9166666666668
2024-10-23 16:30:00,414.9333333333336
2024-10-23 17:00:00,410.9666666666668
2024-10-23 17:30:00,407.9333333333334
2024-10-23 18:00:00,404.91666666666663
2024-10-23 18:30:00,399.88333333333344
2024-10-23 19:00:00,393.8333333333332
2024-10-23 19:30:00,382.85
2024-10-23 20:00:00,386.8333333333332
2024-10-23 20:30:00,378.8666666666668
2024-10-23 21:00:00,366.8666666666666
2024-10-23 21:30:00,358.91666666666663
2024-10-23 22:00:00,349.1333333333332
2024-10-23 22:30:00,358.1333333333332
2024-10-23 23:00:00,362.1333333333332
2024-10-23 23:30:00,370.15
2024-10-24 00:00:00,376.0333333333334
2024-10-24 00:30:00,377.0333333333334
2024-10-24 01:00:00,370.2166666666668
2024-10-24 01:30:00,383.2166666666668
2024-10-24 02:00:00,406.0166666666666
2024-10-24 02:30:00,407.0499999999998
2024-10-24 03:00:00,412.0499999999998
2024-10-24 03:30:00,415.0666666666666
2024-10-24 04:00:00,417.0333333333334
2024-10-24 04:30:00,420.0166666666666
2024-10-24 05:00:00,423.0666666666666
2024-10-24 05:30:00,427.05
2024-10-24 06:00:00,429.9833333333334
2024-10-24 06:30:00,429.0166666666666
2024-10-24 07:00:00,431.0
2024-10-24 07:30:00,431.0
2024-10-24 08:00:00,392.25
2024-10-24 08:30:00,324.0
2024-10-24 09:00:00,324.0
2024-10-24 09:30:00,362.33333333333337
2024-10-24 10:00:00,416.9833333333334
2024-10-24 10:30:00,416.0
2024-10-24 11:00:00,414.5333333333334
2024-10-24 11:30:00,360.3833333333334
2024-10-24 12:00:00,417.0
2024-10-24 12:30:00,426.38333333333344
2024-10-24 13:00:00,430.0
2024-10-24 13:30:00,430.0
2024-10-24 14:00:00,338.91666666666663
2024-10-24 14:30:00,324.0
2024-10-24 15:00:00,322.0
2024-10-24 15:30:00,321.9833333333334
2024-10-24 16:00:00,320.9500000000002
2024-10-24 16:30:00,317.95
2024-10-24 17:00:00,315.9333333333334
2024-10-24 17:30:00,311.9
2024-10-24 18:00:00,306.8333333333332
2024-10-24 18:30:00,296.8166666666666
2024-10-24 19:00:00,227.36666666666662
2024-10-24 19:30:00,259.95000000000016
2024-10-24 20:00:00,338.7333333333332
2024-10-24 20:30:00,322.7166666666666
2024-10-24 21:00:00,305.7333333333334
2024-10-24 21:30:00,288.7166666666666
2024-10-24 22:00:00,269.3166666666664
2024-10-24 22:30:00,228.2999999999998
2024-10-24 23:00:00,190.3333333333336
2024-10-24 23:30:00,150.35
2024-10-25 00:00:00,40.733333333333334
2024-10-25 00:30:00,0.0
2024-10-25 01:00:00,0.0
2024-10-25 01:30:00,0.0
2024-10-25 02:00:00,0.0
2024-10-25 02:30:00,0.0
2024-10-25 03:00:00,0.0
2024-10-25 03:30:00,0.0
2024-10-25 04:00:00,0.0
2024-10-25 04:30:00,0.0
2024-10-25 05:00:00,0.0
2024-10-25 05:30:00,0.0
2024-10-25 06:00:00,0.0
2024-10-25 06:30:00,0.0
2024-10-25 07:00:00,0.0
2024-10-25 07:30:00,0.0
2024-10-25 08:00:00,0.0
2024-10-25 08:30:00,0.0
2024-10-25 09:00:00,0.0
2024-10-25 09:30:00,0.0
2024-10-25 10:00:00,0.0
2024-10-25 10:30:00,0.0
2024-10-25 11:00:00,0.0
2024-10-25 11:30:00,0.0
2024-10-25 12:00:00,0.0
2024-10-25 12:30:00,0.0
2024-10-25 13:00:00,0.0
2024-10-25 13:30:00,0.0
2024-10-25 14:00:00,0.0
2024-10-25 14:30:00,0.0
2024-10-25 15:00:00,0.0
2024-10-25 15:30:00,0.0
2024-10-25 16:00:00,0.0
2024-10-25 16:30:00,0.0
2024-10-25 17:00:00,0.0
2024-10-25 17:30:00,0.0
2024-10-25 18:00:00,0.0
2024-10-25 18:30:00,0.0
2024-10-25 19:00:00,0.0
2024-10-25 19:30:00,0.0
2024-10-25 20:00:00,0.0
2024-10-25 20:30:00,0.0
2024-10-25 21:00:00,0.0
2024-10-25 21:30:00,0.0
2024-10-25 22:00:00,0.0
2024-10-25 22:30:00,0.0
2024-10-25 23:00:00,0.0
2024-10-25 23:30:00,0.0
2024-10-26 00:00:00,0.0
2024-10-26 00:30:00,0.0
2024-10-26 01:00:00,0.0
2024-10-26 01:30:00,0.0
2024-10-26 02:00:00,0.0
2024-10-26 02:30:00,0.0
2024-10-26 03:00:00,0.0
2024-10-26 03:30:00,0.0
2024-10-26 04:00:00,0.0
2024-10-26 04:30:00,0.0
2024-10-26 05:00:00,60.3833333333334
2024-10-26 05:30:00,227.3999999999998
2024-10-26 06:00:00,336.1333333333332
2024-10-26 06:30:00,344.16666666666663
2024-10-26 07:00:00,348.1166666666666
2024-10-26 07:30:00,356.1333333333332
2024-10-26 08:00:00,358.25
2024-10-26 08:30:00,372.26666666666677
2024-10-26 09:00:00,389.9666666666668
2024-10-26 09:30:00,387.9500000000002
2024-10-26 10:00:00,388.0333333333332
2024-10-26 10:30:00,390.0333333333332
2024-10-26 11:00:00,393.0166666666666
2024-10-26 11:30:00,394.0333333333332
2024-10-26 12:00:00,395.9833333333334
2024-10-26 12:30:00,395.0
2024-10-26 13:00:00,404.8333333333332
2024-10-26 13:30:00,407.0166666666666
2024-10-26 14:00:00,408.0666666666666
2024-10-26 14:30:00,412.05
2024-10-26 15:00:00,416.0333333333334
2024-10-26 15:30:00,418.0333333333332
2024-10-26 16:00:00,406.5666666666666
2024-10-26 16:30:00,380.55
2024-10-26 17:00:00,346.7333333333334
2024-10-26 17:30:00,270.75
2024-10-26 18:00:00,146.5000000000002
2024-10-26 18:30:00,41.133333333333404
2024-10-26 19:00:00,34.1
2024-10-26 19:30:00,81.29999999999994
2024-10-26 20:00:00,138.4833333333334
2024-10-26 20:30:00,167.4666666666668
2024-10-26 21:00:00,199.35
2024-10-26 21:30:00,220.3666666666666
2024-10-26 22:00:00,259.4666666666666
2024-10-26 22:30:00,295.2833333333334
2024-10-26 23:00:00,309.15
2024-10-26 23:30:00,318.15
2024-10-27 00:00:00,326.3833333333332
2024-10-27 00:30:00,350.4
2024-10-27 01:00:00,360.3333333333332
2024-10-27 01:30:00,380.29999999999984
2024-10-27 02:00:00,398.1333333333334
2024-10-27 02:30:00,406.08333333333337
2024-10-27 03:00:00,407.1
2024-10-27 03:30:00,413.11666666666656
2024-10-27 04:00:00,418.9833333333334
2024-10-27 04:30:00,417.9833333333334
2024-10-27 05:00:00,416.0
2024-10-27 05:30:00,416.05
2024-10-27 06:00:00,419.0166666666666
2024-10-27 06:30:00,420.0166666666666
2024-10-27 07:00:00,422.0166666666666
2024-10-27 07:30:00,423.0333333333332
2024-10-27 08:00:00,426.0
2024-10-27 08:30:00,426.0
2024-10-27 09:00:00,425.9833333333334
2024-10-27 09:30:00,425.0
2024-10-27 10:00:00,424.0
2024-10-27 10:30:00,424.0
2024-10-27 11:00:00,424.0
2024-10-27 11:30:00,424.0
2024-10-27 12:00:00,420.9666666666668
2024-10-27 12:30:00,419.9666666666668
2024-10-27 13:00:00,417.9333333333334
2024-10-27 13:30:00,410.9666666666668
2024-10-27 14:00:00,409.7999999999998
2024-10-27 14:30:00,397.8666666666668
2024-10-27 15:00:00,393.8166666666666
2024-10-27 15:30:00,382.7833333333332
2024-10-27 16:00:00,371.65
2024-10-27 16:30:00,351.6833333333334
2024-10-27 17:00:00,323.2833333333332
2024-10-27 17:30:00,280.3
2024-10-27 18:00:00,242.1166666666666
2024-10-27 18:30:00,109.4000000000002
2024-10-27 19:00:00,0.0
2024-10-27 19:30:00,0.0
2024-10-27 20:00:00,0.0
2024-10-27 20:30:00,0.0
2024-10-27 21:00:00,0.0
2024-10-27 21:30:00,0.0
2024-10-27 22:00:00,0.0
2024-10-27 22:30:00,0.0
2024-10-27 23:00:00,0.0
2024-10-27 23:30:00,0.0
2024-10-28 00:00:00,0.0
2024-10-28 00:30:00,0.0
2024-10-28 01:00:00,0.0
2024-10-28 01:30:00,0.0
2024-10-28 02:00:00,0.0
2024-10-28 02:30:00,0.0
2024-10-28 03:00:00,0.0
2024-10-28 03:30:00,0.0
2024-10-28 04:00:00,0.0
2024-10-28 04:30:00,0.0
2024-10-28 05:00:00,0.0
2024-10-28 05:30:00,0.0
2024-10-28 06:00:00,0.0
2024-10-28 06:30:00,0.0
2024-10-28 07:00:00,0.0
2024-10-28 07:30:00,0.0
2024-10-28 08:00:00,0.0
2024-10-28 08:30:00,0.0
2024-10-28 09:00:00,0.0
2024-10-28 09:30:00,0.0
2024-10-28 10:00:00,0.0
2024-10-28 10:30:00,0.0
2024-10-28 11:00:00,0.0
2024-10-28 11:30:00,0.0
2024-10-28 12:00:00,0.0
2024-10-28 12:30:00,0.0
2024-10-28 13:00:00,0.0
2024-10-28 13:30:00,0.0
2024-10-28 14:00:00,0.0
2024-10-28 14:30:00,0.0
2024-10-28 15:00:00,0.0
2024-10-28 15:30:00,0.0
2024-10-28 16:00:00,0.0
2024-10-28 16:30:00,0.0
2024-10-28 17:00:00,0.0
2024-10-28 17:30:00,0.0
2024-10-28 18:00:00,0.0
2024-10-28 18:30:00,0.0
2024-10-28 19:00:00,0.0
2024-10-28 19:30:00,0.0
2024-10-28 20:00:00,0.0
2024-10-28 20:30:00,0.0
2024-10-28 21:00:00,0.0
2024-10-28 21:30:00,0.0
2024-10-28 22:00:00,0.0
2024-10-28 22:30:00,0.0
2024-10-28 23:00:00,0.0
2024-10-28 23:30:00,0.0
2024-10-29 00:00:00,0.0
2024-10-29 00:30:00,0.0
2024-10-29 01:00:00,0.0
2024-10-29 01:30:00,0.0
2024-10-29 02:00:00,0.0
2024-10-29 02:30:00,0.0
2024-10-29 03:00:00,0.0
2024-10-29 03:30:00,0.0
2024-10-29 04:00:00,0.0
2024-10-29 04:30:00,0.0
2024-10-29 05:00:00,0.0
2024-10-29 05:30:00,0.0
2024-10-29 06:00:00,0.0
2024-10-29 06:30:00,0.0
2024-10-29 07:00:00,0.0
2024-10-29 07:30:00,0.0
2024-10-29 08:00:00,0.0
2024-10-29 08:30:00,0.0
2024-10-29 09:00:00,0.0
2024-10-29 09:30:00,0.0
2024-10-29 10:00:00,73.8833333333334
2024-10-29 10:30:00,262.8499999999999
2024-10-29 11:00:00,352.1333333333336
2024-10-29 11:30:00,359.1
2024-10-29 12:00:00,363.9833333333334
2024-10-29 12:30:00,363.0
2024-10-29 13:00:00,360.9833333333334
2024-10-29 13:30:00,360.0
2024-10-29 14:00:00,362.0166666666666
2024-10-29 14:30:00,362.0333333333332
2024-10-29 15:00:00,290.3166666666667
2024-10-29 15:30:00,267.1333333333334
2024-10-29 16:00:00,22.13333333333334
2024-10-29 16:30:00,173.2333333333334
2024-10-29 17:00:00,38.05000000000006
2024-10-29 17:30:00,0.0
2024-10-29 18:00:00,0.0
2024-10-29 18:30:00,0.0
2024-10-29 19:00:00,0.0
2024-10-29 19:30:00,0.0
2024-10-29 20:00:00,0.0
2024-10-29 20:30:00,0.0
2024-10-29 21:00:00,0.0
2024-10-29 21:30:00,0.0
2024-10-29 22:00:00,0.0
2024-10-29 22:30:00,0.0
2024-10-29 23:00:00,0.0
2024-10-29 23:30:00,0.0
2024-10-30 00:00:00,0.0
2024-10-30 00:30:00,0.0
2024-10-30 01:00:00,0.0
2024-10-30 01:30:00,0.0
2024-10-30 02:00:00,4.23333333333334
2024-10-30 02:30:00,83.2833333333334
2024-10-30 03:00:00,0.716666666666666
2024-10-30 03:30:00,0.0
2024-10-30 04:00:00,0.0
2024-10-30 04:30:00,0.0
2024-10-30 05:00:00,0.0
2024-10-30 05:30:00,0.0
2024-10-30 06:00:00,0.0
2024-10-30 06:30:00,46.6166666666666
2024-10-30 07:00:00,83.9666666666666
2024-10-30 07:30:00,38.2666666666666
2024-10-30 08:00:00,0.0
2024-10-30 08:30:00,0.0
2024-10-30 09:00:00,0.0
2024-10-30 09:30:00,0.0
2024-10-30 10:00:00,0.0
2024-10-30 10:30:00,0.0
2024-10-30 11:00:00,0.0
2024-10-30 11:30:00,0.0
2024-10-30 12:00:00,0.0
2024-10-30 12:30:00,0.0
2024-10-30 13:00:00,0.0
2024-10-30 13:30:00,0.0
2024-10-30 14:00:00,0.0
2024-10-30 14:30:00,0.0
2024-10-30 15:00:00,0.0
2024-10-30 15:30:00,0.0
2024-10-30 16:00:00,0.0
2024-10-30 16:30:00,0.0
2024-10-30 17:00:00,159.2999999999998
2024-10-30 17:30:00,237.6
2024-10-30 18:00:00,272.58333333333337
2024-10-30 18:30:00,307.5333333333332
2024-10-30 19:00:00,351.4333333333334
2024-10-30 19:30:00,377.41666666666663
2024-10-30 20:00:00,405.18333333333317
2024-10-30 20:30:00,416.16666666666663
2024-10-30 21:00:00,425.0333333333334
2024-10-30 21:30:00,427.0166666666668
2024-10-30 22:00:00,427.0000000000002
2024-10-30 22:30:00,427.0
2024-10-30 23:00:00,427.0
2024-10-30 23:30:00,427.0
2024-10-31 00:00:00,427.0
2024-10-31 00:30:00,427.0
2024-10-31 01:00:00,430.0
2024-10-31 01:30:00,430.0
2024-10-31 02:00:00,415.7
2024-10-31 02:30:00,408.3583333333334
2024-10-31 03:00:00,410.0
2024-10-31 03:30:00,410.0
2024-10-31 04:00:00,416.0
2024-10-31 04:30:00,416.0
2024-10-31 05:00:00,418.0
2024-10-31 05:30:00,418.0
2024-10-31 06:00:00,418.0
2024-10-31 06:30:00,418.0
2024-10-31 07:00:00,418.6
2024-10-31 07:30:00,401.1
2024-10-31 08:00:00,328.0
2024-10-31 08:30:00,328.0
2024-10-31 09:00:00,328.0
2024-10-31 09:30:00,328.0
2024-10-31 10:00:00,328.0
2024-10-31 10:30:00,328.0
2024-10-31 11:00:00,328.0
2024-10-31 11:30:00,328.0
2024-10-31 12:00:00,326.0
2024-10-31 12:30:00,326.0
2024-10-31 13:00:00,325.0
2024-10-31 13:30:00,325.0
2024-10-31 14:00:00,325.0
2024-10-31 14:30:00,325.0
2024-10-31 15:00:00,326.0
2024-10-31 15:30:00,326.0
2024-10-31 16:00:00,326.0
2024-10-31 16:30:00,326.0
2024-10-31 17:00:00,326.0
2024-10-31 17:30:00,372.5
2024-10-31 18:00:00,416.0
2024-10-31 18:30:00,425.0
2024-10-31 19:00:00,428.95
2024-10-31 19:30:00,429.0
2024-10-31 20:00:00,412.95
2024-10-31 20:30:00,410.9833333333334
2024-10-31 21:00:00,412.1
2024-10-31 21:30:00,417.0833333333332
2024-10-31 22:00:00,423.05
2024-10-31 22:30:00,426.06666666666683
2024-10-31 23:00:00,427.0
2024-10-31 23:30:00,427.0166666666668
2024-11-01 00:00:00,429.0
2024-11-01 00:30:00,428.9833333333334
2024-11-01 01:00:00,429.0
2024-11-01 01:30:00,428.9833333333334
2024-11-01 02:00:00,431.0
2024-11-01 02:30:00,431.0
2024-11-01 03:00:00,429.0
2024-11-01 03:30:00,428.9833333333334
2024-11-01 04:00:00,429.0
2024-11-01 04:30:00,428.9833333333334
2024-11-01 05:00:00,429.0
2024-11-01 05:30:00,428.9833333333334
2024-11-01 06:00:00,423.0166666666666
2024-11-01 06:30:00,424.0
2024-11-01 07:00:00,421.8666666666666
2024-11-01 07:30:00,374.8666666666666
2024-11-01 08:00:00,309.9333333333334
2024-11-01 08:30:00,221.1944444444444
2024-11-01 09:00:00,2.35555555555556
2024-11-01 09:30:00,0.0
2024-11-01 10:00:00,0.0
2024-11-01 10:30:00,0.0
2024-11-01 11:00:00,0.0
2024-11-01 11:30:00,0.0
2024-11-01 12:00:00,0.0
2024-11-01 12:30:00,0.0
2024-11-01 13:00:00,0.0
2024-11-01 13:30:00,0.0
2024-11-01 14:00:00,0.0
2024-11-01 14:30:00,0.0
2024-11-01 15:00:00,0.0
2024-11-01 15:30:00,0.0
2024-11-01 16:00:00,0.0
2024-11-01 16:30:00,0.0
2024-11-01 17:00:00,0.0
2024-11-01 17:30:00,0.0
2024-11-01 18:00:00,0.0
2024-11-01 18:30:00,0.0
2024-11-01 19:00:00,0.0
2024-11-01 19:30:00,0.0
2024-11-01 20:00:00,0.0
2024-11-01 20:30:00,0.0
2024-11-01 21:00:00,0.0
2024-11-01 21:30:00,0.0
2024-11-01 22:00:00,0.0
2024-11-01 22:30:00,0.0
2024-11-01 23:00:00,0.0
2024-11-01 23:30:00,0.0
2024-11-02 00:00:00,0.0
2024-11-02 00:30:00,0.0
2024-11-02 01:00:00,0.0
2024-11-02 01:30:00,0.0
2024-11-02 02:00:00,0.0
2024-11-02 02:30:00,0.0
2024-11-02 03:00:00,0.0
2024-11-02 03:30:00,0.0
2024-11-02 04:00:00,0.0
2024-11-02 04:30:00,26.63333333333332
2024-11-02 05:00:00,59.43333333333334
2024-11-02 05:30:00,85.43333333333334
2024-11-02 06:00:00,114.6666666666666
2024-11-02 06:30:00,52.81666666666668
2024-11-02 07:00:00,0.0
2024-11-02 07:30:00,0.0
2024-11-02 08:00:00,0.0
2024-11-02 08:30:00,0.0
2024-11-02 09:00:00,0.0
2024-11-02 09:30:00,0.0
2024-11-02 10:00:00,0.0
2024-11-02 10:30:00,0.0
2024-11-02 11:00:00,0.0
2024-11-02 11:30:00,113.98333333333326
2024-11-02 12:00:00,357.61666666666656
2024-11-02 12:30:00,365.0833333333332
2024-11-02 13:00:00,370.05
2024-11-02 13:30:00,374.0333333333334
2024-11-02 14:00:00,375.0
2024-11-02 14:30:00,375.0
2024-11-02 15:00:00,412.6166666666666
2024-11-02 15:30:00,424.0
2024-11-02 16:00:00,406.0166666666666
2024-11-02 16:30:00,398.8666666666668
2024-11-02 17:00:00,341.0166666666666
2024-11-02 17:30:00,238.9333333333334
2024-11-02 18:00:00,3.16666666666666
2024-11-02 18:30:00,0.0
2024-11-02 19:00:00,0.0
2024-11-02 19:30:00,0.0
2024-11-02 20:00:00,127.5666666666666
2024-11-02 20:30:00,276.0
2024-11-02 21:00:00,266.8
2024-11-02 21:30:00,86.4666666666668
2024-11-02 22:00:00,0.0
2024-11-02 22:30:00,13.95
2024-11-02 23:00:00,100.2333333333332
2024-11-02 23:30:00,184.0
2024-11-03 00:00:00,185.0
2024-11-03 00:30:00,185.0
2024-11-03 01:00:00,185.0
2024-11-03 01:30:00,185.0
2024-11-03 02:00:00,204.8
2024-11-03 02:30:00,210.6666666666666
2024-11-03 03:00:00,128.0
2024-11-03 03:30:00,19.0
2024-11-03 04:00:00,0.0
2024-11-03 04:30:00,0.0
2024-11-03 05:00:00,0.0
2024-11-03 05:30:00,0.0
2024-11-03 06:00:00,0.0
2024-11-03 06:30:00,0.0
2024-11-03 07:00:00,0.0
2024-11-03 07:30:00,0.0
2024-11-03 08:00:00,0.0
2024-11-03 08:30:00,0.0
2024-11-03 09:00:00,0.0
2024-11-03 09:30:00,0.0
2024-11-03 10:00:00,0.0
2024-11-03 10:30:00,0.0
2024-11-03 11:00:00,0.0
2024-11-03 11:30:00,0.0
2024-11-03 12:00:00,0.0
2024-11-03 12:30:00,0.0
2024-11-03 13:00:00,0.0
2024-11-03 13:30:00,0.0
2024-11-03 14:00:00,0.0
2024-11-03 14:30:00,0.0
2024-11-03 15:00:00,0.0
2024-11-03 15:30:00,0.0
2024-11-03 16:00:00,0.0
2024-11-03 16:30:00,0.0
2024-11-03 17:00:00,0.0
2024-11-03 17:30:00,0.0
2024-11-03 18:00:00,0.0
2024-11-03 18:30:00,0.0
2024-11-03 19:00:00,0.0
2024-11-03 19:30:00,0.0
2024-11-03 20:00:00,0.0
2024-11-03 20:30:00,0.0
2024-11-03 21:00:00,0.0
2024-11-03 21:30:00,0.0
2024-11-03 22:00:00,0.0
2024-11-03 22:30:00,0.0
2024-11-03 23:00:00,0.0
2024-11-03 23:30:00,0.0
2024-11-04 00:00:00,0.0
2024-11-04 00:30:00,0.0
2024-11-04 01:00:00,0.0
2024-11-04 01:30:00,0.0
2024-11-04 02:00:00,0.0
2024-11-04 02:30:00,0.0
2024-11-04 03:00:00,0.0
2024-11-04 03:30:00,0.0
2024-11-04 04:00:00,0.0
2024-11-04 04:30:00,0.0
2024-11-04 05:00:00,0.0
2024-11-04 05:30:00,0.0
2024-11-04 06:00:00,0.0
2024-11-04 06:30:00,0.0
2024-11-04 07:00:00,0.0
2024-11-04 07:30:00,0.0
2024-11-04 08:00:00,0.0
2024-11-04 08:30:00,0.0
2024-11-04 09:00:00,0.0
2024-11-04 09:30:00,0.0
2024-11-04 10:00:00,0.0
2024-11-04 10:30:00,0.0
2024-11-04 11:00:00,0.0
2024-11-04 11:30:00,0.0
2024-11-04 12:00:00,0.0
2024-11-04 12:30:00,0.0
2024-11-04 13:00:00,0.0
2024-11-04 13:30:00,0.0
2024-11-04 14:00:00,0.0
2024-11-04 14:30:00,0.0
2024-11-04 15:00:00,0.0
2024-11-04 15:30:00,0.0
2024-11-04 16:00:00,0.0
2024-11-04 16:30:00,0.0
2024-11-04 17:00:00,0.0
2024-11-04 17:30:00,0.0
2024-11-04 18:00:00,0.0
2024-11-04 18:30:00,0.0
2024-11-04 19:00:00,0.0
2024-11-04 19:30:00,0.0
2024-11-04 20:00:00,0.0
2024-11-04 20:30:00,0.0
2024-11-04 21:00:00,0.0
2024-11-04 21:30:00,0.0
2024-11-04 22:00:00,0.0
2024-11-04 22:30:00,0.0
2024-11-04 23:00:00,0.0
2024-11-04 23:30:00,0.0
2024-11-05 00:00:00,0.0
2024-11-05 00:30:00,0.0
2024-11-05 01:00:00,0.0
2024-11-05 01:30:00,0.0
2024-11-05 02:00:00,0.0
2024-11-05 02:30:00,0.0
2024-11-05 03:00:00,0.0
2024-11-05 03:30:00,0.0
2024-11-05 04:00:00,0.0
2024-11-05 04:30:00,0.0
2024-11-05 05:00:00,0.0
2024-11-05 05:30:00,0.0
2024-11-05 06:00:00,0.0
2024-11-05 06:30:00,0.0
2024-11-05 07:00:00,0.0
2024-11-05 07:30:00,0.0
2024-11-05 08:00:00,0.0
2024-11-05 08:30:00,0.0
2024-11-05 09:00:00,0.0
2024-11-05 09:30:00,0.0
2024-11-05 10:00:00,0.0
2024-11-05 10:30:00,0.0
2024-11-05 11:00:00,0.0
2024-11-05 11:30:00,0.0
2024-11-05 12:00:00,0.0
2024-11-05 12:30:00,0.0
2024-11-05 13:00:00,0.0
2024-11-05 13:30:00,0.0
2024-11-05 14:00:00,0.0
2024-11-05 14:30:00,0.0
2024-11-05 15:00:00,0.0
2024-11-05 15:30:00,0.0
2024-11-05 16:00:00,0.0
2024-11-05 16:30:00,0.0
2024-11-05 17:00:00,0.0
2024-11-05 17:30:00,0.0
2024-11-05 18:00:00,0.0
2024-11-05 18:30:00,0.0
2024-11-05 19:00:00,0.0
2024-11-05 19:30:00,0.0
2024-11-05 20:00:00,0.0
2024-11-05 20:30:00,0.0
2024-11-05 21:00:00,0.0
2024-11-05 21:30:00,0.0
2024-11-05 22:00:00,0.0
2024-11-05 22:30:00,0.0
2024-11-05 23:00:00,0.0
2024-11-05 23:30:00,0.0
2024-11-06 00:00:00,0.0
2024-11-06 00:30:00,0.0
2024-11-06 01:00:00,0.0
2024-11-06 01:30:00,0.0
2024-11-06 02:00:00,0.0
2024-11-06 02:30:00,0.0
2024-11-06 03:00:00,0.0
2024-11-06 03:30:00,0.0
2024-11-06 04:00:00,0.0
2024-11-06 04:30:00,0.0
2024-11-06 05:00:00,0.0
2024-11-06 05:30:00,0.0
2024-11-06 06:00:00,0.0
2024-11-06 06:30:00,0.0
2024-11-06 07:00:00,0.0
2024-11-06 07:30:00,0.0
2024-11-06 08:00:00,0.0
2024-11-06 08:30:00,0.0
2024-11-06 09:00:00,0.0
2024-11-06 09:30:00,0.0
2024-11-06 10:00:00,0.0
2024-11-06 10:30:00,0.0
2024-11-06 11:00:00,0.0
2024-11-06 11:30:00,0.0
2024-11-06 12:00:00,0.0
2024-11-06 12:30:00,0.0
2024-11-06 13:00:00,0.0
2024-11-06 13:30:00,0.0
2024-11-06 14:00:00,0.0
2024-11-06 14:30:00,0.0
2024-11-06 15:00:00,0.0
2024-11-06 15:30:00,0.0
2024-11-06 16:00:00,0.0
2024-11-06 16:30:00,0.0
2024-11-06 17:00:00,0.0
2024-11-06 17:30:00,0.0
2024-11-06 18:00:00,0.0
2024-11-06 18:30:00,0.0
2024-11-06 19:00:00,0.0
2024-11-06 19:30:00,0.0
2024-11-06 20:00:00,0.0
2024-11-06 20:30:00,0.0
2024-11-06 21:00:00,0.0
2024-11-06 21:30:00,0.0
2024-11-06 22:00:00,0.0
2024-11-06 22:30:00,0.0
2024-11-06 23:00:00,0.0
2024-11-06 23:30:00,0.0
2024-11-07 00:00:00,0.0
2024-11-07 00:30:00,0.0
2024-11-07 01:00:00,0.0
2024-11-07 01:30:00,0.0
2024-11-07 02:00:00,0.0
2024-11-07 02:30:00,0.0
2024-11-07 03:00:00,0.0
2024-11-07 03:30:00,0.0
2024-11-07 04:00:00,0.0
2024-11-07 04:30:00,0.0
2024-11-07 05:00:00,0.0
2024-11-07 05:30:00,0.0
2024-11-07 06:00:00,0.0
2024-11-07 06:30:00,0.0
2024-11-07 07:00:00,0.0
2024-11-07 07:30:00,0.0
2024-11-07 08:00:00,0.0
2024-11-07 08:30:00,0.0
2024-11-07 09:00:00,0.0
2024-11-07 09:30:00,0.0
2024-11-07 10:00:00,0.0
2024-11-07 10:30:00,0.0
2024-11-07 11:00:00,0.0
2024-11-07 11:30:00,16.68333333333334
2024-11-07 12:00:00,50.099999999999916
2024-11-07 12:30:00,174.2
2024-11-07 13:00:00,246.0166666666666
2024-11-07 13:30:00,274.25
2024-11-07 14:00:00,288.1333333333334
2024-11-07 14:30:00,296.16666666666663
2024-11-07 15:00:00,301.1333333333332
2024-11-07 15:30:00,262.2499999999998
2024-11-07 16:00:00,165.6333333333332
2024-11-07 16:30:00,1.416666666666668
2024-11-07 17:00:00,0.0
2024-11-07 17:30:00,0.0
2024-11-07 18:00:00,0.0
2024-11-07 18:30:00,0.0
2024-11-07 19:00:00,0.0
2024-11-07 19:30:00,0.0
2024-11-07 20:00:00,0.0
2024-11-07 20:30:00,0.0
2024-11-07 21:00:00,0.0
2024-11-07 21:30:00,0.0
2024-11-07 22:00:00,0.0
2024-11-07 22:30:00,0.0
2024-11-07 23:00:00,0.0
2024-11-07 23:30:00,0.0
2024-11-08 00:00:00,0.0
2024-11-08 00:30:00,0.0
2024-11-08 01:00:00,0.0
2024-11-08 01:30:00,0.0
2024-11-08 02:00:00,0.0
2024-11-08 02:30:00,0.0
2024-11-08 03:00:00,0.0
2024-11-08 03:30:00,0.0
2024-11-08 04:00:00,0.0
2024-11-08 04:30:00,0.0
2024-11-08 05:00:00,0.0
2024-11-08 05:30:00,0.0
2024-11-08 06:00:00,0.0
2024-11-08 06:30:00,0.0
2024-11-08 07:00:00,0.0
2024-11-08 07:30:00,0.0
2024-11-08 08:00:00,0.0
2024-11-08 08:30:00,0.0
2024-11-08 09:00:00,0.0
2024-11-08 09:30:00,0.0
2024-11-08 10:00:00,0.0
2024-11-08 10:30:00,0.0
2024-11-08 11:00:00,0.0
2024-11-08 11:30:00,0.0
2024-11-08 12:00:00,0.0
2024-11-08 12:30:00,0.0
2024-11-08 13:00:00,0.0
2024-11-08 13:30:00,0.0
2024-11-08 14:00:00,0.0
2024-11-08 14:30:00,0.0
2024-11-08 15:00:00,0.0
2024-11-08 15:30:00,0.0
2024-11-08 16:00:00,0.0
2024-11-08 16:30:00,0.0
2024-11-08 17:00:00,0.0
2024-11-08 17:30:00,0.0
2024-11-08 18:00:00,0.0
2024-11-08 18:30:00,0.0
2024-11-08 19:00:00,0.0
2024-11-08 19:30:00,13.233333333333325
2024-11-08 20:00:00,73.0
2024-11-08 20:30:00,73.0166666666666
2024-11-08 21:00:00,61.349999999999994
2024-11-08 21:30:00,40.0666666666666
2024-11-08 22:00:00,44.0166666666666
2024-11-08 22:30:00,36.75
2024-11-08 23:00:00,0.0
2024-11-08 23:30:00,0.0
2024-11-09 00:00:00,0.0
2024-11-09 00:30:00,0.0
2024-11-09 01:00:00,0.0
2024-11-09 01:30:00,0.0
2024-11-09 02:00:00,0.0
2024-11-09 02:30:00,0.0
2024-11-09 03:00:00,0.0
2024-11-09 03:30:00,0.0
2024-11-09 04:00:00,0.0
2024-11-09 04:30:00,0.0
2024-11-09 05:00:00,0.0
2024-11-09 05:30:00,0.0
2024-11-09 06:00:00,0.0
2024-11-09 06:30:00,0.0
2024-11-09 07:00:00,0.0
2024-11-09 07:30:00,0.0
2024-11-09 08:00:00,0.0
2024-11-09 08:30:00,0.0
2024-11-09 09:00:00,0.0
2024-11-09 09:30:00,0.0
2024-11-09 10:00:00,0.0
2024-11-09 10:30:00,0.0
2024-11-09 11:00:00,0.0
2024-11-09 11:30:00,0.0
2024-11-09 12:00:00,0.0
2024-11-09 12:30:00,0.0
2024-11-09 13:00:00,0.0
2024-11-09 13:30:00,0.0
2024-11-09 14:00:00,0.0
2024-11-09 14:30:00,0.0
2024-11-09 15:00:00,0.0
2024-11-09 15:30:00,0.0
2024-11-09 16:00:00,0.0
2024-11-09 16:30:00,0.0
2024-11-09 17:00:00,0.0
2024-11-09 17:30:00,0.0
2024-11-09 18:00:00,0.0
2024-11-09 18:30:00,0.0
2024-11-09 19:00:00,0.0
2024-11-09 19:30:00,0.0
2024-11-09 20:00:00,0.0
2024-11-09 20:30:00,0.0
2024-11-09 21:00:00,0.0
2024-11-09 21:30:00,0.0
2024-11-09 22:00:00,0.0
2024-11-09 22:30:00,0.0
2024-11-09 23:00:00,0.0
2024-11-09 23:30:00,0.0
2024-11-10 00:00:00,0.0
2024-11-10 00:30:00,0.0
2024-11-10 01:00:00,0.0
2024-11-10 01:30:00,0.0
2024-11-10 02:00:00,0.0
2024-11-10 02:30:00,0.0
2024-11-10 03:00:00,0.0
2024-11-10 03:30:00,0.0
2024-11-10 04:00:00,0.0
2024-11-10 04:30:00,0.0
2024-11-10 05:00:00,0.0
2024-11-10 05:30:00,0.0
2024-11-10 06:00:00,0.0
2024-11-10 06:30:00,0.0
2024-11-10 07:00:00,0.0
2024-11-10 07:30:00,0.0
2024-11-10 08:00:00,0.0
2024-11-10 08:30:00,0.0
2024-11-10 09:00:00,0.0
2024-11-10 09:30:00,0.0
2024-11-10 10:00:00,0.0
2024-11-10 10:30:00,0.0
2024-11-10 11:00:00,0.0
2024-11-10 11:30:00,0.0
2024-11-10 12:00:00,0.0
2024-11-10 12:30:00,0.0
2024-11-10 13:00:00,0.0
2024-11-10 13:30:00,150.28333333333342
2024-11-10 14:00:00,258.5333333333332
2024-11-10 14:30:00,235.65
2024-11-10 15:00:00,64.16666666666671
2024-11-10 15:30:00,0.0
2024-11-10 16:00:00,0.0
2024-11-10 16:30:00,0.0
2024-11-10 17:00:00,0.0
2024-11-10 17:30:00,0.0
2024-11-10 18:00:00,0.0
2024-11-10 18:30:00,0.0
2024-11-10 19:00:00,0.0
2024-11-10 19:30:00,4.61666666666666
2024-11-10 20:00:00,53.0166666666666
2024-11-10 20:30:00,55.0166666666666
2024-11-10 21:00:00,56.0833333333334
2024-11-10 21:30:00,61.0833333333334
2024-11-10 22:00:00,65.0166666666666
2024-11-10 22:30:00,93.6666666666666
2024-11-10 23:00:00,183.55
2024-11-10 23:30:00,275.15
2024-11-11 00:00:00,307.1
2024-11-11 00:30:00,313.11666666666656
2024-11-11 01:00:00,325.0499999999998
2024-11-11 01:30:00,328.0
2024-11-11 02:00:00,329.1
2024-11-11 02:30:00,335.0833333333332
2024-11-11 03:00:00,341.9166666666668
2024-11-11 03:30:00,335.9000000000002
2024-11-11 04:00:00,331.0166666666666
2024-11-11 04:30:00,331.0166666666666
2024-11-11 05:00:00,332.0333333333332
2024-11-11 05:30:00,210.15000000000006
2024-11-11 06:00:00,51.00000000000006
2024-11-11 06:30:00,0.0
2024-11-11 07:00:00,0.0
2024-11-11 07:30:00,0.0
2024-11-11 08:00:00,0.0
2024-11-11 08:30:00,0.0
2024-11-11 09:00:00,0.0
2024-11-11 09:30:00,0.0
2024-11-11 10:00:00,0.0
2024-11-11 10:30:00,0.0
2024-11-11 11:00:00,0.0
2024-11-11 11:30:00,0.0
2024-11-11 12:00:00,0.0
2024-11-11 12:30:00,0.0
2024-11-11 13:00:00,0.0
2024-11-11 13:30:00,0.0
2024-11-11 14:00:00,0.0
2024-11-11 14:30:00,0.0
2024-11-11 15:00:00,0.0
2024-11-11 15:30:00,0.0
2024-11-11 16:00:00,0.0
2024-11-11 16:30:00,0.0
2024-11-11 17:00:00,0.0
2024-11-11 17:30:00,0.0
2024-11-11 18:00:00,0.0
2024-11-11 18:30:00,0.0
2024-11-11 19:00:00,0.0
2024-11-11 19:30:00,0.0
2024-11-11 20:00:00,0.0
2024-11-11 20:30:00,0.0
2024-11-11 21:00:00,0.0
2024-11-11 21:30:00,0.0
2024-11-11 22:00:00,0.0
2024-11-11 22:30:00,0.0
2024-11-11 23:00:00,0.0
2024-11-11 23:30:00,0.0
2024-11-12 00:00:00,0.0
2024-11-12 00:30:00,0.0
2024-11-12 01:00:00,0.0
2024-11-12 01:30:00,0.0
2024-11-12 02:00:00,0.0
2024-11-12 02:30:00,0.0
2024-11-12 03:00:00,0.0
2024-11-12 03:30:00,0.0
2024-11-12 04:00:00,0.0
2024-11-12 04:30:00,0.0
2024-11-12 05:00:00,0.0
2024-11-12 05:30:00,0.0
2024-11-12 06:00:00,0.0
2024-11-12 06:30:00,0.0
2024-11-12 07:00:00,0.0
2024-11-12 07:30:00,0.0
2024-11-12 08:00:00,0.0
2024-11-12 08:30:00,0.0
2024-11-12 09:00:00,0.0
2024-11-12 09:30:00,0.0
2024-11-12 10:00:00,0.0
2024-11-12 10:30:00,0.0
2024-11-12 11:00:00,0.0
2024-11-12 11:30:00,0.0
2024-11-12 12:00:00,0.0
2024-11-12 12:30:00,0.0
2024-11-12 13:00:00,0.0
2024-11-12 13:30:00,0.0
2024-11-12 14:00:00,0.0
2024-11-12 14:30:00,0.0
2024-11-12 15:00:00,0.0
2024-11-12 15:30:00,0.0
2024-11-12 16:00:00,0.0
2024-11-12 16:30:00,0.0
2024-11-12 17:00:00,0.0
2024-11-12 17:30:00,0.0
2024-11-12 18:00:00,0.0
2024-11-12 18:30:00,0.0
2024-11-12 19:00:00,0.0
2024-11-12 19:30:00,0.0
2024-11-12 20:00:00,0.0
2024-11-12 20:30:00,0.0
2024-11-12 21:00:00,0.0
2024-11-12 21:30:00,0.0
2024-11-12 22:00:00,0.0
2024-11-12 22:30:00,0.0
2024-11-12 23:00:00,0.0
2024-11-12 23:30:00,0.0
2024-11-13 00:00:00,0.0
2024-11-13 00:30:00,83.5666666666666
2024-11-13 01:00:00,8.7
2024-11-13 01:30:00,0.0
2024-11-13 02:00:00,0.0
2024-11-13 02:30:00,0.0
2024-11-13 03:00:00,0.0
2024-11-13 03:30:00,0.0
2024-11-13 04:00:00,0.0
2024-11-13 04:30:00,0.0
2024-11-13 05:00:00,0.0
2024-11-13 05:30:00,0.0
2024-11-13 06:00:00,0.0
2024-11-13 06:30:00,0.0
2024-11-13 07:00:00,0.0
2024-11-13 07:30:00,0.0
2024-11-13 08:00:00,0.0
2024-11-13 08:30:00,0.0
2024-11-13 09:00:00,0.0
2024-11-13 09:30:00,0.0
2024-11-13 10:00:00,0.0
2024-11-13 10:30:00,0.0
2024-11-13 11:00:00,0.0
2024-11-13 11:30:00,0.0
2024-11-13 12:00:00,0.0
2024-11-13 12:30:00,0.0
2024-11-13 13:00:00,0.0
2024-11-13 13:30:00,0.0
2024-11-13 14:00:00,0.0
2024-11-13 14:30:00,0.0
2024-11-13 15:00:00,0.0
2024-11-13 15:30:00,0.0
2024-11-13 16:00:00,0.0
2024-11-13 16:30:00,0.0
2024-11-13 17:00:00,0.0
2024-11-13 17:30:00,0.0
2024-11-13 18:00:00,0.0
2024-11-13 18:30:00,0.0
2024-11-13 19:00:00,0.0
2024-11-13 19:30:00,0.0
2024-11-13 20:00:00,0.0
2024-11-13 20:30:00,0.0
2024-11-13 21:00:00,0.0
2024-11-13 21:30:00,0.0
2024-11-13 22:00:00,0.0
2024-11-13 22:30:00,12.26666666666666
2024-11-13 23:00:00,104.53333333333339
2024-11-13 23:30:00,42.95
2024-11-14 00:00:00,0.0
2024-11-14 00:30:00,0.0
2024-11-14 01:00:00,0.0
2024-11-14 01:30:00,0.0
2024-11-14 02:00:00,8.58333333333332
2024-11-14 02:30:00,77.41666666666674
2024-11-14 03:00:00,148.85
2024-11-14 03:30:00,148.9333333333336
2024-11-14 04:00:00,135.0666666666666
2024-11-14 04:30:00,139.03333333333342
2024-11-14 05:00:00,91.06666666666675
2024-11-14 05:30:00,76.8166666666668
2024-11-14 06:00:00,0.0
2024-11-14 06:30:00,0.0
2024-11-14 07:00:00,0.0
2024-11-14 07:30:00,0.0
2024-11-14 08:00:00,0.0
2024-11-14 08:30:00,0.0
2024-11-14 09:00:00,0.0
2024-11-14 09:30:00,0.0
2024-11-14 10:00:00,0.0
2024-11-14 10:30:00,0.0
2024-11-14 11:00:00,0.0
2024-11-14 11:30:00,0.0
2024-11-14 12:00:00,0.0
2024-11-14 12:30:00,0.0
2024-11-14 13:00:00,0.0
2024-11-14 13:30:00,0.0
2024-11-14 14:00:00,0.0
2024-11-14 14:30:00,0.0
2024-11-14 15:00:00,0.0
2024-11-14 15:30:00,0.0
2024-11-14 16:00:00,0.0
2024-11-14 16:30:00,0.0
2024-11-14 17:00:00,0.0
2024-11-14 17:30:00,0.0
2024-11-14 18:00:00,0.0
2024-11-14 18:30:00,0.0
2024-11-14 19:00:00,0.0
2024-11-14 19:30:00,0.0
2024-11-14 20:00:00,0.0
2024-11-14 20:30:00,0.0
2024-11-14 21:00:00,0.0
2024-11-14 21:30:00,0.0
2024-11-14 22:00:00,0.0
2024-11-14 22:30:00,0.0
2024-11-14 23:00:00,0.0
2024-11-14 23:30:00,0.0
2024-11-15 00:00:00,21.5166666666666
2024-11-15 00:30:00,87.0
2024-11-15 01:00:00,158.1833333333332
2024-11-15 01:30:00,208.1
2024-11-15 02:00:00,174.0333333333332
2024-11-15 02:30:00,204.98333333333318
2024-11-15 03:00:00,233.0666666666666
2024-11-15 03:30:00,237.0666666666666
2024-11-15 04:00:00,240.0666666666668
2024-11-15 04:30:00,331.4999999999998
2024-11-15 05:00:00,372.0166666666666
2024-11-15 05:30:00,373.0166666666666
2024-11-15 06:00:00,373.0
2024-11-15 06:30:00,372.9833333333334
2024-11-15 07:00:00,372.9833333333334
2024-11-15 07:30:00,338.83333333333337
2024-11-15 08:00:00,313.9833333333334
2024-11-15 08:30:00,312.9833333333334
2024-11-15 09:00:00,313.0
2024-11-15 09:30:00,313.0
2024-11-15 10:00:00,316.0
2024-11-15 10:30:00,246.0
2024-11-15 11:00:00,297.0333333333334
2024-11-15 11:30:00,322.0
2024-11-15 12:00:00,324.0
2024-11-15 12:30:00,324.0
2024-11-15 13:00:00,324.0
2024-11-15 13:30:00,324.0
2024-11-15 14:00:00,323.0
2024-11-15 14:30:00,323.0
2024-11-15 15:00:00,330.66666666666663
2024-11-15 15:30:00,381.66666666666663
2024-11-15 16:00:00,386.1333333333334
2024-11-15 16:30:00,415.2
2024-11-15 17:00:00,422.0
2024-11-15 17:30:00,422.0
2024-11-15 18:00:00,421.0
2024-11-15 18:30:00,421.0
2024-11-15 19:00:00,419.0
2024-11-15 19:30:00,419.0
2024-11-15 20:00:00,419.0
2024-11-15 20:30:00,419.0
2024-11-15 21:00:00,419.0
2024-11-15 21:30:00,419.0
2024-11-15 22:00:00,419.0
2024-11-15 22:30:00,419.0
2024-11-15 23:00:00,420.0
2024-11-15 23:30:00,420.0
2024-11-16 00:00:00,420.0
2024-11-16 00:30:00,420.0
2024-11-16 01:00:00,419.0
2024-11-16 01:30:00,419.0
2024-11-16 02:00:00,419.0
2024-11-16 02:30:00,419.0
2024-11-16 03:00:00,420.0
2024-11-16 03:30:00,420.0
2024-11-16 04:00:00,420.0
2024-11-16 04:30:00,420.0
2024-11-16 05:00:00,419.0
2024-11-16 05:30:00,419.0
2024-11-16 06:00:00,419.0
2024-11-16 06:30:00,419.0
2024-11-16 07:00:00,420.0
2024-11-16 07:30:00,420.0
2024-11-16 08:00:00,420.0
2024-11-16 08:30:00,420.0
2024-11-16 09:00:00,419.0
2024-11-16 09:30:00,419.0
2024-11-16 10:00:00,421.0
2024-11-16 10:30:00,421.0
2024-11-16 11:00:00,422.0
2024-11-16 11:30:00,422.0
2024-11-16 12:00:00,420.0
2024-11-16 12:30:00,420.0
2024-11-16 13:00:00,419.0
2024-11-16 13:30:00,419.0
2024-11-16 14:00:00,419.0
2024-11-16 14:30:00,419.0
2024-11-16 15:00:00,419.0
2024-11-16 15:30:00,419.0
2024-11-16 16:00:00,419.0
2024-11-16 16:30:00,419.0
2024-11-16 17:00:00,419.0
2024-11-16 17:30:00,419.0
2024-11-16 18:00:00,419.0
2024-11-16 18:30:00,419.0
2024-11-16 19:00:00,419.0
2024-11-16 19:30:00,419.0
2024-11-16 20:00:00,419.0
2024-11-16 20:30:00,419.0
2024-11-16 21:00:00,419.0
2024-11-16 21:30:00,419.0
2024-11-16 22:00:00,420.0
2024-11-16 22:30:00,420.0
2024-11-16 23:00:00,423.9833333333334
2024-11-16 23:30:00,422.9833333333334
2024-11-17 00:00:00,415.0166666666666
2024-11-17 00:30:00,416.0
2024-11-17 01:00:00,414.9666666666668
2024-11-17 01:30:00,412.9666666666668
2024-11-17 02:00:00,408.9666666666668
2024-11-17 02:30:00,406.9833333333334
2024-11-17 03:00:00,407.0166666666666
2024-11-17 03:30:00,408.0166666666666
2024-11-17 04:00:00,410.0
2024-11-17 04:30:00,409.9833333333334
2024-11-17 05:00:00,408.9833333333334
2024-11-17 05:30:00,402.65
2024-11-17 06:00:00,301.9666666666668
2024-11-17 06:30:00,300.0
2024-11-17 07:00:00,301.9500000000002
2024-11-17 07:30:00,337.8166666666666
2024-11-17 08:00:00,404.8666666666668
2024-11-17 08:30:00,398.9166666666668
2024-11-17 09:00:00,399.0833333333332
2024-11-17 09:30:00,402.0333333333332
2024-11-17 10:00:00,406.9500000000002
2024-11-17 10:30:00,403.9833333333334
2024-11-17 11:00:00,403.0666666666666
2024-11-17 11:30:00,407.0499999999998
2024-11-17 12:00:00,408.8333333333332
2024-11-17 12:30:00,398.83333333333337
2024-11-17 13:00:00,395.0166666666666
2024-11-17 13:30:00,396.0166666666666
2024-11-17 14:00:00,399.0
2024-11-17 14:30:00,398.9666666666668
2024-11-17 15:00:00,386.9916666666668
2024-11-17 15:30:00,379.8999999999998
2024-11-17 16:00:00,379.0333333333332
2024-11-17 16:30:00,341.85
2024-11-17 17:00:00,316.7166666666666
2024-11-17 17:30:00,115.91666666666674
2024-11-17 18:00:00,0.0
2024-11-17 18:30:00,0.0
2024-11-17 19:00:00,0.0
2024-11-17 19:30:00,0.0
2024-11-17 20:00:00,0.0
2024-11-17 20:30:00,0.0
2024-11-17 21:00:00,0.0
2024-11-17 21:30:00,0.0
2024-11-17 22:00:00,120.66666666666666
2024-11-17 22:30:00,351.9666666666668
2024-11-17 23:00:00,351.68333333333317
2024-11-17 23:30:00,334.65
2024-11-18 00:00:00,323.6166666666666
2024-11-18 00:30:00,300.5833333333332
2024-11-18 01:00:00,266.31666666666683
2024-11-18 01:30:00,266.4
2024-11-18 02:00:00,239.61666666666662
2024-11-18 02:30:00,277.6333333333336
2024-11-18 03:00:00,266.0
2024-11-18 03:30:00,266.0166666666666
2024-11-18 04:00:00,246.8833333333334
2024-11-18 04:30:00,270.0
2024-11-18 05:00:00,178.5833333333334
2024-11-18 05:30:00,279.15
2024-11-18 06:00:00,284.8833333333332
2024-11-18 06:30:00,277.8999999999998
2024-11-18 07:00:00,265.7666666666666
2024-11-18 07:30:00,251.7833333333332
2024-11-18 08:00:00,187.1
2024-11-18 08:30:00,1.966666666666666
2024-11-18 09:00:00,0.0
2024-11-18 09:30:00,0.0
2024-11-18 10:00:00,0.0
2024-11-18 10:30:00,0.0
2024-11-18 11:00:00,0.0
2024-11-18 11:30:00,0.0
2024-11-18 12:00:00,0.0
2024-11-18 12:30:00,0.0
2024-11-18 13:00:00,0.0
2024-11-18 13:30:00,0.0
2024-11-18 14:00:00,0.0
2024-11-18 14:30:00,0.0
2024-11-18 15:00:00,0.0
2024-11-18 15:30:00,0.0
2024-11-18 16:00:00,0.0
2024-11-18 16:30:00,0.0
2024-11-18 17:00:00,0.0
2024-11-18 17:30:00,0.0
2024-11-18 18:00:00,0.0
2024-11-18 18:30:00,0.0
2024-11-18 19:00:00,0.0
2024-11-18 19:30:00,0.0
2024-11-18 20:00:00,0.0
2024-11-18 20:30:00,0.0
2024-11-18 21:00:00,0.0
2024-11-18 21:30:00,0.0
2024-11-18 22:00:00,0.0
2024-11-18 22:30:00,0.0
2024-11-18 23:00:00,0.0
2024-11-18 23:30:00,0.0
2024-11-19 00:00:00,0.0
2024-11-19 00:30:00,0.0
2024-11-19 01:00:00,0.0
2024-11-19 01:30:00,0.0
2024-11-19 02:00:00,0.0
2024-11-19 02:30:00,0.0
2024-11-19 03:00:00,0.0
2024-11-19 03:30:00,0.0
2024-11-19 04:00:00,0.0
2024-11-19 04:30:00,0.0
2024-11-19 05:00:00,0.0
2024-11-19 05:30:00,0.0
2024-11-19 06:00:00,0.0
2024-11-19 06:30:00,0.0
2024-11-19 07:00:00,0.0
2024-11-19 07:30:00,0.0
2024-11-19 08:00:00,0.0
2024-11-19 08:30:00,0.0
2024-11-19 09:00:00,0.0
2024-11-19 09:30:00,0.0
2024-11-19 10:00:00,0.0
2024-11-19 10:30:00,0.0
2024-11-19 11:00:00,0.0
2024-11-19 11:30:00,0.0
2024-11-19 12:00:00,0.0
2024-11-19 12:30:00,0.0
2024-11-19 13:00:00,0.0
2024-11-19 13:30:00,0.0
2024-11-19 14:00:00,0.0
2024-11-19 14:30:00,0.0
2024-11-19 15:00:00,308.0999999999998
2024-11-19 15:30:00,342.1666666666668
2024-11-19 16:00:00,352.45
2024-11-19 16:30:00,333.7
2024-11-19 17:00:00,315.55
2024-11-19 17:30:00,340.45
2024-11-19 18:00:00,357.1
2024-11-19 18:30:00,363.1333333333334
2024-11-19 19:00:00,343.33333333333337
2024-11-19 19:30:00,316.43333333333317
2024-11-19 20:00:00,363.91666666666663
2024-11-19 20:30:00,375.0
2024-11-19 21:00:00,377.0
2024-11-19 21:30:00,376.9833333333334
2024-11-19 22:00:00,375.9833333333334
2024-11-19 22:30:00,375.0
2024-11-19 23:00:00,375.0
2024-11-19 23:30:00,375.0
2024-11-20 00:00:00,376.0
2024-11-20 00:30:00,376.0
2024-11-20 01:00:00,385.4
2024-11-20 01:30:00,425.0
2024-11-20 02:00:00,419.9333333333334
2024-11-20 02:30:00,415.9666666666666
2024-11-20 03:00:00,408.91666666666663
2024-11-20 03:30:00,403.85
2024-11-20 04:00:00,399.9
2024-11-20 04:30:00,393.9
2024-11-20 05:00:00,389.9333333333334
2024-11-20 05:30:00,385.9166666666668
2024-11-20 06:00:00,382.75
2024-11-20 06:30:00,367.75
2024-11-20 07:00:00,380.9833333333334
2024-11-20 07:30:00,379.9833333333334
2024-11-20 08:00:00,356.5
2024-11-20 08:30:00,188.95
2024-11-20 09:00:00,177.7166666666668
2024-11-20 09:30:00,259.2833333333332
2024-11-20 10:00:00,334.95
2024-11-20 10:30:00,331.95
2024-11-20 11:00:00,327.8
2024-11-20 11:30:00,315.8333333333334
2024-11-20 12:00:00,302.9833333333334
2024-11-20 12:30:00,266.5333333333334
2024-11-20 13:00:00,153.96666666666658
2024-11-20 13:30:00,38.5
2024-11-20 14:00:00,0.0
2024-11-20 14:30:00,0.0
2024-11-20 15:00:00,0.0
2024-11-20 15:30:00,0.0
2024-11-20 16:00:00,0.0
2024-11-20 16:30:00,0.0
2024-11-20 17:00:00,0.0
2024-11-20 17:30:00,0.0
2024-11-20 18:00:00,0.0
2024-11-20 18:30:00,0.0
2024-11-20 19:00:00,0.0
2024-11-20 19:30:00,0.0
2024-11-20 20:00:00,0.0
2024-11-20 20:30:00,0.0
2024-11-20 21:00:00,0.0
2024-11-20 21:30:00,0.0
2024-11-20 22:00:00,0.0
2024-11-20 22:30:00,0.0
2024-11-20 23:00:00,0.0
2024-11-20 23:30:00,0.0
2024-11-21 00:00:00,0.0
2024-11-21 00:30:00,0.0
2024-11-21 01:00:00,0.0
2024-11-21 01:30:00,0.0
2024-11-21 02:00:00,0.0
2024-11-21 02:30:00,0.0
2024-11-21 03:00:00,0.0
2024-11-21 03:30:00,0.0
2024-11-21 04:00:00,0.0
2024-11-21 04:30:00,0.0
2024-11-21 05:00:00,0.0
2024-11-21 05:30:00,0.0
2024-11-21 06:00:00,0.0
2024-11-21 06:30:00,0.0
2024-11-21 07:00:00,0.0
2024-11-21 07:30:00,0.0
2024-11-21 08:00:00,0.0
2024-11-21 08:30:00,0.0
2024-11-21 09:00:00,0.0
2024-11-21 09:30:00,0.0
2024-11-21 10:00:00,0.0
2024-11-21 10:30:00,0.0
2024-11-21 11:00:00,0.0
2024-11-21 11:30:00,35.74999999999994
2024-11-21 12:00:00,75.9
2024-11-21 12:30:00,69.8666666666666
2024-11-21 13:00:00,84.95
2024-11-21 13:30:00,210.8666666666664
2024-11-21 14:00:00,202.8499999999998
2024-11-21 14:30:00,194.0500000000002
2024-11-21 15:00:00,196.8499999999998
2024-11-21 15:30:00,162.5833333333332
2024-11-21 16:00:00,134.9166666666668
2024-11-21 16:30:00,129.8333333333334
2024-11-21 17:00:00,119.95000000000019
2024-11-21 17:30:00,116.7499999999998
2024-11-21 18:00:00,69.7333333333334
2024-11-21 18:30:00,19.33333333333334
2024-11-21 19:00:00,0.0
2024-11-21 19:30:00,0.0
2024-11-21 20:00:00,0.0
2024-11-21 20:30:00,0.0
2024-11-21 21:00:00,0.0
2024-11-21 21:30:00,0.0
2024-11-21 22:00:00,0.0
2024-11-21 22:30:00,0.0
2024-11-21 23:00:00,0.0
2024-11-21 23:30:00,0.0
2024-11-22 00:00:00,0.0
2024-11-22 00:30:00,0.0
2024-11-22 01:00:00,0.0
2024-11-22 01:30:00,0.0
2024-11-22 02:00:00,0.0
2024-11-22 02:30:00,0.0
2024-11-22 03:00:00,0.0
2024-11-22 03:30:00,0.0
2024-11-22 04:00:00,0.0
2024-11-22 04:30:00,0.0
2024-11-22 05:00:00,0.0
2024-11-22 05:30:00,0.0
2024-11-22 06:00:00,0.0
2024-11-22 06:30:00,0.0
2024-11-22 07:00:00,0.0
2024-11-22 07:30:00,0.0
2024-11-22 08:00:00,0.0
2024-11-22 08:30:00,0.0
2024-11-22 09:00:00,0.0
2024-11-22 09:30:00,0.0
2024-11-22 10:00:00,0.0
2024-11-22 10:30:00,0.0
2024-11-22 11:00:00,0.0
2024-11-22 11:30:00,0.0
2024-11-22 12:00:00,0.0
2024-11-22 12:30:00,0.0
2024-11-22 13:00:00,0.0
2024-11-22 13:30:00,0.0
2024-11-22 14:00:00,0.0
2024-11-22 14:30:00,0.0
2024-11-22 15:00:00,0.0
2024-11-22 15:30:00,0.0
2024-11-22 16:00:00,0.0
2024-11-22 16:30:00,0.0
2024-11-22 17:00:00,0.0
2024-11-22 17:30:00,0.0
2024-11-22 18:00:00,0.0
2024-11-22 18:30:00,0.0
2024-11-22 19:00:00,0.0
2024-11-22 19:30:00,0.0
2024-11-22 20:00:00,0.0
2024-11-22 20:30:00,0.0
2024-11-22 21:00:00,0.0
2024-11-22 21:30:00,0.0
2024-11-22 22:00:00,0.0
2024-11-22 22:30:00,0.0
2024-11-22 23:00:00,0.0
2024-11-22 23:30:00,0.0
2024-11-23 00:00:00,0.0
2024-11-23 00:30:00,0.0
2024-11-23 01:00:00,0.0
2024-11-23 01:30:00,0.0
2024-11-23 02:00:00,0.0
2024-11-23 02:30:00,0.0
2024-11-23 03:00:00,0.0
2024-11-23 03:30:00,0.0
2024-11-23 04:00:00,0.0
2024-11-23 04:30:00,0.0
2024-11-23 05:00:00,0.0
2024-11-23 05:30:00,0.0
2024-11-23 06:00:00,0.0
2024-11-23 06:30:00,2.833333333333334
2024-11-23 07:00:00,2.0666666666666655
2024-11-23 07:30:00,10.533333333333339
2024-11-23 08:00:00,18.03333333333332
2024-11-23 08:30:00,20.05
2024-11-23 09:00:00,23.23333333333332
2024-11-23 09:30:00,37.23333333333334
2024-11-23 10:00:00,51.48333333333334
2024-11-23 10:30:00,80.46666666666667
2024-11-23 11:00:00,108.5
2024-11-23 11:30:00,138.4833333333334
2024-11-23 12:00:00,168.0166666666666
2024-11-23 12:30:00,206.8
2024-11-23 13:00:00,246.5166666666668
2024-11-23 13:30:00,277.5333333333334
2024-11-23 14:00:00,309.54999999999984
2024-11-23 14:30:00,342.8999999999998
2024-11-23 15:00:00,376.2
2024-11-23 15:30:00,388.2166666666666
2024-11-23 16:00:00,401.1500000000002
2024-11-23 16:30:00,414.06666666666683
2024-11-23 17:00:00,417.0
2024-11-23 17:30:00,419.0333333333334
2024-11-23 18:00:00,420.0
2024-11-23 18:30:00,420.0
2024-11-23 19:00:00,420.0
2024-11-23 19:30:00,420.0
2024-11-23 20:00:00,420.0
2024-11-23 20:30:00,420.0
2024-11-23 21:00:00,420.0
2024-11-23 21:30:00,420.0
2024-11-23 22:00:00,420.0
2024-11-23 22:30:00,23.66666666666668
2024-11-23 23:00:00,420.0
2024-11-23 23:30:00,420.0
2024-11-24 00:00:00,420.0
2024-11-24 00:30:00,407.1333333333332
2024-11-24 01:00:00,420.0
2024-11-24 01:30:00,420.0
2024-11-24 02:00:00,420.0
2024-11-24 02:30:00,420.0
2024-11-24 03:00:00,420.0
2024-11-24 03:30:00,420.0
2024-11-24 04:00:00,420.0
2024-11-24 04:30:00,420.0
2024-11-24 05:00:00,419.9833333333334
2024-11-24 05:30:00,419.0
2024-11-24 06:00:00,416.0
2024-11-24 06:30:00,416.0
2024-11-24 07:00:00,422.0
2024-11-24 07:30:00,422.0
2024-11-24 08:00:00,423.0
2024-11-24 08:30:00,423.0
2024-11-24 09:00:00,410.9833333333334
2024-11-24 09:30:00,409.9833333333334
2024-11-24 10:00:00,409.9500000000002
2024-11-24 10:30:00,406.9666666666668
2024-11-24 11:00:00,401.9666666666668
2024-11-24 11:30:00,399.9500000000002
2024-11-24 12:00:00,394.9333333333334
2024-11-24 12:30:00,390.9333333333334
2024-11-24 13:00:00,377.9666666666666
2024-11-24 13:30:00,375.9666666666666
2024-11-24 14:00:00,372.0
2024-11-24 14:30:00,371.9833333333334
2024-11-24 15:00:00,370.0166666666668
2024-11-24 15:30:00,371.0166666666668
2024-11-24 16:00:00,373.0
2024-11-24 16:30:00,373.0
2024-11-24 17:00:00,370.0166666666668
2024-11-24 17:30:00,370.9833333333334
2024-11-24 18:00:00,368.0833333333332
2024-11-24 18:30:00,373.0833333333332
2024-11-24 19:00:00,384.0166666666668
2024-11-24 19:30:00,385.0
2024-11-24 20:00:00,386.9833333333332
2024-11-24 20:30:00,385.9833333333334
2024-11-24 21:00:00,386.8333333333332
2024-11-24 21:30:00,289.0333333333332
2024-11-24 22:00:00,0.0
2024-11-24 22:30:00,343.85
2024-11-24 23:00:00,351.2333333333336
2024-11-24 23:30:00,0.0
2024-11-25 00:00:00,0.0
2024-11-25 00:30:00,0.0
2024-11-25 01:00:00,345.3278163888888
2024-11-25 01:30:00,329.8666666666666
2024-11-25 02:00:00,327.23333333333323
2024-11-25 02:30:00,347.9
2024-11-25 03:00:00,341.9166666666668
2024-11-25 03:30:00,334.9
2024-11-25 04:00:00,326.9166666666668
2024-11-25 04:30:00,321.9166666666668
2024-11-25 05:00:00,316.8166666666666
2024-11-25 05:30:00,305.8666666666668
2024-11-25 06:00:00,295.25
2024-11-25 06:30:00,249.7333333333334
2024-11-25 07:00:00,96.5246666666668
2024-11-25 07:30:00,73.48333333333332
2024-11-25 08:00:00,93.5166666666668
2024-11-25 08:30:00,59.681171944444436
2024-11-25 09:00:00,43.35294361111112
2024-11-25 09:30:00,24.11666666666668
2024-11-25 10:00:00,18.62678222222222
2024-11-25 10:30:00,15.95000000000002
2024-11-25 11:00:00,26.68569166666666
2024-11-25 11:30:00,13.96666666666668
2024-11-25 12:00:00,5.0666666666666575
2024-11-25 12:30:00,9.06666666666668
2024-11-25 13:00:00,13.18333333333334
2024-11-25 13:30:00,24.16666666666666
2024-11-25 14:00:00,34.30000000000002
2024-11-25 14:30:00,52.26666666666666
2024-11-25 15:00:00,71.60000000000005
2024-11-25 15:30:00,107.5833333333336
2024-11-25 16:00:00,129.0166666666668
2024-11-25 16:30:00,172.3
2024-11-25 17:00:00,222.3333333333334
2024-11-25 17:30:00,296.26666666666677
2024-11-25 18:00:00,370.3666666666668
2024-11-25 18:30:00,386.1
2024-11-25 19:00:00,413.1
2024-11-25 19:30:00,419.1
2024-11-25 20:00:00,421.0166666666666
2024-11-25 20:30:00,421.9833333333334
2024-11-25 21:00:00,421.9833333333334
2024-11-25 21:30:00,420.9833333333334
2024-11-25 22:00:00,421.0
2024-11-25 22:30:00,420.9833333333334
2024-11-25 23:00:00,420.9833333333334
2024-11-25 23:30:00,419.9833333333334
2024-11-26 00:00:00,420.0
2024-11-26 00:30:00,420.0
2024-11-26 01:00:00,421.0
2024-11-26 01:30:00,420.9833333333334
2024-11-26 02:00:00,421.0
2024-11-26 02:30:00,421.0
2024-11-26 03:00:00,425.0166666666666
2024-11-26 03:30:00,426.0
2024-11-26 04:00:00,423.0
2024-11-26 04:30:00,422.9833333333334
2024-11-26 05:00:00,416.9
2024-11-26 05:30:00,410.9
2024-11-26 06:00:00,364.95
2024-11-26 06:30:00,270.3000000000002
2024-11-26 07:00:00,61.2
2024-11-26 07:30:00,0.0
2024-11-26 08:00:00,0.0
2024-11-26 08:30:00,0.0
2024-11-26 09:00:00,0.0
2024-11-26 09:30:00,0.0
2024-11-26 10:00:00,0.0
2024-11-26 10:30:00,0.0
2024-11-26 11:00:00,0.0
2024-11-26 11:30:00,0.0
2024-11-26 12:00:00,0.0
2024-11-26 12:30:00,0.0
2024-11-26 13:00:00,0.0
2024-11-26 13:30:00,0.0
2024-11-26 14:00:00,0.0
2024-11-26 14:30:00,0.0
2024-11-26 15:00:00,0.0
2024-11-26 15:30:00,0.0
2024-11-26 16:00:00,0.0
2024-11-26 16:30:00,0.0
2024-11-26 17:00:00,0.0
2024-11-26 17:30:00,0.0
2024-11-26 18:00:00,0.0
2024-11-26 18:30:00,0.0
2024-11-26 19:00:00,0.0
2024-11-26 19:30:00,0.0
2024-11-26 20:00:00,0.0
2024-11-26 20:30:00,0.0
2024-11-26 21:00:00,0.0
2024-11-26 21:30:00,0.0
2024-11-26 22:00:00,0.0
2024-11-26 22:30:00,0.0
2024-11-26 23:00:00,0.0
2024-11-26 23:30:00,0.0
2024-11-27 00:00:00,0.0
2024-11-27 00:30:00,0.0
2024-11-27 01:00:00,0.0
2024-11-27 01:30:00,0.0
2024-11-27 02:00:00,0.0
2024-11-27 02:30:00,0.0
2024-11-27 03:00:00,0.0
2024-11-27 03:30:00,0.0
2024-11-27 04:00:00,0.0
2024-11-27 04:30:00,0.0
2024-11-27 05:00:00,0.0
2024-11-27 05:30:00,0.0
2024-11-27 06:00:00,0.0
2024-11-27 06:30:00,0.0
2024-11-27 07:00:00,0.0
2024-11-27 07:30:00,0.0
2024-11-27 08:00:00,0.0
2024-11-27 08:30:00,0.0
2024-11-27 09:00:00,0.0
2024-11-27 09:30:00,0.0
2024-11-27 10:00:00,0.0
2024-11-27 10:30:00,0.0
2024-11-27 11:00:00,0.0
2024-11-27 11:30:00,0.0
2024-11-27 12:00:00,0.0
2024-11-27 12:30:00,0.0
2024-11-27 13:00:00,0.0
2024-11-27 13:30:00,0.0
2024-11-27 14:00:00,0.0
2024-11-27 14:30:00,0.0
2024-11-27 15:00:00,0.0
2024-11-27 15:30:00,0.0
2024-11-27 16:00:00,0.0
2024-11-27 16:30:00,0.0
2024-11-27 17:00:00,0.0
2024-11-27 17:30:00,0.0
2024-11-27 18:00:00,0.0
2024-11-27 18:30:00,0.0
2024-11-27 19:00:00,0.0
2024-11-27 19:30:00,0.0
2024-11-27 20:00:00,0.0
2024-11-27 20:30:00,0.0
2024-11-27 21:00:00,0.0
2024-11-27 21:30:00,0.0
2024-11-27 22:00:00,0.0
2024-11-27 22:30:00,0.0
2024-11-27 23:00:00,0.0
2024-11-27 23:30:00,0.0
2024-11-28 00:00:00,0.0
2024-11-28 00:30:00,0.0
2024-11-28 01:00:00,0.0
2024-11-28 01:30:00,0.0
2024-11-28 02:00:00,0.0
2024-11-28 02:30:00,0.0
2024-11-28 03:00:00,0.0
2024-11-28 03:30:00,0.0
2024-11-28 04:00:00,0.0
2024-11-28 04:30:00,0.0
2024-11-28 05:00:00,0.0
2024-11-28 05:30:00,0.0
2024-11-28 06:00:00,0.0
2024-11-28 06:30:00,0.0
2024-11-28 07:00:00,0.0
2024-11-28 07:30:00,0.0
2024-11-28 08:00:00,0.0
2024-11-28 08:30:00,0.0
2024-11-28 09:00:00,0.0
2024-11-28 09:30:00,0.0
2024-11-28 10:00:00,0.0
2024-11-28 10:30:00,0.0
2024-11-28 11:00:00,0.0
2024-11-28 11:30:00,0.0
2024-11-28 12:00:00,0.0
2024-11-28 12:30:00,0.0
2024-11-28 13:00:00,0.0
2024-11-28 13:30:00,0.0
2024-11-28 14:00:00,0.0
2024-11-28 14:30:00,3.78333333333334
2024-11-28 15:00:00,28.25
2024-11-28 15:30:00,83.18333333333334
2024-11-28 16:00:00,94.4166666666666
2024-11-28 16:30:00,119.45
2024-11-28 17:00:00,146.6499999999998
2024-11-28 17:30:00,173.45
2024-11-28 18:00:00,201.9333333333334
2024-11-28 18:30:00,243.7166666666668
2024-11-28 19:00:00,299.5999999999998
2024-11-28 19:30:00,335.55
2024-11-28 20:00:00,364.2
2024-11-28 20:30:00,376.33333333333337
2024-11-28 21:00:00,391.1
2024-11-28 21:30:00,397.1166666666666
2024-11-28 22:00:00,403.08333333333337
2024-11-28 22:30:00,408.0999999999998
2024-11-28 23:00:00,413.06666666666683
2024-11-28 23:30:00,417.08333333333337
2024-11-29 00:00:00,414.05
2024-11-29 00:30:00,417.05
2024-11-29 01:00:00,417.9333333333334
2024-11-29 01:30:00,413.91666666666663
2024-11-29 02:00:00,409.9
2024-11-29 02:30:00,403.9166666666668
2024-11-29 03:00:00,399.5333333333332
2024-11-29 03:30:00,379.7
2024-11-29 04:00:00,349.54999999999984
2024-11-29 04:30:00,322.5666666666666
2024-11-29 05:00:00,293.35
2024-11-29 05:30:00,254.3166666666666
2024-11-29 06:00:00,217.70000000000022
2024-11-29 06:30:00,203.7333333333332
2024-11-29 07:00:00,174.0166666666666
2024-11-29 07:30:00,175.0
2024-11-29 08:00:00,178.0333333333332
2024-11-29 08:30:00,180.0666666666666
2024-11-29 09:00:00,186.0666666666666
2024-11-29 09:30:00,190.0666666666668
2024-11-29 10:00:00,196.9666666666668
2024-11-29 10:30:00,194.9833333333334
2024-11-29 11:00:00,198.6833333333334
2024-11-29 11:30:00,185.8166666666666
2024-11-29 12:00:00,204.89999999999998
2024-11-29 12:30:00,198.9166666666666
2024-11-29 13:00:00,160.3
2024-11-29 13:30:00,118.3833333333334
2024-11-29 14:00:00,202.95
2024-11-29 14:30:00,238.2
2024-11-29 15:00:00,249.7666666666668
2024-11-29 15:30:00,235.7333333333334
2024-11-29 16:00:00,222.9666666666668
2024-11-29 16:30:00,220.9333333333332
2024-11-29 17:00:00,218.8166666666666
2024-11-29 17:30:00,207.6166666666666
2024-11-29 18:00:00,198.3333333333332
2024-11-29 18:30:00,210.1999999999998
2024-11-29 19:00:00,250.2166666666666
2024-11-29 19:30:00,263.2166666666666
2024-11-29 20:00:00,275.3
2024-11-29 20:30:00,293.2833333333332
2024-11-29 21:00:00,308.1833333333334
2024-11-29 21:30:00,319.1666666666668
2024-11-29 22:00:00,327.2666666666668
2024-11-29 22:30:00,343.2500000000002
2024-11-29 23:00:00,355.1666666666666
2024-11-29 23:30:00,365.15
2024-11-30 00:00:00,375.95
2024-11-30 00:30:00,372.9333333333334
2024-11-30 01:00:00,383.1166666666668
2024-11-30 01:30:00,390.1
2024-11-30 02:00:00,397.0166666666666
2024-11-30 02:30:00,398.0499999999998
2024-11-30 03:00:00,401.9666666666668
2024-11-30 03:30:00,399.9666666666668
2024-11-30 04:00:00,398.9166666666668
2024-11-30 04:30:00,395.95
2024-11-30 05:00:00,393.95
2024-11-30 05:30:00,390.9
2024-11-30 06:00:00,388.75
2024-11-30 06:30:00,307.9833333333334
2024-11-30 07:00:00,284.9666666666668
2024-11-30 07:30:00,302.4666666666665
2024-11-30 08:00:00,363.7166666666666
2024-11-30 08:30:00,358.1333333333334
2024-11-30 09:00:00,341.11666666666656
2024-11-30 09:30:00,348.1333333333332
2024-11-30 10:00:00,355.0333333333334
2024-11-30 10:30:00,357.0166666666666
2024-11-30 11:00:00,355.1333333333334
2024-11-30 11:30:00,363.1666666666664
2024-11-30 12:00:00,378.8666666666666
2024-11-30 12:30:00,370.88333333333344
2024-11-30 13:00:00,362.81666666666683
2024-11-30 13:30:00,258.08333333333337
2024-11-30 14:00:00,159.9333333333332
2024-11-30 14:30:00,272.05
2024-11-30 15:00:00,316.9166666666668
2024-11-30 15:30:00,311.88333333333344
2024-11-30 16:00:00,307.8666666666666
2024-11-30 16:30:00,299.8833333333332
2024-11-30 17:00:00,290.8
2024-11-30 17:30:00,278.8333333333334
2024-11-30 18:00:00,268.8666666666666
2024-11-30 18:30:00,260.8833333333332
2024-11-30 19:00:00,297.3
2024-11-30 19:30:00,315.2833333333334
2024-11-30 20:00:00,331.3833333333332
2024-11-30 20:30:00,354.3833333333334
2024-11-30 21:00:00,375.1833333333332
2024-11-30 21:30:00,386.2833333333332
2024-11-30 22:00:00,400.13333333333344
2024-11-30 22:30:00,408.1333333333334
2024-11-30 23:00:00,415.05
2024-11-30 23:30:00,418.0333333333334
2024-12-01 00:00:00,419.0000000000002
2024-12-01 00:30:00,419.0
2024-12-01 01:00:00,419.0
2024-12-01 01:30:00,419.0
2024-12-01 02:00:00,419.0
2024-12-01 02:30:00,419.0
2024-12-01 03:00:00,419.0
2024-12-01 03:30:00,419.0
2024-12-01 04:00:00,419.0
2024-12-01 04:30:00,419.0
2024-12-01 05:00:00,420.0
2024-12-01 05:30:00,420.0166666666666
2024-12-01 06:00:00,421.0
2024-12-01 06:30:00,421.0
2024-12-01 07:00:00,422.9833333333334
2024-12-01 07:30:00,422.0166666666666
2024-12-01 08:00:00,423.0
2024-12-01 08:30:00,423.0
2024-12-01 09:00:00,424.0
2024-12-01 09:30:00,424.0
2024-12-01 10:00:00,424.0
2024-12-01 10:30:00,424.0
2024-12-01 11:00:00,423.0
2024-12-01 11:30:00,423.0
2024-12-01 12:00:00,381.6
2024-12-01 12:30:00,324.9
2024-12-01 13:00:00,389.0
2024-12-01 13:30:00,390.0
2024-12-01 14:00:00,387.9666666666666
2024-12-01 14:30:00,358.7833333333334
2024-12-01 15:00:00,282.8333333333332
2024-12-01 15:30:00,186.6666666666668
2024-12-01 16:00:00,108.63333333333325
2024-12-01 16:30:00,32.3
2024-12-01 17:00:00,0.0
2024-12-01 17:30:00,0.0
2024-12-01 18:00:00,0.0
2024-12-01 18:30:00,0.0
2024-12-01 19:00:00,0.0
2024-12-01 19:30:00,0.0
2024-12-01 20:00:00,0.0
2024-12-01 20:30:00,0.0
2024-12-01 21:00:00,0.0
2024-12-01 21:30:00,0.0
2024-12-01 22:00:00,189.9333333333334
2024-12-01 22:30:00,370.55
2024-12-01 23:00:00,403.1
2024-12-01 23:30:00,409.0833333333332
2024-12-02 00:00:00,408.0166666666666
2024-12-02 00:30:00,409.0333333333332
2024-12-02 01:00:00,405.0
2024-12-02 01:30:00,405.0166666666666
2024-12-02 02:00:00,404.0
2024-12-02 02:30:00,403.9666666666668
2024-12-02 03:00:00,404.0166666666666
2024-12-02 03:30:00,405.0166666666666
2024-12-02 04:00:00,405.0499999999998
2024-12-02 04:30:00,408.0499999999998
2024-12-02 05:00:00,408.0166666666666
2024-12-02 05:30:00,408.9666666666668
2024-12-02 06:00:00,405.95
2024-12-02 06:30:00,402.9666666666668
2024-12-02 07:00:00,424.9666666666668
2024-12-02 07:30:00,422.9500000000002
2024-12-02 08:00:00,419.9500000000002
2024-12-02 08:30:00,416.9833333333334
2024-12-02 09:00:00,408.8666666666666
2024-12-02 09:30:00,400.8666666666668
2024-12-02 10:00:00,395.9
2024-12-02 10:30:00,389.9500000000002
2024-12-02 11:00:00,388.8333333333332
2024-12-02 11:30:00,378.8499999999998
2024-12-02 12:00:00,378.0
2024-12-02 12:30:00,378.0166666666668
2024-12-02 13:00:00,374.0666666666666
2024-12-02 13:30:00,378.05
2024-12-02 14:00:00,379.8666666666666
2024-12-02 14:30:00,371.85
2024-12-02 15:00:00,348.7583333333332
2024-12-02 15:30:00,280.6583333333334
2024-12-02 16:00:00,230.83333333333326
2024-12-02 16:30:00,154.3344005555556
2024-12-02 17:00:00,27.8333333333334
2024-12-02 17:30:00,0.0
2024-12-02 18:00:00,0.0
2024-12-02 18:30:00,0.0
2024-12-02 19:00:00,0.0
2024-12-02 19:30:00,0.0
2024-12-02 20:00:00,0.0
2024-12-02 20:30:00,0.0
2024-12-02 21:00:00,0.0
2024-12-02 21:30:00,0.0
2024-12-02 22:00:00,0.0
2024-12-02 22:30:00,0.0
2024-12-02 23:00:00,0.0
2024-12-02 23:30:00,0.0
2024-12-03 00:00:00,0.0
2024-12-03 00:30:00,0.0
2024-12-03 01:00:00,0.0
2024-12-03 01:30:00,0.0
2024-12-03 02:00:00,0.0
2024-12-03 02:30:00,0.0
2024-12-03 03:00:00,0.0
2024-12-03 03:30:00,0.0
2024-12-03 04:00:00,0.0
2024-12-03 04:30:00,0.0
2024-12-03 05:00:00,0.0
2024-12-03 05:30:00,0.0
2024-12-03 06:00:00,0.0
2024-12-03 06:30:00,0.0
2024-12-03 07:00:00,0.0
2024-12-03 07:30:00,0.0
2024-12-03 08:00:00,0.0
2024-12-03 08:30:00,0.0
2024-12-03 09:00:00,0.0
2024-12-03 09:30:00,0.0
2024-12-03 10:00:00,0.0
2024-12-03 10:30:00,0.0
2024-12-03 11:00:00,0.0
2024-12-03 11:30:00,0.0
2024-12-03 12:00:00,0.0
2024-12-03 12:30:00,0.0
2024-12-03 13:00:00,0.0
2024-12-03 13:30:00,41.56666666666666
2024-12-03 14:00:00,113.3999999999998
2024-12-03 14:30:00,138.3333333333334
2024-12-03 15:00:00,272.6666666666664
2024-12-03 15:30:00,312.6666666666664
2024-12-03 16:00:00,352.3333333333336
2024-12-03 16:30:00,372.3000000000002
2024-12-03 17:00:00,246.30000000000007
2024-12-03 17:30:00,112.8
2024-12-03 18:00:00,56.6666666666666
2024-12-03 18:30:00,0.0
2024-12-03 19:00:00,0.0
2024-12-03 19:30:00,0.0
2024-12-03 20:00:00,0.0
2024-12-03 20:30:00,0.0
2024-12-03 21:00:00,0.0
2024-12-03 21:30:00,108.0833333333334
2024-12-03 22:00:00,348.33333333333337
2024-12-03 22:30:00,359.66666666666663
2024-12-03 23:00:00,291.88333333333355
2024-12-03 23:30:00,353.7166666666668
2024-12-04 00:00:00,318.66666666666663
2024-12-04 00:30:00,189.68333333333334
2024-12-04 01:00:00,0.0
2024-12-04 01:30:00,0.0
2024-12-04 02:00:00,0.0
2024-12-04 02:30:00,0.0
2024-12-04 03:00:00,0.0
2024-12-04 03:30:00,0.0
2024-12-04 04:00:00,0.0
2024-12-04 04:30:00,0.0
2024-12-04 05:00:00,0.0
2024-12-04 05:30:00,0.0
2024-12-04 06:00:00,0.0
2024-12-04 06:30:00,0.0
2024-12-04 07:00:00,0.0
2024-12-04 07:30:00,0.0
2024-12-04 08:00:00,0.0
2024-12-04 08:30:00,0.0
2024-12-04 09:00:00,0.0
2024-12-04 09:30:00,0.0
2024-12-04 10:00:00,0.0
2024-12-04 10:30:00,0.0
2024-12-04 11:00:00,0.0
2024-12-04 11:30:00,0.0
2024-12-04 12:00:00,0.0
2024-12-04 12:30:00,0.0
2024-12-04 13:00:00,0.0
2024-12-04 13:30:00,0.0
2024-12-04 14:00:00,0.0
2024-12-04 14:30:00,111.9999999999998
2024-12-04 15:00:00,153.8333333333332
2024-12-04 15:30:00,224.15
2024-12-04 16:00:00,286.63333333333344
2024-12-04 16:30:00,324.65
2024-12-04 17:00:00,357.4666666666666
2024-12-04 17:30:00,385.76666666666677
2024-12-04 18:00:00,411.1166666666668
2024-12-04 18:30:00,418.05
2024-12-04 19:00:00,415.0666666666666
2024-12-04 19:30:00,419.0333333333334
2024-12-04 20:00:00,425.0
2024-12-04 20:30:00,425.0
2024-12-04 21:00:00,425.0
2024-12-04 21:30:00,425.0
2024-12-04 22:00:00,425.0
2024-12-04 22:30:00,425.0
2024-12-04 23:00:00,425.0
2024-12-04 23:30:00,425.0
2024-12-05 00:00:00,424.0
2024-12-05 00:30:00,424.0
2024-12-05 01:00:00,424.0
2024-12-05 01:30:00,420.0
2024-12-05 02:00:00,420.0
2024-12-05 02:30:00,420.0
2024-12-05 03:00:00,416.0
2024-12-05 03:30:00,416.0
2024-12-05 04:00:00,415.75
2024-12-05 04:30:00,341.07232740740744
2024-12-05 05:00:00,348.25
2024-12-05 05:30:00,327.3166666666666
2024-12-05 06:00:00,285.7666666666666
2024-12-05 06:30:00,271.7833333333334
2024-12-05 07:00:00,276.7833333333332
2024-12-05 07:30:00,263.8000000000002
2024-12-05 08:00:00,248.03333333333342
2024-12-05 08:30:00,250.00000000000023
2024-12-05 09:00:00,246.96666666666658
2024-12-05 09:30:00,244.96666666666658
2024-12-05 10:00:00,239.1333333333332
2024-12-05 10:30:00,247.0833333333334
2024-12-05 11:00:00,249.0999999999998
2024-12-05 11:30:00,233.750347222222
2024-12-05 12:00:00,259.91666666666663
2024-12-05 12:30:00,282.3999999999998
2024-12-05 13:00:00,332.66666666666663
2024-12-05 13:30:00,312.66666666666663
2024-12-05 14:00:00,278.7333333333334
2024-12-05 14:30:00,217.95000000000022
2024-12-05 15:00:00,185.0166666666668
2024-12-05 15:30:00,32.7
2024-12-05 16:00:00,0.0
2024-12-05 16:30:00,11.28333333333332
2024-12-05 17:00:00,191.3333333333332
2024-12-05 17:30:00,187.88333333333318
2024-12-05 18:00:00,181.96666666666658
2024-12-05 18:30:00,179.95
2024-12-05 19:00:00,181.9
2024-12-05 19:30:00,175.89999999999998
2024-12-05 20:00:00,170.05
2024-12-05 20:30:00,173.0499999999998
2024-12-05 21:00:00,176.8
2024-12-05 21:30:00,166.8166666666666
2024-12-05 22:00:00,158.13333333333338
2024-12-05 22:30:00,166.11666666666662
2024-12-05 23:00:00,200.11666666666662
2024-12-05 23:30:00,207.1333333333332
2024-12-06 00:00:00,218.4833333333332
2024-12-06 00:30:00,243.4166666666668
2024-12-06 01:00:00,279.1333333333334
2024-12-06 01:30:00,287.1500000000002
2024-12-06 02:00:00,294.0166666666666
2024-12-06 02:30:00,295.0166666666666
2024-12-06 03:00:00,294.1666666666668
2024-12-06 03:30:00,304.1666666666668
2024-12-06 04:00:00,307.2833333333334
2024-12-06 04:30:00,324.2833333333334
2024-12-06 05:00:00,336.74999999999983
2024-12-06 05:30:00,369.5333333333332
2024-12-06 06:00:00,401.9000000000002
2024-12-06 06:30:00,395.8666666666666
2024-12-06 07:00:00,396.0833333333332
2024-12-06 07:30:00,401.0833333333332
2024-12-06 08:00:00,407.2333333333332
2024-12-06 08:30:00,415.1
2024-12-06 09:00:00,421.8166666666668
2024-12-06 09:30:00,388.98333333333323
2024-12-06 10:00:00,158.440746111111
2024-12-06 10:30:00,304.0166666666668
2024-12-06 11:00:00,323.91666666666663
2024-12-06 11:30:00,329.43333333333317
2024-12-06 12:00:00,139.2166666666666
2024-12-06 12:30:00,48.3
2024-12-06 13:00:00,0.0
2024-12-06 13:30:00,0.0
2024-12-06 14:00:00,0.0
2024-12-06 14:30:00,0.0
2024-12-06 15:00:00,0.0
2024-12-06 15:30:00,0.0
2024-12-06 16:00:00,0.0
2024-12-06 16:30:00,0.0
2024-12-06 17:00:00,0.0
2024-12-06 17:30:00,0.0
2024-12-06 18:00:00,0.0
2024-12-06 18:30:00,0.0
2024-12-06 19:00:00,0.0
2024-12-06 19:30:00,0.0
2024-12-06 20:00:00,0.0
2024-12-06 20:30:00,7.1499999999999995
2024-12-06 21:00:00,54.833333333333314
2024-12-06 21:30:00,44.86666666666664
2024-12-06 22:00:00,36.93333333333336
2024-12-06 22:30:00,32.93333333333336
2024-12-06 23:00:00,25.98333333333334
2024-12-06 23:30:00,24.96666666666668
2024-12-07 00:00:00,28.91666666666668
2024-12-07 00:30:00,23.88333333333332
2024-12-07 01:00:00,15.0
2024-12-07 01:30:00,14.95
2024-12-07 02:00:00,11.98333333333334
2024-12-07 02:30:00,11.0
2024-12-07 03:00:00,6.08333333333334
2024-12-07 03:30:00,11.03333333333332
2024-12-07 04:00:00,14.06666666666666
2024-12-07 04:30:00,18.08333333333332
2024-12-07 05:00:00,24.2
2024-12-07 05:30:00,36.166666666666686
2024-12-07 06:00:00,49.38333333333334
2024-12-07 06:30:00,72.36666666666666
2024-12-07 07:00:00,74.3333333333334
2024-12-07 07:30:00,94.3333333333334
2024-12-07 08:00:00,118.2666666666666
2024-12-07 08:30:00,134.3
2024-12-07 09:00:00,154.6166666666666
2024-12-07 09:30:00,183.75
2024-12-07 10:00:00,216.7666666666666
2024-12-07 10:30:00,254.6
2024-12-07 11:00:00,287.5
2024-12-07 11:30:00,317.5166666666666
2024-12-07 12:00:00,382.31666666666683
2024-12-07 12:30:00,401.4333333333334
2024-12-07 13:00:00,398.4333333333334
2024-12-07 13:30:00,414.2666666666666
2024-12-07 14:00:00,424.0166666666666
2024-12-07 14:30:00,425.0166666666666
2024-12-07 15:00:00,429.9833333333334
2024-12-07 15:30:00,429.0
2024-12-07 16:00:00,424.9666666666668
2024-12-07 16:30:00,422.9666666666668
2024-12-07 17:00:00,417.9333333333334
2024-12-07 17:30:00,413.9500000000002
2024-12-07 18:00:00,409.9666666666668
2024-12-07 18:30:00,408.0
2024-12-07 19:00:00,406.9833333333334
2024-12-07 19:30:00,405.9666666666668
2024-12-07 20:00:00,406.0
2024-12-07 20:30:00,406.0
2024-12-07 21:00:00,408.91666666666663
2024-12-07 21:30:00,403.9
2024-12-07 22:00:00,399.8833333333332
2024-12-07 22:30:00,392.9166666666668
2024-12-07 23:00:00,389.0833333333332
2024-12-07 23:30:00,394.0499999999998
2024-12-08 00:00:00,399.1166666666668
2024-12-08 00:30:00,406.11666666666656
2024-12-08 01:00:00,407.0166666666666
2024-12-08 01:30:00,408.0
2024-12-08 02:00:00,407.9666666666668
2024-12-08 02:30:00,405.9666666666668
2024-12-08 03:00:00,404.0666666666664
2024-12-08 03:30:00,408.0499999999998
2024-12-08 04:00:00,410.0333333333332
2024-12-08 04:30:00,412.0333333333332
2024-12-08 05:00:00,413.0166666666666
2024-12-08 05:30:00,414.0
2024-12-08 06:00:00,411.9833333333334
2024-12-08 06:30:00,411.0
2024-12-08 07:00:00,407.9333333333334
2024-12-08 07:30:00,403.95
2024-12-08 08:00:00,402.0
2024-12-08 08:30:00,401.9833333333334
2024-12-08 09:00:00,401.88333333333344
2024-12-08 09:30:00,394.91666666666663
2024-12-08 10:00:00,390.7333333333334
2024-12-08 10:30:00,378.7833333333334
2024-12-08 11:00:00,366.7500000000002
2024-12-08 11:30:00,351.7500000000002
2024-12-08 12:00:00,335.8000000000002
2024-12-08 12:30:00,323.7666666666666
2024-12-08 13:00:00,305.5166666666666
2024-12-08 13:30:00,276.5
2024-12-08 14:00:00,248.43333333333322
2024-12-08 14:30:00,220.3666666666668
2024-12-08 15:00:00,195.7166666666668
2024-12-08 15:30:00,178.61666666666662
2024-12-08 16:00:00,162.6166666666668
2024-12-08 16:30:00,139.65
2024-12-08 17:00:00,120.85
2024-12-08 17:30:00,106.6333333333332
2024-12-08 18:00:00,67.43333333333334
2024-12-08 18:30:00,45.8833333333334
2024-12-08 19:00:00,26.65
2024-12-08 19:30:00,0.0
2024-12-08 20:00:00,0.0
2024-12-08 20:30:00,0.0
2024-12-08 21:00:00,0.0
2024-12-08 21:30:00,0.0
2024-12-08 22:00:00,0.0
2024-12-08 22:30:00,0.0
2024-12-08 23:00:00,0.0
2024-12-08 23:30:00,0.0
2024-12-09 00:00:00,0.0
2024-12-09 00:30:00,0.0
2024-12-09 01:00:00,0.0
2024-12-09 01:30:00,0.0
2024-12-09 02:00:00,0.0
2024-12-09 02:30:00,0.0
2024-12-09 03:00:00,0.0
2024-12-09 03:30:00,0.0
2024-12-09 04:00:00,0.0
2024-12-09 04:30:00,0.0
2024-12-09 05:00:00,0.0
2024-12-09 05:30:00,0.0
2024-12-09 06:00:00,0.0
2024-12-09 06:30:00,0.0
2024-12-09 07:00:00,0.0
2024-12-09 07:30:00,0.0
2024-12-09 08:00:00,0.0
2024-12-09 08:30:00,0.0
2024-12-09 09:00:00,0.0
2024-12-09 09:30:00,0.0
2024-12-09 10:00:00,0.0
2024-12-09 10:30:00,0.0
2024-12-09 11:00:00,0.0
2024-12-09 11:30:00,0.0
2024-12-09 12:00:00,0.0
2024-12-09 12:30:00,0.0
2024-12-09 13:00:00,0.0
2024-12-09 13:30:00,0.0
2024-12-09 14:00:00,0.0
2024-12-09 14:30:00,0.0
2024-12-09 15:00:00,0.0
2024-12-09 15:30:00,0.0
2024-12-09 16:00:00,0.0
2024-12-09 16:30:00,0.0
2024-12-09 17:00:00,0.0
2024-12-09 17:30:00,0.0
2024-12-09 18:00:00,0.0
2024-12-09 18:30:00,0.0
2024-12-09 19:00:00,0.0
2024-12-09 19:30:00,0.0
2024-12-09 20:00:00,0.0
2024-12-09 20:30:00,0.0
2024-12-09 21:00:00,0.0
2024-12-09 21:30:00,0.0
2024-12-09 22:00:00,0.0
2024-12-09 22:30:00,0.0
2024-12-09 23:00:00,0.0
2024-12-09 23:30:00,0.0
2024-12-10 00:00:00,0.0
2024-12-10 00:30:00,0.0
2024-12-10 01:00:00,0.0
2024-12-10 01:30:00,0.0
2024-12-10 02:00:00,0.0
2024-12-10 02:30:00,0.0
2024-12-10 03:00:00,0.0
2024-12-10 03:30:00,0.0
2024-12-10 04:00:00,0.0
2024-12-10 04:30:00,0.0
2024-12-10 05:00:00,0.0
2024-12-10 05:30:00,0.0
2024-12-10 06:00:00,0.0
2024-12-10 06:30:00,0.0
2024-12-10 07:00:00,0.0
2024-12-10 07:30:00,0.0
2024-12-10 08:00:00,0.0
2024-12-10 08:30:00,0.0
2024-12-10 09:00:00,0.0
2024-12-10 09:30:00,0.0
2024-12-10 10:00:00,0.0
2024-12-10 10:30:00,0.0
2024-12-10 11:00:00,0.0
2024-12-10 11:30:00,0.0
2024-12-10 12:00:00,0.0
2024-12-10 12:30:00,0.0
2024-12-10 13:00:00,0.0
2024-12-10 13:30:00,0.0
2024-12-10 14:00:00,0.0
2024-12-10 14:30:00,0.0
2024-12-10 15:00:00,0.0
2024-12-10 15:30:00,0.0
2024-12-10 16:00:00,0.0
2024-12-10 16:30:00,0.0
2024-12-10 17:00:00,0.0
2024-12-10 17:30:00,0.0
2024-12-10 18:00:00,0.0
2024-12-10 18:30:00,0.0
2024-12-10 19:00:00,0.0
2024-12-10 19:30:00,0.0
2024-12-10 20:00:00,0.0
2024-12-10 20:30:00,0.0
2024-12-10 21:00:00,0.0
2024-12-10 21:30:00,0.0
2024-12-10 22:00:00,0.0
2024-12-10 22:30:00,0.0
2024-12-10 23:00:00,0.0
2024-12-10 23:30:00,0.0
2024-12-11 00:00:00,0.0
2024-12-11 00:30:00,0.0
2024-12-11 01:00:00,0.0
2024-12-11 01:30:00,0.0
2024-12-11 02:00:00,0.0
2024-12-11 02:30:00,0.0
2024-12-11 03:00:00,0.0
2024-12-11 03:30:00,0.0
2024-12-11 04:00:00,0.0
2024-12-11 04:30:00,0.0
2024-12-11 05:00:00,0.0
2024-12-11 05:30:00,0.0
2024-12-11 06:00:00,0.0
2024-12-11 06:30:00,0.0
2024-12-11 07:00:00,0.0
2024-12-11 07:30:00,0.0
2024-12-11 08:00:00,0.0
2024-12-11 08:30:00,0.0
2024-12-11 09:00:00,0.0
2024-12-11 09:30:00,0.0
2024-12-11 10:00:00,0.0
2024-12-11 10:30:00,0.0
2024-12-11 11:00:00,0.0
2024-12-11 11:30:00,0.0
2024-12-11 12:00:00,0.0
2024-12-11 12:30:00,0.0
2024-12-11 13:00:00,0.0
2024-12-11 13:30:00,0.0
2024-12-11 14:00:00,0.0
2024-12-11 14:30:00,0.0
2024-12-11 15:00:00,0.0
2024-12-11 15:30:00,0.0
2024-12-11 16:00:00,0.0
2024-12-11 16:30:00,0.0
2024-12-11 17:00:00,0.0
2024-12-11 17:30:00,0.0
2024-12-11 18:00:00,0.0
2024-12-11 18:30:00,0.0
2024-12-11 19:00:00,0.0
2024-12-11 19:30:00,0.0
2024-12-11 20:00:00,0.0
2024-12-11 20:30:00,0.0
2024-12-11 21:00:00,0.0
2024-12-11 21:30:00,0.0
2024-12-11 22:00:00,0.0
2024-12-11 22:30:00,0.0
2024-12-11 23:00:00,0.0
2024-12-11 23:30:00,0.0
2024-12-12 00:00:00,0.0
2024-12-12 00:30:00,0.0
2024-12-12 01:00:00,0.0
2024-12-12 01:30:00,0.0
2024-12-12 02:00:00,0.0
2024-12-12 02:30:00,0.0
2024-12-12 03:00:00,0.0
2024-12-12 03:30:00,0.0
2024-12-12 04:00:00,0.0
2024-12-12 04:30:00,0.0
2024-12-12 05:00:00,0.0
2024-12-12 05:30:00,0.0
2024-12-12 06:00:00,0.0
2024-12-12 06:30:00,0.0
2024-12-12 07:00:00,0.0
2024-12-12 07:30:00,0.0
2024-12-12 08:00:00,0.0
2024-12-12 08:30:00,0.0
2024-12-12 09:00:00,0.0
2024-12-12 09:30:00,0.0
2024-12-12 10:00:00,0.0
2024-12-12 10:30:00,0.0
2024-12-12 11:00:00,0.0
2024-12-12 11:30:00,0.0
2024-12-12 12:00:00,0.0
2024-12-12 12:30:00,0.0
2024-12-12 13:00:00,0.0
2024-12-12 13:30:00,0.0
2024-12-12 14:00:00,0.0
2024-12-12 14:30:00,0.0
2024-12-12 15:00:00,0.0
2024-12-12 15:30:00,0.0
2024-12-12 16:00:00,0.0
2024-12-12 16:30:00,0.0
2024-12-12 17:00:00,0.0
2024-12-12 17:30:00,0.0
2024-12-12 18:00:00,0.0
2024-12-12 18:30:00,0.0
2024-12-12 19:00:00,0.0
2024-12-12 19:30:00,0.0
2024-12-12 20:00:00,0.0
2024-12-12 20:30:00,0.0
2024-12-12 21:00:00,0.0
2024-12-12 21:30:00,0.0
2024-12-12 22:00:00,0.0
2024-12-12 22:30:00,0.0
2024-12-12 23:00:00,0.0
2024-12-12 23:30:00,0.0
2024-12-13 00:00:00,0.0
2024-12-13 00:30:00,0.0
2024-12-13 01:00:00,0.0
2024-12-13 01:30:00,0.0
2024-12-13 02:00:00,0.0
2024-12-13 02:30:00,0.0
2024-12-13 03:00:00,0.0
2024-12-13 03:30:00,0.0
2024-12-13 04:00:00,0.0
2024-12-13 04:30:00,0.0
2024-12-13 05:00:00,0.0
2024-12-13 05:30:00,0.0
2024-12-13 06:00:00,0.0
2024-12-13 06:30:00,0.0
2024-12-13 07:00:00,0.0
2024-12-13 07:30:00,0.0
2024-12-13 08:00:00,0.0
2024-12-13 08:30:00,0.0
2024-12-13 09:00:00,0.0
2024-12-13 09:30:00,0.0
2024-12-13 10:00:00,0.0
2024-12-13 10:30:00,0.0
2024-12-13 11:00:00,0.0
2024-12-13 11:30:00,0.0
2024-12-13 12:00:00,0.0
2024-12-13 12:30:00,0.0
2024-12-13 13:00:00,0.0
2024-12-13 13:30:00,0.0
2024-12-13 14:00:00,0.0
2024-12-13 14:30:00,0.0
2024-12-13 15:00:00,0.0
2024-12-13 15:30:00,0.0
2024-12-13 16:00:00,0.0
2024-12-13 16:30:00,0.0
2024-12-13 17:00:00,0.0
2024-12-13 17:30:00,0.0
2024-12-13 18:00:00,0.0
2024-12-13 18:30:00,0.0
2024-12-13 19:00:00,0.0
2024-12-13 19:30:00,0.0
2024-12-13 20:00:00,0.0
2024-12-13 20:30:00,0.0
2024-12-13 21:00:00,0.0
2024-12-13 21:30:00,0.0
2024-12-13 22:00:00,0.0
2024-12-13 22:30:00,0.0
2024-12-13 23:00:00,0.0
2024-12-13 23:30:00,0.0
2024-12-14 00:00:00,0.0
2024-12-14 00:30:00,0.0
2024-12-14 01:00:00,0.0
2024-12-14 01:30:00,0.0
2024-12-14 02:00:00,0.0
2024-12-14 02:30:00,0.0
2024-12-14 03:00:00,0.0
2024-12-14 03:30:00,0.0
2024-12-14 04:00:00,0.0
2024-12-14 04:30:00,0.0
2024-12-14 05:00:00,0.0
2024-12-14 05:30:00,0.0
2024-12-14 06:00:00,0.0
2024-12-14 06:30:00,0.0
2024-12-14 07:00:00,0.0
2024-12-14 07:30:00,0.0
2024-12-14 08:00:00,0.0
2024-12-14 08:30:00,0.0
2024-12-14 09:00:00,0.0
2024-12-14 09:30:00,0.0
2024-12-14 10:00:00,0.0
2024-12-14 10:30:00,0.0
2024-12-14 11:00:00,0.0
2024-12-14 11:30:00,0.0
2024-12-14 12:00:00,0.0
2024-12-14 12:30:00,0.0
2024-12-14 13:00:00,0.0
2024-12-14 13:30:00,0.0
2024-12-14 14:00:00,0.0
2024-12-14 14:30:00,0.0
2024-12-14 15:00:00,0.0
2024-12-14 15:30:00,0.0
2024-12-14 16:00:00,0.0
2024-12-14 16:30:00,0.0
2024-12-14 17:00:00,0.0
2024-12-14 17:30:00,0.0
2024-12-14 18:00:00,0.0
2024-12-14 18:30:00,0.0
2024-12-14 19:00:00,0.0
2024-12-14 19:30:00,0.0
2024-12-14 20:00:00,0.0
2024-12-14 20:30:00,0.0
2024-12-14 21:00:00,0.0
2024-12-14 21:30:00,0.0
2024-12-14 22:00:00,0.0
2024-12-14 22:30:00,0.0
2024-12-14 23:00:00,0.0
2024-12-14 23:30:00,0.0
2024-12-15 00:00:00,0.0
2024-12-15 00:30:00,0.0
2024-12-15 01:00:00,0.0
2024-12-15 01:30:00,0.0
2024-12-15 02:00:00,0.0
2024-12-15 02:30:00,0.0
2024-12-15 03:00:00,0.0
2024-12-15 03:30:00,0.0
2024-12-15 04:00:00,0.0
2024-12-15 04:30:00,67.65
2024-12-15 05:00:00,179.96666666666664
2024-12-15 05:30:00,239.0
2024-12-15 06:00:00,240.0
2024-12-15 06:30:00,198.0
2024-12-15 07:00:00,197.0
2024-12-15 07:30:00,197.0
2024-12-15 08:00:00,197.0
2024-12-15 08:30:00,197.0
2024-12-15 09:00:00,197.9833333333334
2024-12-15 09:30:00,246.0
2024-12-15 10:00:00,246.0
2024-12-15 10:30:00,212.0
2024-12-15 11:00:00,188.0
2024-12-15 11:30:00,184.0
2024-12-15 12:00:00,184.0
2024-12-15 12:30:00,184.35000000000002
2024-12-15 13:00:00,201.0
2024-12-15 13:30:00,184.0
2024-12-15 14:00:00,184.0
2024-12-15 14:30:00,184.0
2024-12-15 15:00:00,184.0
2024-12-15 15:30:00,179.65
2024-12-15 16:00:00,175.78333333333342
2024-12-15 16:30:00,188.70000000000022
2024-12-15 17:00:00,288.0
2024-12-15 17:30:00,213.0
2024-12-15 18:00:00,213.0
2024-12-15 18:30:00,200.0
2024-12-15 19:00:00,206.2
2024-12-15 19:30:00,236.0
2024-12-15 20:00:00,236.0
2024-12-15 20:30:00,236.0
2024-12-15 21:00:00,236.0
2024-12-15 21:30:00,236.4166666666666
2024-12-15 22:00:00,261.0
2024-12-15 22:30:00,279.7833333333333
2024-12-15 23:00:00,284.0
2024-12-15 23:30:00,284.0
2024-12-16 00:00:00,284.0
2024-12-16 00:30:00,296.0
2024-12-16 01:00:00,292.0
2024-12-16 01:30:00,292.0
2024-12-16 02:00:00,292.0
2024-12-16 02:30:00,292.0
2024-12-16 03:00:00,292.0
2024-12-16 03:30:00,292.0
2024-12-16 04:00:00,293.0
2024-12-16 04:30:00,292.9833333333334
2024-12-16 05:00:00,293.0
2024-12-16 05:30:00,293.0
2024-12-16 06:00:00,293.0
2024-12-16 06:30:00,289.0
2024-12-16 07:00:00,269.7333333333334
2024-12-16 07:30:00,135.43333333333334
2024-12-16 08:00:00,289.0
2024-12-16 08:30:00,289.0
2024-12-16 09:00:00,289.0
2024-12-16 09:30:00,289.0
2024-12-16 10:00:00,217.46666666666664
2024-12-16 10:30:00,215.0
2024-12-16 11:00:00,215.0
2024-12-16 11:30:00,235.96666666666658
2024-12-16 12:00:00,288.0
2024-12-16 12:30:00,288.0
2024-12-16 13:00:00,285.0
2024-12-16 13:30:00,285.0
2024-12-16 14:00:00,284.0
2024-12-16 14:30:00,283.9833333333334
2024-12-16 15:00:00,281.9666666666668
2024-12-16 15:30:00,279.9666666666668
2024-12-16 16:00:00,274.9333333333334
2024-12-16 16:30:00,270.9166666666668
2024-12-16 17:00:00,268.8833333333334
2024-12-16 17:30:00,262.1166666666668
2024-12-16 18:00:00,255.8333333333334
2024-12-16 18:30:00,220.85
2024-12-16 19:00:00,195.9333333333334
2024-12-16 19:30:00,191.95000000000022
2024-12-16 20:00:00,185.93333333333362
2024-12-16 20:30:00,183.2666666666666
2024-12-16 21:00:00,219.71666666666658
2024-12-16 21:30:00,155.8166666666668
2024-12-16 22:00:00,124.9166666666668
2024-12-16 22:30:00,6.93333333333334
2024-12-16 23:00:00,0.0
2024-12-16 23:30:00,0.0
2024-12-17 00:00:00,0.0
2024-12-17 00:30:00,0.0
2024-12-17 01:00:00,0.0
2024-12-17 01:30:00,0.0
2024-12-17 02:00:00,0.0
2024-12-17 02:30:00,0.0
2024-12-17 03:00:00,0.0
2024-12-17 03:30:00,0.0
2024-12-17 04:00:00,0.0
2024-12-17 04:30:00,0.0
2024-12-17 05:00:00,0.0
2024-12-17 05:30:00,0.0
2024-12-17 06:00:00,0.0
2024-12-17 06:30:00,0.0
2024-12-17 07:00:00,0.0
2024-12-17 07:30:00,0.0
2024-12-17 08:00:00,0.0
2024-12-17 08:30:00,0.0
2024-12-17 09:00:00,0.0
2024-12-17 09:30:00,0.0
2024-12-17 10:00:00,0.0
2024-12-17 10:30:00,0.0
2024-12-17 11:00:00,45.24999999999998
2024-12-17 11:30:00,47.01666666666666
2024-12-17 12:00:00,50.183333333333344
2024-12-17 12:30:00,61.16666666666668
2024-12-17 13:00:00,115.25
2024-12-17 13:30:00,130.2833333333334
2024-12-17 14:00:00,149.2166666666668
2024-12-17 14:30:00,198.0166666666668
2024-12-17 15:00:00,245.56666666666678
2024-12-17 15:30:00,219.3333333333334
2024-12-17 16:00:00,192.05
2024-12-17 16:30:00,195.05
2024-12-17 17:00:00,198.88333333333318
2024-12-17 17:30:00,191.88333333333318
2024-12-17 18:00:00,185.4166666666666
2024-12-17 18:30:00,233.7833333333334
2024-12-17 19:00:00,280.5
2024-12-17 19:30:00,306.3166666666666
2024-12-17 20:00:00,325.5333333333332
2024-12-17 20:30:00,357.70000000000016
2024-12-17 21:00:00,392.11666666666656
2024-12-17 21:30:00,399.08333333333337
2024-12-17 22:00:00,407.0333333333332
2024-12-17 22:30:00,409.0499999999998
2024-12-17 23:00:00,410.0833333333332
2024-12-17 23:30:00,415.1
2024-12-18 00:00:00,422.9666666666666
2024-12-18 00:30:00,421.0
2024-12-18 01:00:00,421.95
2024-12-18 01:30:00,418.9666666666666
2024-12-18 02:00:00,415.9666666666668
2024-12-18 02:30:00,413.9666666666668
2024-12-18 03:00:00,410.0
2024-12-18 03:30:00,410.0333333333332
2024-12-18 04:00:00,413.0166666666666
2024-12-18 04:30:00,413.9833333333334
2024-12-18 05:00:00,413.0166666666666
2024-12-18 05:30:00,414.0
2024-12-18 06:00:00,414.11666666666656
2024-12-18 06:30:00,419.0833333333332
2024-12-18 07:00:00,424.0166666666668
2024-12-18 07:30:00,425.0166666666666
2024-12-18 08:00:00,425.0
2024-12-18 08:30:00,425.0
2024-12-18 09:00:00,426.0
2024-12-18 09:30:00,426.0
2024-12-18 10:00:00,424.9833333333334
2024-12-18 10:30:00,423.9833333333334
2024-12-18 11:00:00,423.0
2024-12-18 11:30:00,423.0
2024-12-18 12:00:00,425.0
2024-12-18 12:30:00,425.0
2024-12-18 13:00:00,423.0
2024-12-18 13:30:00,423.0
2024-12-18 14:00:00,423.0
2024-12-18 14:30:00,423.0
2024-12-18 15:00:00,425.0
2024-12-18 15:30:00,425.0
2024-12-18 16:00:00,424.0
2024-12-18 16:30:00,424.0
2024-12-18 17:00:00,424.0
2024-12-18 17:30:00,424.0
2024-12-18 18:00:00,424.0
2024-12-18 18:30:00,424.0
2024-12-18 19:00:00,424.0
2024-12-18 19:30:00,424.0
2024-12-18 20:00:00,424.0
2024-12-18 20:30:00,424.0
2024-12-18 21:00:00,423.0
2024-12-18 21:30:00,423.0
2024-12-18 22:00:00,410.0
2024-12-18 22:30:00,410.0
2024-12-18 23:00:00,410.0
2024-12-18 23:30:00,410.0
2024-12-19 00:00:00,410.0
2024-12-19 00:30:00,410.0
2024-12-19 01:00:00,410.0
2024-12-19 01:30:00,220.12949166666667
2024-12-19 02:00:00,410.0
2024-12-19 02:30:00,20.16666666666666
2024-12-19 03:00:00,0.0
2024-12-19 03:30:00,0.0
2024-12-19 04:00:00,0.0
2024-12-19 04:30:00,0.0
2024-12-19 05:00:00,0.0
2024-12-19 05:30:00,395.7333333333332
2024-12-19 06:00:00,410.0
2024-12-19 06:30:00,410.0
2024-12-19 07:00:00,410.0
2024-12-19 07:30:00,410.0
2024-12-19 08:00:00,410.0
2024-12-19 08:30:00,410.0
2024-12-19 09:00:00,410.0
2024-12-19 09:30:00,410.2833333333334
2024-12-19 10:00:00,423.0
2024-12-19 10:30:00,423.0
2024-12-19 11:00:00,423.0
2024-12-19 11:30:00,423.0
2024-12-19 12:00:00,423.0
2024-12-19 12:30:00,423.0
2024-12-19 13:00:00,423.0
2024-12-19 13:30:00,423.0
2024-12-19 14:00:00,424.0
2024-12-19 14:30:00,424.0
2024-12-19 15:00:00,424.0
2024-12-19 15:30:00,424.0
2024-12-19 16:00:00,424.0
2024-12-19 16:30:00,424.0
2024-12-19 17:00:00,426.0166666666666
2024-12-19 17:30:00,427.0
2024-12-19 18:00:00,415.0
2024-12-19 18:30:00,415.0166666666666
2024-12-19 19:00:00,409.75
2024-12-19 19:30:00,398.8500000000002
2024-12-19 20:00:00,308.4651625
2024-12-19 20:30:00,11.46666666666666
2024-12-19 21:00:00,0.0
2024-12-19 21:30:00,0.0
2024-12-19 22:00:00,0.0
2024-12-19 22:30:00,0.0
2024-12-19 23:00:00,0.0
2024-12-19 23:30:00,0.0
2024-12-20 00:00:00,0.0
2024-12-20 00:30:00,0.0
2024-12-20 01:00:00,0.0
2024-12-20 01:30:00,0.0
2024-12-20 02:00:00,0.0
2024-12-20 02:30:00,0.0
2024-12-20 03:00:00,0.0
2024-12-20 03:30:00,0.0
2024-12-20 04:00:00,0.0
2024-12-20 04:30:00,31.88333333333332
2024-12-20 05:00:00,95.8000000000002
2024-12-20 05:30:00,144.0666666666668
2024-12-20 06:00:00,193.55
2024-12-20 06:30:00,258.1166666666668
2024-12-20 07:00:00,308.6333333333334
2024-12-20 07:30:00,346.91666666666663
2024-12-20 08:00:00,346.2666666666666
2024-12-20 08:30:00,343.4666666666666
2024-12-20 09:00:00,409.9833333333334
2024-12-20 09:30:00,408.9833333333334
2024-12-20 10:00:00,407.95
2024-12-20 10:30:00,404.9833333333334
2024-12-20 11:00:00,405.6666666666668
2024-12-20 11:30:00,387.70000000000016
2024-12-20 12:00:00,396.8166666666666
2024-12-20 12:30:00,385.8166666666666
2024-12-20 13:00:00,360.0999999999998
2024-12-20 13:30:00,366.1
2024-12-20 14:00:00,371.0666666666664
2024-12-20 14:30:00,375.0333333333332
2024-12-20 15:00:00,380.0166666666666
2024-12-20 15:30:00,381.0499999999998
2024-12-20 16:00:00,391.0833333333332
2024-12-20 16:30:00,396.0666666666666
2024-12-20 17:00:00,332.44999999999976
2024-12-20 17:30:00,349.1999999999998
2024-12-20 18:00:00,395.9833333333334
2024-12-20 18:30:00,352.95
2024-12-20 19:00:00,300.9833333333334
2024-12-20 19:30:00,322.8833333333334
2024-12-20 20:00:00,373.1
2024-12-20 20:30:00,376.65
2024-12-20 21:00:00,394.9333333333334
2024-12-20 21:30:00,390.35000000000025
2024-12-20 22:00:00,376.8666666666668
2024-12-20 22:30:00,368.85
2024-12-20 23:00:00,362.8
2024-12-20 23:30:00,350.8499999999998
2024-12-21 00:00:00,361.8166666666666
2024-12-21 00:30:00,15.88333333333336
2024-12-21 01:00:00,193.4333333333332
2024-12-21 01:30:00,291.7833333333332
2024-12-21 02:00:00,278.8833333333334
2024-12-21 02:30:00,271.8833333333334
2024-12-21 03:00:00,270.9111217327458
2024-12-21 03:30:00,327.02222222222224
2024-12-21 04:00:00,341.7
2024-12-21 04:30:00,373.73333333333323
2024-12-21 05:00:00,405.1333333333334
2024-12-21 05:30:00,411.15
2024-12-21 06:00:00,420.05
2024-12-21 06:30:00,423.0666666666666
2024-12-21 07:00:00,426.9666666666666
2024-12-21 07:30:00,424.9666666666668
2024-12-21 08:00:00,423.0166666666666
2024-12-21 08:30:00,424.0166666666666
2024-12-21 09:00:00,424.9833333333334
2024-12-21 09:30:00,423.9833333333334
2024-12-21 10:00:00,423.0166666666666
2024-12-21 10:30:00,424.0166666666666
2024-12-21 11:00:00,424.9833333333334
2024-12-21 11:30:00,423.9833333333334
2024-12-21 12:00:00,425.0
2024-12-21 12:30:00,425.0
2024-12-21 13:00:00,423.0
2024-12-21 13:30:00,423.0
2024-12-21 14:00:00,424.0
2024-12-21 14:30:00,424.0
2024-12-21 15:00:00,423.0
2024-12-21 15:30:00,423.0
2024-12-21 16:00:00,423.0
2024-12-21 16:30:00,423.0
2024-12-21 17:00:00,423.0
2024-12-21 17:30:00,423.0
2024-12-21 18:00:00,423.0
2024-12-21 18:30:00,423.0
2024-12-21 19:00:00,423.0
2024-12-21 19:30:00,423.0
2024-12-21 20:00:00,423.0
2024-12-21 20:30:00,423.0
2024-12-21 21:00:00,425.0
2024-12-21 21:30:00,424.9833333333334
2024-12-21 22:00:00,410.0
2024-12-21 22:30:00,410.0
2024-12-21 23:00:00,410.5
2024-12-21 23:30:00,386.58333333333337
2024-12-22 00:00:00,389.0
2024-12-22 00:30:00,388.9833333333334
2024-12-22 01:00:00,387.9333333333334
2024-12-22 01:30:00,383.9666666666666
2024-12-22 02:00:00,382.0166666666668
2024-12-22 02:30:00,337.33333333333337
2024-12-22 03:00:00,344.0
2024-12-22 03:30:00,343.9833333333334
2024-12-22 04:00:00,344.9666666666666
2024-12-22 04:30:00,342.9666666666668
2024-12-22 05:00:00,335.25
2024-12-22 05:30:00,350.2333333333334
2024-12-22 06:00:00,363.16666666666663
2024-12-22 06:30:00,373.15
2024-12-22 07:00:00,288.49999999999983
2024-12-22 07:30:00,318.5166666666666
2024-12-22 08:00:00,347.35
2024-12-22 08:30:00,368.3666666666668
2024-12-22 09:00:00,393.2500000000002
2024-12-22 09:30:00,406.3999999999998
2024-12-22 10:00:00,417.0666666666666
2024-12-22 10:30:00,421.0666666666666
2024-12-22 11:00:00,424.0
2024-12-22 11:30:00,423.9833333333334
2024-12-22 12:00:00,424.9833333333334
2024-12-22 12:30:00,423.9833333333334
2024-12-22 13:00:00,424.9833333333334
2024-12-22 13:30:00,424.0
2024-12-22 14:00:00,424.9833333333334
2024-12-22 14:30:00,423.9833333333334
2024-12-22 15:00:00,424.0
2024-12-22 15:30:00,423.9833333333334
2024-12-22 16:00:00,424.0
2024-12-22 16:30:00,424.0
2024-12-22 17:00:00,424.9833333333334
2024-12-22 17:30:00,424.0
2024-12-22 18:00:00,424.9833333333334
2024-12-22 18:30:00,424.0
2024-12-22 19:00:00,427.0
2024-12-22 19:30:00,427.0
2024-12-22 20:00:00,428.0
2024-12-22 20:30:00,428.0
2024-12-22 21:00:00,428.9833333333334
2024-12-22 21:30:00,428.0
2024-12-22 22:00:00,426.0
2024-12-22 22:30:00,426.0
2024-12-22 23:00:00,423.9833333333334
2024-12-22 23:30:00,422.9833333333334
2024-12-23 00:00:00,418.9666666666668
2024-12-23 00:30:00,416.9333333333334
2024-12-23 01:00:00,412.9
2024-12-23 01:30:00,406.85
2024-12-23 02:00:00,402.8666666666668
2024-12-23 02:30:00,394.85
2024-12-23 03:00:00,388.6333333333332
2024-12-23 03:30:00,366.6000000000002
2024-12-23 04:00:00,338.75
2024-12-23 04:30:00,323.7
2024-12-23 05:00:00,306.4666666666668
2024-12-23 05:30:00,127.46666666666661
2024-12-23 06:00:00,0.0
2024-12-23 06:30:00,0.0
2024-12-23 07:00:00,0.0
2024-12-23 07:30:00,0.0
2024-12-23 08:00:00,0.0
2024-12-23 08:30:00,0.0
2024-12-23 09:00:00,0.0
2024-12-23 09:30:00,0.0
2024-12-23 10:00:00,0.0
2024-12-23 10:30:00,0.0
2024-12-23 11:00:00,0.0
2024-12-23 11:30:00,0.0
2024-12-23 12:00:00,0.0
2024-12-23 12:30:00,0.0
2024-12-23 13:00:00,0.0
2024-12-23 13:30:00,0.0
2024-12-23 14:00:00,0.0
2024-12-23 14:30:00,0.0
2024-12-23 15:00:00,0.0
2024-12-23 15:30:00,0.0
2024-12-23 16:00:00,0.0
2024-12-23 16:30:00,0.0
2024-12-23 17:00:00,0.0
2024-12-23 17:30:00,0.0
2024-12-23 18:00:00,0.0
2024-12-23 18:30:00,0.0
2024-12-23 19:00:00,0.0
2024-12-23 19:30:00,0.0
2024-12-23 20:00:00,161.6166666666668
2024-12-23 20:30:00,312.93333333333317
2024-12-23 21:00:00,405.9666666666668
2024-12-23 21:30:00,403.9666666666668
2024-12-23 22:00:00,400.9333333333334
2024-12-23 22:30:00,396.9166666666668
2024-12-23 23:00:00,395.9833333333334
2024-12-23 23:30:00,308.28333333333353
2024-12-24 00:00:00,292.86666666666656
2024-12-24 00:30:00,376.5
2024-12-24 01:00:00,376.9333333333334
2024-12-24 01:30:00,372.9333333333334
2024-12-24 02:00:00,370.7833333333332
2024-12-24 02:30:00,357.7666666666666
2024-12-24 03:00:00,342.0666666666666
2024-12-24 03:30:00,346.0666666666666
2024-12-24 04:00:00,349.0333333333334
2024-12-24 04:30:00,351.0333333333332
2024-12-24 05:00:00,350.7666666666666
2024-12-24 05:30:00,336.7833333333332
2024-12-24 06:00:00,317.38333333333344
2024-12-24 06:30:00,280.4166666666668
2024-12-24 07:00:00,267.76666666666677
2024-12-24 07:30:00,253.7833333333332
2024-12-24 08:00:00,244.1666666666668
2024-12-24 08:30:00,208.0666666666668
2024-12-24 09:00:00,171.7333333333334
2024-12-24 09:30:00,203.25
2024-12-24 10:00:00,251.5833333333334
2024-12-24 10:30:00,286.58333333333337
2024-12-24 11:00:00,328.8666666666666
2024-12-24 11:30:00,371.65
2024-12-24 12:00:00,401.2166666666666
2024-12-24 12:30:00,408.15
2024-12-24 13:00:00,417.9833333333334
2024-12-24 13:30:00,417.0166666666668
2024-12-24 14:00:00,418.9833333333334
2024-12-24 14:30:00,417.9666666666668
2024-12-24 15:00:00,416.9833333333334
2024-12-24 15:30:00,415.9833333333334
2024-12-24 16:00:00,415.9833333333334
2024-12-24 16:30:00,402.05
2024-12-24 17:00:00,212.89999999999998
2024-12-24 17:30:00,182.6
2024-12-24 18:00:00,379.0
2024-12-24 18:30:00,379.0
2024-12-24 19:00:00,380.0
2024-12-24 19:30:00,380.0
2024-12-24 20:00:00,380.0
2024-12-24 20:30:00,380.0
2024-12-24 21:00:00,380.0
2024-12-24 21:30:00,380.0
2024-12-24 22:00:00,379.0
2024-12-24 22:30:00,379.0
2024-12-24 23:00:00,379.0
2024-12-24 23:30:00,379.0
2024-12-25 00:00:00,379.0
2024-12-25 00:30:00,379.0
2024-12-25 01:00:00,379.0
2024-12-25 01:30:00,379.0
2024-12-25 02:00:00,379.0
2024-12-25 02:30:00,379.0
2024-12-25 03:00:00,379.0
2024-12-25 03:30:00,379.0
2024-12-25 04:00:00,380.0
2024-12-25 04:30:00,380.0
2024-12-25 05:00:00,380.0
2024-12-25 05:30:00,380.0
2024-12-25 06:00:00,380.0
2024-12-25 06:30:00,380.0
2024-12-25 07:00:00,380.0
2024-12-25 07:30:00,380.0
2024-12-25 08:00:00,381.0
2024-12-25 08:30:00,381.0
2024-12-25 09:00:00,381.0
2024-12-25 09:30:00,381.0
2024-12-25 10:00:00,380.0166666666666
2024-12-25 10:30:00,401.9833333333334
2024-12-25 11:00:00,417.0
2024-12-25 11:30:00,416.9833333333334
2024-12-25 12:00:00,417.0
2024-12-25 12:30:00,416.9833333333334
2024-12-25 13:00:00,411.9833333333334
2024-12-25 13:30:00,411.0
2024-12-25 14:00:00,409.9500000000002
2024-12-25 14:30:00,406.9666666666668
2024-12-25 15:00:00,403.2499999999998
2024-12-25 15:30:00,412.1333333333332
2024-12-25 16:00:00,419.9666666666668
2024-12-25 16:30:00,417.9166666666668
2024-12-25 17:00:00,416.9833333333334
2024-12-25 17:30:00,416.0
2024-12-25 18:00:00,415.9833333333334
2024-12-25 18:30:00,415.0
2024-12-25 19:00:00,415.0
2024-12-25 19:30:00,415.0
2024-12-25 20:00:00,415.0166666666666
2024-12-25 20:30:00,416.0
2024-12-25 21:00:00,416.0
2024-12-25 21:30:00,416.0166666666666
2024-12-25 22:00:00,392.9
2024-12-25 22:30:00,388.9
2024-12-25 23:00:00,386.73333333333323
2024-12-25 23:30:00,370.7
2024-12-26 00:00:00,315.3166666666668
2024-12-26 00:30:00,334.3
2024-12-26 01:00:00,161.86666666666673
2024-12-26 01:30:00,0.0
2024-12-26 02:00:00,0.0
2024-12-26 02:30:00,0.0
2024-12-26 03:00:00,0.0
2024-12-26 03:30:00,0.0
2024-12-26 04:00:00,0.0
2024-12-26 04:30:00,0.0
2024-12-26 05:00:00,0.0
2024-12-26 05:30:00,0.0
2024-12-26 06:00:00,0.0
2024-12-26 06:30:00,0.0
2024-12-26 07:00:00,0.0
2024-12-26 07:30:00,0.0
2024-12-26 08:00:00,0.0
2024-12-26 08:30:00,0.0
2024-12-26 09:00:00,0.0
2024-12-26 09:30:00,0.0
2024-12-26 10:00:00,0.0
2024-12-26 10:30:00,0.0
2024-12-26 11:00:00,0.0
2024-12-26 11:30:00,0.0
2024-12-26 12:00:00,0.0
2024-12-26 12:30:00,0.0
2024-12-26 13:00:00,0.0
2024-12-26 13:30:00,0.0
2024-12-26 14:00:00,0.0
2024-12-26 14:30:00,0.0
2024-12-26 15:00:00,0.0
2024-12-26 15:30:00,0.0
2024-12-26 16:00:00,0.0
2024-12-26 16:30:00,0.0
2024-12-26 17:00:00,0.0
2024-12-26 17:30:00,0.0
2024-12-26 18:00:00,0.0
2024-12-26 18:30:00,0.0
2024-12-26 19:00:00,0.0
2024-12-26 19:30:00,0.0
2024-12-26 20:00:00,0.0
2024-12-26 20:30:00,0.0
2024-12-26 21:00:00,0.0
2024-12-26 21:30:00,0.0
2024-12-26 22:00:00,0.0
2024-12-26 22:30:00,0.0
2024-12-26 23:00:00,0.0
2024-12-26 23:30:00,0.0
2024-12-27 00:00:00,0.0
2024-12-27 00:30:00,0.0
2024-12-27 01:00:00,0.0
2024-12-27 01:30:00,0.0
2024-12-27 02:00:00,0.0
2024-12-27 02:30:00,0.0
2024-12-27 03:00:00,0.0
2024-12-27 03:30:00,0.0
2024-12-27 04:00:00,0.0
2024-12-27 04:30:00,0.0
2024-12-27 05:00:00,0.0
2024-12-27 05:30:00,0.0
2024-12-27 06:00:00,0.0
2024-12-27 06:30:00,0.0
2024-12-27 07:00:00,0.0
2024-12-27 07:30:00,0.0
2024-12-27 08:00:00,0.0
2024-12-27 08:30:00,0.0
2024-12-27 09:00:00,0.0
2024-12-27 09:30:00,0.0
2024-12-27 10:00:00,0.0
2024-12-27 10:30:00,0.0
2024-12-27 11:00:00,0.0
2024-12-27 11:30:00,0.0
2024-12-27 12:00:00,0.0
2024-12-27 12:30:00,0.0
2024-12-27 13:00:00,0.0
2024-12-27 13:30:00,0.0
2024-12-27 14:00:00,0.0
2024-12-27 14:30:00,0.0
2024-12-27 15:00:00,0.0
2024-12-27 15:30:00,0.0
2024-12-27 16:00:00,0.0
2024-12-27 16:30:00,0.0
2024-12-27 17:00:00,0.0
2024-12-27 17:30:00,0.0
2024-12-27 18:00:00,0.0
2024-12-27 18:30:00,0.0
2024-12-27 19:00:00,0.0
2024-12-27 19:30:00,0.0
2024-12-27 20:00:00,0.0
2024-12-27 20:30:00,0.0
2024-12-27 21:00:00,0.0
2024-12-27 21:30:00,0.0
2024-12-27 22:00:00,0.0
2024-12-27 22:30:00,0.0
2024-12-27 23:00:00,0.0
2024-12-27 23:30:00,0.0
2024-12-28 00:00:00,0.0
2024-12-28 00:30:00,0.0
2024-12-28 01:00:00,0.0
2024-12-28 01:30:00,0.0
2024-12-28 02:00:00,0.0
2024-12-28 02:30:00,0.0
2024-12-28 03:00:00,0.0
2024-12-28 03:30:00,0.0
2024-12-28 04:00:00,0.0
2024-12-28 04:30:00,0.0
2024-12-28 05:00:00,0.0
2024-12-28 05:30:00,0.0
2024-12-28 06:00:00,0.0
2024-12-28 06:30:00,0.0
2024-12-28 07:00:00,0.0
2024-12-28 07:30:00,0.0
2024-12-28 08:00:00,0.0
2024-12-28 08:30:00,0.0
2024-12-28 09:00:00,0.0
2024-12-28 09:30:00,0.0
2024-12-28 10:00:00,0.0
2024-12-28 10:30:00,0.0
2024-12-28 11:00:00,0.0
2024-12-28 11:30:00,0.0
2024-12-28 12:00:00,0.0
2024-12-28 12:30:00,0.0
2024-12-28 13:00:00,0.0
2024-12-28 13:30:00,0.0
2024-12-28 14:00:00,0.0
2024-12-28 14:30:00,0.0
2024-12-28 15:00:00,0.0
2024-12-28 15:30:00,0.0
2024-12-28 16:00:00,0.0
2024-12-28 16:30:00,0.0
2024-12-28 17:00:00,0.0
2024-12-28 17:30:00,0.0
2024-12-28 18:00:00,101.25000000000006
2024-12-28 18:30:00,345.8166666666666
2024-12-28 19:00:00,376.23333333333323
2024-12-28 19:30:00,419.0166666666668
2024-12-28 20:00:00,420.9833333333334
2024-12-28 20:30:00,420.0
2024-12-28 21:00:00,420.9833333333334
2024-12-28 21:30:00,419.9833333333334
2024-12-28 22:00:00,419.0
2024-12-28 22:30:00,419.0166666666666
2024-12-28 23:00:00,419.0
2024-12-28 23:30:00,419.0166666666666
2024-12-29 00:00:00,420.0
2024-12-29 00:30:00,420.0
2024-12-29 01:00:00,421.0
2024-12-29 01:30:00,421.0
2024-12-29 02:00:00,419.0166666666666
2024-12-29 02:30:00,420.0
2024-12-29 03:00:00,420.0
2024-12-29 03:30:00,420.0
2024-12-29 04:00:00,415.9500000000002
2024-12-29 04:30:00,412.9833333333334
2024-12-29 05:00:00,412.0
2024-12-29 05:30:00,412.0166666666666
2024-12-29 06:00:00,412.9833333333334
2024-12-29 06:30:00,411.9666666666668
2024-12-29 07:00:00,416.9
2024-12-29 07:30:00,410.85
2024-12-29 08:00:00,403.9000000000002
2024-12-29 08:30:00,399.9500000000002
2024-12-29 09:00:00,399.8999999999998
2024-12-29 09:30:00,393.8666666666666
2024-12-29 10:00:00,388.65
2024-12-29 10:30:00,367.6499999999998
2024-12-29 11:00:00,342.9
2024-12-29 11:30:00,336.85
2024-12-29 12:00:00,276.55
2024-12-29 12:30:00,249.5166666666668
2024-12-29 13:00:00,189.7
2024-12-29 13:30:00,171.6666666666666
2024-12-29 14:00:00,151.6833333333332
2024-12-29 14:30:00,132.65
2024-12-29 15:00:00,114.6333333333332
2024-12-29 15:30:00,92.68333333333314
2024-12-29 16:00:00,69.86666666666666
2024-12-29 16:30:00,61.84999999999998
2024-12-29 17:00:00,55.69999999999998
2024-12-29 17:30:00,37.71666666666668
2024-12-29 18:00:00,22.0
2024-12-29 18:30:00,21.98333333333334
2024-12-29 19:00:00,39.98333333333334
2024-12-29 19:30:00,38.96666666666668
2024-12-29 20:00:00,38.98333333333334
2024-12-29 20:30:00,37.98333333333334
2024-12-29 21:00:00,38.01666666666666
2024-12-29 21:30:00,39.03333333333332
2024-12-29 22:00:00,43.08333333333332
2024-12-29 22:30:00,48.1
2024-12-29 23:00:00,57.13333333333336
2024-12-29 23:30:00,65.08333333333331
2024-12-30 00:00:00,71.84999999999998
2024-12-30 00:30:00,62.849999999999994
2024-12-30 01:00:00,37.93333333333334
2024-12-30 01:30:00,33.91666666666668
2024-12-30 02:00:00,29.933333333333337
2024-12-30 02:30:00,25.95
2024-12-30 03:00:00,24.01666666666666
2024-12-30 03:30:00,25.0
2024-12-30 04:00:00,26.96666666666668
2024-12-30 04:30:00,24.91666666666668
2024-12-30 05:00:00,23.01666666666666
2024-12-30 05:30:00,24.0
2024-12-30 06:00:00,25.09999999999998
2024-12-30 06:30:00,31.11666666666668
2024-12-30 07:00:00,43.150000000000006
2024-12-30 07:30:00,52.166666666666686
2024-12-30 08:00:00,63.45
2024-12-30 08:30:00,90.41666666666666
2024-12-30 09:00:00,116.2166666666668
2024-12-30 09:30:00,129.1666666666666
2024-12-30 10:00:00,139.75
2024-12-30 10:30:00,124.75
2024-12-30 11:00:00,111.9166666666666
2024-12-30 11:30:00,106.93333333333354
2024-12-30 12:00:00,103.1
2024-12-30 12:30:00,109.0833333333332
2024-12-30 13:00:00,126.8833333333332
2024-12-30 13:30:00,119.8666666666666
2024-12-30 14:00:00,114.0333333333332
2024-12-30 14:30:00,116.0333333333332
2024-12-30 15:00:00,120.8166666666664
2024-12-30 15:30:00,97.9666666666666
2024-12-30 16:00:00,27.533333333333328
2024-12-30 16:30:00,0.0
2024-12-30 17:00:00,0.0
2024-12-30 17:30:00,0.0
2024-12-30 18:00:00,0.0
2024-12-30 18:30:00,0.0
2024-12-30 19:00:00,0.0
2024-12-30 19:30:00,0.0
2024-12-30 20:00:00,0.0
2024-12-30 20:30:00,0.0
2024-12-30 21:00:00,0.0
2024-12-30 21:30:00,10.100000000000014
2024-12-30 22:00:00,15.96666666666668
2024-12-30 22:30:00,14.01666666666666
2024-12-30 23:00:00,16.96666666666668
2024-12-30 23:30:00,14.96666666666668
2024-12-31 00:00:00,16.03333333333332
2024-12-31 00:30:00,18.03333333333332
2024-12-31 01:00:00,20.26666666666664
2024-12-31 01:30:00,35.39999999999998
2024-12-31 02:00:00,0.0
2024-12-31 02:30:00,0.0
2024-12-31 03:00:00,0.0
2024-12-31 03:30:00,0.0
2024-12-31 04:00:00,0.0
2024-12-31 04:30:00,0.0
2024-12-31 05:00:00,0.0
2024-12-31 05:30:00,0.0
2024-12-31 06:00:00,1.15
2024-12-31 06:30:00,291.5
2024-12-31 07:00:00,244.4666666666668
2024-12-31 07:30:00,272.50000000000017
2024-12-31 08:00:00,302.6333333333334
2024-12-31 08:30:00,340.6166666666666
2024-12-31 09:00:00,374.1166666666664
2024-12-31 09:30:00,294.05
2024-12-31 10:00:00,298.1
2024-12-31 10:30:00,302.1
2024-12-31 11:00:00,213.0166666666666
2024-12-31 11:30:00,371.3833333333332
2024-12-31 12:00:00,386.0333333333332
2024-12-31 12:30:00,409.2
2024-12-31 13:00:00,413.0166666666668
2024-12-31 13:30:00,414.0166666666666
2024-12-31 14:00:00,416.9833333333334
2024-12-31 14:30:00,416.05
2024-12-31 15:00:00,419.0166666666666
2024-12-31 15:30:00,420.0
2024-12-31 16:00:00,419.0
2024-12-31 16:30:00,419.0
2024-12-31 17:00:00,415.0
2024-12-31 17:30:00,415.0166666666666
2024-12-31 18:00:00,418.0
2024-12-31 18:30:00,418.0
2024-12-31 19:00:00,412.0
2024-12-31 19:30:00,412.0166666666666
2024-12-31 20:00:00,413.0
2024-12-31 20:30:00,413.0166666666666
2024-12-31 21:00:00,414.08333333333337
2024-12-31 21:30:00,419.06666666666683
2024-12-31 22:00:00,419.0166666666668
2024-12-31 22:30:00,420.0166666666666
2024-12-31 23:00:00,421.0
2024-12-31 23:30:00,420.9833333333334
2025-01-01 00:00:00,421.0
2025-01-01 00:30:00,421.0
2025-01-01 01:00:00,420.9833333333334
2025-01-01 01:30:00,420.0
2025-01-01 02:00:00,421.0
2025-01-01 02:30:00,421.0
2025-01-01 03:00:00,421.0166666666666
2025-01-01 03:30:00,422.0
2025-01-01 04:00:00,423.0166666666666
2025-01-01 04:30:00,424.0
2025-01-01 05:00:00,422.9666666666668
2025-01-01 05:30:00,420.9666666666668
2025-01-01 06:00:00,419.0
2025-01-01 06:30:00,419.0166666666666
2025-01-01 07:00:00,398.0
2025-01-01 07:30:00,397.9666666666668
2025-01-01 08:00:00,397.0166666666666
2025-01-01 08:30:00,19.96666666666666
2025-01-01 09:00:00,0.0
2025-01-01 09:30:00,0.0
2025-01-01 10:00:00,20.01666666666668
2025-01-01 10:30:00,368.6999999999998
2025-01-01 11:00:00,403.4450677777776
2025-01-01 11:30:00,397.0304777777778
2025-01-01 12:00:00,406.0833333333332
2025-01-01 12:30:00,411.0666666666666
2025-01-01 13:00:00,413.0
2025-01-01 13:30:00,385.88333333333344
2025-01-01 14:00:00,263.65
2025-01-01 14:30:00,167.2
2025-01-01 15:00:00,92.0
2025-01-01 15:30:00,27.6
2025-01-01 16:00:00,60.1333333333334
2025-01-01 16:30:00,308.2416666666668
2025-01-01 17:00:00,264.7083333333332
2025-01-01 17:30:00,229.8500000000002
2025-01-01 18:00:00,317.2166666666666
2025-01-01 18:30:00,353.0333333333332
2025-01-01 19:00:00,353.0166666666666
2025-01-01 19:30:00,316.1333333333332
2025-01-01 20:00:00,357.0
2025-01-01 20:30:00,357.0
2025-01-01 21:00:00,329.9833333333334
2025-01-01 21:30:00,183.9666666666668
2025-01-01 22:00:00,182.0166666666666
2025-01-01 22:30:00,155.4666666666668
2025-01-01 23:00:00,0.0
2025-01-01 23:30:00,0.0
2025-01-02 00:00:00,0.0
2025-01-02 00:30:00,0.0
2025-01-02 01:00:00,0.0
2025-01-02 01:30:00,0.0
2025-01-02 02:00:00,0.0
2025-01-02 02:30:00,0.0
2025-01-02 03:00:00,0.0
2025-01-02 03:30:00,0.0
2025-01-02 04:00:00,0.0
2025-01-02 04:30:00,0.0
2025-01-02 05:00:00,0.0
2025-01-02 05:30:00,56.66666666666674
2025-01-02 06:00:00,137.0
2025-01-02 06:30:00,108.01666666666665
2025-01-02 07:00:00,135.2333333333334
2025-01-02 07:30:00,187.9166666666666
2025-01-02 08:00:00,189.0
2025-01-02 08:30:00,328.35
2025-01-02 09:00:00,355.0
2025-01-02 09:30:00,355.0
2025-01-02 10:00:00,299.0333333333334
2025-01-02 10:30:00,182.96666666666658
2025-01-02 11:00:00,20.5833333333334
2025-01-02 11:30:00,57.0
2025-01-02 12:00:00,19.43333333333334
2025-01-02 12:30:00,0.0
2025-01-02 13:00:00,0.0
2025-01-02 13:30:00,0.0
2025-01-02 14:00:00,0.0
2025-01-02 14:30:00,0.0
2025-01-02 15:00:00,0.0
2025-01-02 15:30:00,0.0
2025-01-02 16:00:00,0.0
2025-01-02 16:30:00,0.0
2025-01-02 17:00:00,0.0
2025-01-02 17:30:00,0.0
2025-01-02 18:00:00,0.0
2025-01-02 18:30:00,0.0
2025-01-02 19:00:00,0.0
2025-01-02 19:30:00,0.0
2025-01-02 20:00:00,228.5666666666668
2025-01-02 20:30:00,371.9833333333334
2025-01-02 21:00:00,372.0
2025-01-02 21:30:00,372.0
2025-01-02 22:00:00,376.0
2025-01-02 22:30:00,376.0
2025-01-02 23:00:00,370.0
2025-01-02 23:30:00,370.0
2025-01-03 00:00:00,373.0
2025-01-03 00:30:00,373.0
2025-01-03 01:00:00,370.95
2025-01-03 01:30:00,367.8666666666668
2025-01-03 02:00:00,363.9166666666668
2025-01-03 02:30:00,358.9
2025-01-03 03:00:00,355.0166666666666
2025-01-03 03:30:00,356.0
2025-01-03 04:00:00,357.9
2025-01-03 04:30:00,351.9
2025-01-03 05:00:00,348.93333333333317
2025-01-03 05:30:00,344.9333333333336
2025-01-03 06:00:00,345.0499999999998
2025-01-03 06:30:00,309.75
2025-01-03 07:00:00,180.98333333333346
2025-01-03 07:30:00,174.96666666666658
2025-01-03 08:00:00,174.89999999999998
2025-01-03 08:30:00,168.9166666666668
2025-01-03 09:00:00,165.88333333333338
2025-01-03 09:30:00,158.88333333333338
2025-01-03 10:00:00,155.0166666666666
2025-01-03 10:30:00,152.0333333333332
2025-01-03 11:00:00,154.86666666666662
2025-01-03 11:30:00,77.5666666666666
2025-01-03 12:00:00,0.0
2025-01-03 12:30:00,0.0
2025-01-03 13:00:00,0.0
2025-01-03 13:30:00,0.0
2025-01-03 14:00:00,0.0
2025-01-03 14:30:00,0.0
2025-01-03 15:00:00,0.0
2025-01-03 15:30:00,0.0
2025-01-03 16:00:00,0.0
2025-01-03 16:30:00,0.0
2025-01-03 17:00:00,0.0
2025-01-03 17:30:00,0.0
2025-01-03 18:00:00,0.0
2025-01-03 18:30:00,0.0
2025-01-03 19:00:00,0.0
2025-01-03 19:30:00,0.0
2025-01-03 20:00:00,0.0
2025-01-03 20:30:00,0.0
2025-01-03 21:00:00,0.0
2025-01-03 21:30:00,0.0
2025-01-03 22:00:00,0.0
2025-01-03 22:30:00,0.0
2025-01-03 23:00:00,0.0
2025-01-03 23:30:00,0.0
2025-01-04 00:00:00,0.0
2025-01-04 00:30:00,0.0
2025-01-04 01:00:00,0.0
2025-01-04 01:30:00,0.0
2025-01-04 02:00:00,0.0
2025-01-04 02:30:00,0.0
2025-01-04 03:00:00,0.0
2025-01-04 03:30:00,0.0
2025-01-04 04:00:00,0.0
2025-01-04 04:30:00,0.0
2025-01-04 05:00:00,0.0
2025-01-04 05:30:00,0.0
2025-01-04 06:00:00,0.0
2025-01-04 06:30:00,0.0
2025-01-04 07:00:00,0.0
2025-01-04 07:30:00,0.0
2025-01-04 08:00:00,0.0
2025-01-04 08:30:00,0.0
2025-01-04 09:00:00,0.0
2025-01-04 09:30:00,0.0
2025-01-04 10:00:00,0.0
2025-01-04 10:30:00,0.0
2025-01-04 11:00:00,0.0
2025-01-04 11:30:00,0.0
2025-01-04 12:00:00,0.0
2025-01-04 12:30:00,0.0
2025-01-04 13:00:00,0.0
2025-01-04 13:30:00,0.0
2025-01-04 14:00:00,0.0
2025-01-04 14:30:00,0.0
2025-01-04 15:00:00,0.0
2025-01-04 15:30:00,0.0
2025-01-04 16:00:00,0.0
2025-01-04 16:30:00,0.0
2025-01-04 17:00:00,0.0
2025-01-04 17:30:00,0.0
2025-01-04 18:00:00,0.0
2025-01-04 18:30:00,0.0
2025-01-04 19:00:00,0.0
2025-01-04 19:30:00,0.0
2025-01-04 20:00:00,0.0
2025-01-04 20:30:00,0.0
2025-01-04 21:00:00,0.0
2025-01-04 21:30:00,0.0
2025-01-04 22:00:00,0.0
2025-01-04 22:30:00,0.0
2025-01-04 23:00:00,0.0
2025-01-04 23:30:00,0.0
2025-01-05 00:00:00,0.0
2025-01-05 00:30:00,0.0
2025-01-05 01:00:00,0.0
2025-01-05 01:30:00,0.0
2025-01-05 02:00:00,0.0
2025-01-05 02:30:00,0.0
2025-01-05 03:00:00,0.0
2025-01-05 03:30:00,0.0
2025-01-05 04:00:00,0.0
2025-01-05 04:30:00,0.0
2025-01-05 05:00:00,0.0
2025-01-05 05:30:00,0.0
2025-01-05 06:00:00,0.0
2025-01-05 06:30:00,0.0
2025-01-05 07:00:00,0.0
2025-01-05 07:30:00,0.0
2025-01-05 08:00:00,0.0
2025-01-05 08:30:00,0.0
2025-01-05 09:00:00,0.0
2025-01-05 09:30:00,0.0
2025-01-05 10:00:00,0.0
2025-01-05 10:30:00,0.0
2025-01-05 11:00:00,0.0
2025-01-05 11:30:00,0.0
2025-01-05 12:00:00,0.0
2025-01-05 12:30:00,0.0
2025-01-05 13:00:00,0.0
2025-01-05 13:30:00,0.0
2025-01-05 14:00:00,0.0
2025-01-05 14:30:00,0.0
2025-01-05 15:00:00,0.0
2025-01-05 15:30:00,0.0
2025-01-05 16:00:00,0.0
2025-01-05 16:30:00,0.0
2025-01-05 17:00:00,0.0
2025-01-05 17:30:00,0.0
2025-01-05 18:00:00,0.0
2025-01-05 18:30:00,0.0
2025-01-05 19:00:00,0.0
2025-01-05 19:30:00,0.0
2025-01-05 20:00:00,0.0
2025-01-05 20:30:00,0.0
2025-01-05 21:00:00,0.0
2025-01-05 21:30:00,0.0
2025-01-05 22:00:00,0.0
2025-01-05 22:30:00,0.0
2025-01-05 23:00:00,0.0
2025-01-05 23:30:00,0.0
2025-01-06 00:00:00,0.0
2025-01-06 00:30:00,0.0
2025-01-06 01:00:00,0.0
2025-01-06 01:30:00,0.0
2025-01-06 02:00:00,0.0
2025-01-06 02:30:00,0.0
2025-01-06 03:00:00,0.0
2025-01-06 03:30:00,0.0
2025-01-06 04:00:00,0.0
2025-01-06 04:30:00,0.0
2025-01-06 05:00:00,0.0
2025-01-06 05:30:00,0.0
2025-01-06 06:00:00,0.0
2025-01-06 06:30:00,0.0
2025-01-06 07:00:00,0.0
2025-01-06 07:30:00,0.0
2025-01-06 08:00:00,0.0
2025-01-06 08:30:00,0.0
2025-01-06 09:00:00,0.0
2025-01-06 09:30:00,0.0
2025-01-06 10:00:00,0.0
2025-01-06 10:30:00,0.0
2025-01-06 11:00:00,0.0
2025-01-06 11:30:00,0.0
2025-01-06 12:00:00,0.0
2025-01-06 12:30:00,0.0
2025-01-06 13:00:00,0.0
2025-01-06 13:30:00,0.0
2025-01-06 14:00:00,0.0
2025-01-06 14:30:00,0.0
2025-01-06 15:00:00,0.0
2025-01-06 15:30:00,0.0
2025-01-06 16:00:00,227.04999999999995
2025-01-06 16:30:00,392.83333333333337
2025-01-06 17:00:00,419.0
2025-01-06 17:30:00,419.0
2025-01-06 18:00:00,418.0
2025-01-06 18:30:00,418.0
2025-01-06 19:00:00,418.0
2025-01-06 19:30:00,393.5
2025-01-06 20:00:00,406.0
2025-01-06 20:30:00,406.0
2025-01-06 21:00:00,406.0
2025-01-06 21:30:00,411.8
2025-01-06 22:00:00,418.0
2025-01-06 22:30:00,418.0
2025-01-06 23:00:00,417.9833333333334
2025-01-06 23:30:00,417.0
2025-01-07 00:00:00,417.9833333333334
2025-01-07 00:30:00,417.0
2025-01-07 01:00:00,416.0166666666666
2025-01-07 01:30:00,417.0
2025-01-07 02:00:00,416.0166666666666
2025-01-07 02:30:00,416.9833333333334
2025-01-07 03:00:00,416.9833333333334
2025-01-07 03:30:00,351.0
2025-01-07 04:00:00,348.2833333333334
2025-01-07 04:30:00,333.5
2025-01-07 05:00:00,329.05
2025-01-07 05:30:00,403.0
2025-01-07 06:00:00,403.0
2025-01-07 06:30:00,403.6
2025-01-07 07:00:00,415.0
2025-01-07 07:30:00,415.0
2025-01-07 08:00:00,415.0
2025-01-07 08:30:00,415.0
2025-01-07 09:00:00,415.0
2025-01-07 09:30:00,415.0
2025-01-07 10:00:00,415.0
2025-01-07 10:30:00,415.0
2025-01-07 11:00:00,415.0
2025-01-07 11:30:00,415.0
2025-01-07 12:00:00,415.0
2025-01-07 12:30:00,415.0
2025-01-07 13:00:00,415.0
2025-01-07 13:30:00,415.0
2025-01-07 14:00:00,416.0
2025-01-07 14:30:00,415.9833333333334
2025-01-07 15:00:00,416.0
2025-01-07 15:30:00,416.0
2025-01-07 16:00:00,416.0
2025-01-07 16:30:00,407.3
2025-01-07 17:00:00,333.75
2025-01-07 17:30:00,283.4848933333334
2025-01-07 18:00:00,178.32549444444442
2025-01-07 18:30:00,129.05000000000007
2025-01-07 19:00:00,349.58333333333337
2025-01-07 19:30:00,420.0
2025-01-07 20:00:00,420.9833333333334
2025-01-07 20:30:00,416.0
2025-01-07 21:00:00,417.0
2025-01-07 21:30:00,416.9833333333334
2025-01-07 22:00:00,417.0
2025-01-07 22:30:00,417.0
2025-01-07 23:00:00,418.0333333333332
2025-01-07 23:30:00,420.0
2025-01-08 00:00:00,418.9666666666668
2025-01-08 00:30:00,416.9833333333334
2025-01-08 01:00:00,419.9833333333334
2025-01-08 01:30:00,418.9500000000002
2025-01-08 02:00:00,412.91666666666663
2025-01-08 02:30:00,407.9333333333334
2025-01-08 03:00:00,401.9000000000002
2025-01-08 03:30:00,397.91666666666663
2025-01-08 04:00:00,397.8333333333332
2025-01-08 04:30:00,387.85
2025-01-08 05:00:00,195.1666666666668
2025-01-08 05:30:00,134.1
2025-01-08 06:00:00,145.98333333333318
2025-01-08 06:30:00,135.11666666666662
2025-01-08 07:00:00,76.7
2025-01-08 07:30:00,14.6
2025-01-08 08:00:00,0.0
2025-01-08 08:30:00,0.0
2025-01-08 09:00:00,0.0
2025-01-08 09:30:00,0.0
2025-01-08 10:00:00,0.0
2025-01-08 10:30:00,0.0
2025-01-08 11:00:00,0.0
2025-01-08 11:30:00,0.0
2025-01-08 12:00:00,0.0
2025-01-08 12:30:00,0.0
2025-01-08 13:00:00,0.0
2025-01-08 13:30:00,0.0
2025-01-08 14:00:00,0.0
2025-01-08 14:30:00,0.0
2025-01-08 15:00:00,0.0
2025-01-08 15:30:00,0.0
2025-01-08 16:00:00,0.0
2025-01-08 16:30:00,0.0
2025-01-08 17:00:00,0.0
2025-01-08 17:30:00,0.0
2025-01-08 18:00:00,0.0
2025-01-08 18:30:00,0.0
2025-01-08 19:00:00,0.0
2025-01-08 19:30:00,0.0
2025-01-08 20:00:00,0.0
2025-01-08 20:30:00,0.0
2025-01-08 21:00:00,0.0
2025-01-08 21:30:00,0.0
2025-01-08 22:00:00,0.0
2025-01-08 22:30:00,0.0
2025-01-08 23:00:00,0.0
2025-01-08 23:30:00,0.0
2025-01-09 00:00:00,0.0
2025-01-09 00:30:00,0.0
2025-01-09 01:00:00,0.0
2025-01-09 01:30:00,0.0
2025-01-09 02:00:00,0.0
2025-01-09 02:30:00,0.0
2025-01-09 03:00:00,0.0
2025-01-09 03:30:00,0.0
2025-01-09 04:00:00,0.0
2025-01-09 04:30:00,73.3
2025-01-09 05:00:00,10.53333333333334
2025-01-09 05:30:00,0.0
2025-01-09 06:00:00,0.0
2025-01-09 06:30:00,0.0
2025-01-09 07:00:00,0.0
2025-01-09 07:30:00,0.0
2025-01-09 08:00:00,0.0
2025-01-09 08:30:00,0.0
2025-01-09 09:00:00,0.0
2025-01-09 09:30:00,0.0
2025-01-09 10:00:00,0.0
2025-01-09 10:30:00,0.0
2025-01-09 11:00:00,0.0
2025-01-09 11:30:00,0.0
2025-01-09 12:00:00,0.0
2025-01-09 12:30:00,0.0
2025-01-09 13:00:00,0.0
2025-01-09 13:30:00,0.0
2025-01-09 14:00:00,0.0
2025-01-09 14:30:00,0.0
2025-01-09 15:00:00,0.0
2025-01-09 15:30:00,0.0
2025-01-09 16:00:00,0.0
2025-01-09 16:30:00,0.0
2025-01-09 17:00:00,0.0
2025-01-09 17:30:00,0.0
2025-01-09 18:00:00,0.0
2025-01-09 18:30:00,0.0
2025-01-09 19:00:00,0.0
2025-01-09 19:30:00,0.0
2025-01-09 20:00:00,0.0
2025-01-09 20:30:00,0.0
2025-01-09 21:00:00,0.0
2025-01-09 21:30:00,0.0
2025-01-09 22:00:00,0.0
2025-01-09 22:30:00,0.0
2025-01-09 23:00:00,0.0
2025-01-09 23:30:00,0.0
2025-01-10 00:00:00,0.0
2025-01-10 00:30:00,0.0
2025-01-10 01:00:00,0.0
2025-01-10 01:30:00,0.0
2025-01-10 02:00:00,0.0
2025-01-10 02:30:00,0.0
2025-01-10 03:00:00,0.0
2025-01-10 03:30:00,0.0
2025-01-10 04:00:00,0.0
2025-01-10 04:30:00,0.0
2025-01-10 05:00:00,0.0
2025-01-10 05:30:00,0.0
2025-01-10 06:00:00,0.0
2025-01-10 06:30:00,0.0
2025-01-10 07:00:00,0.0
2025-01-10 07:30:00,0.0
2025-01-10 08:00:00,0.0
2025-01-10 08:30:00,0.0
2025-01-10 09:00:00,0.0
2025-01-10 09:30:00,0.0
2025-01-10 10:00:00,0.0
2025-01-10 10:30:00,0.0
2025-01-10 11:00:00,0.0
2025-01-10 11:30:00,0.0
2025-01-10 12:00:00,0.0
2025-01-10 12:30:00,0.0
2025-01-10 13:00:00,0.0
2025-01-10 13:30:00,0.0
2025-01-10 14:00:00,0.0
2025-01-10 14:30:00,0.0
2025-01-10 15:00:00,0.0
2025-01-10 15:30:00,0.0
2025-01-10 16:00:00,0.0
2025-01-10 16:30:00,0.0
2025-01-10 17:00:00,0.0
2025-01-10 17:30:00,0.0
2025-01-10 18:00:00,0.0
2025-01-10 18:30:00,0.0
2025-01-10 19:00:00,0.0
2025-01-10 19:30:00,0.0
2025-01-10 20:00:00,0.0
2025-01-10 20:30:00,0.0
2025-01-10 21:00:00,0.0
2025-01-10 21:30:00,0.0
2025-01-10 22:00:00,0.0
2025-01-10 22:30:00,0.0
2025-01-10 23:00:00,0.0
2025-01-10 23:30:00,0.0
2025-01-11 00:00:00,0.0
2025-01-11 00:30:00,0.0
2025-01-11 01:00:00,0.0
2025-01-11 01:30:00,0.0
2025-01-11 02:00:00,0.0
2025-01-11 02:30:00,0.0
2025-01-11 03:00:00,0.0
2025-01-11 03:30:00,0.0
2025-01-11 04:00:00,0.0
2025-01-11 04:30:00,0.0
2025-01-11 05:00:00,0.0
2025-01-11 05:30:00,0.0
2025-01-11 06:00:00,0.0
2025-01-11 06:30:00,0.0
2025-01-11 07:00:00,0.0
2025-01-11 07:30:00,0.0
2025-01-11 08:00:00,0.0
2025-01-11 08:30:00,0.0
2025-01-11 09:00:00,0.0
2025-01-11 09:30:00,0.0
2025-01-11 10:00:00,0.0
2025-01-11 10:30:00,0.0
2025-01-11 11:00:00,0.0
2025-01-11 11:30:00,0.0
2025-01-11 12:00:00,0.0
2025-01-11 12:30:00,0.0
2025-01-11 13:00:00,0.0
2025-01-11 13:30:00,0.0
2025-01-11 14:00:00,0.0
2025-01-11 14:30:00,0.0
2025-01-11 15:00:00,0.0
2025-01-11 15:30:00,0.0
2025-01-11 16:00:00,0.0
2025-01-11 16:30:00,0.0
2025-01-11 17:00:00,0.0
2025-01-11 17:30:00,0.0
2025-01-11 18:00:00,0.0
2025-01-11 18:30:00,0.0
2025-01-11 19:00:00,0.0
2025-01-11 19:30:00,0.0
2025-01-11 20:00:00,0.0
2025-01-11 20:30:00,0.0
2025-01-11 21:00:00,0.0
2025-01-11 21:30:00,0.0
2025-01-11 22:00:00,0.0
2025-01-11 22:30:00,0.0
2025-01-11 23:00:00,0.0
2025-01-11 23:30:00,0.0
2025-01-12 00:00:00,0.0
2025-01-12 00:30:00,0.0
2025-01-12 01:00:00,0.0
2025-01-12 01:30:00,0.0
2025-01-12 02:00:00,0.0
2025-01-12 02:30:00,0.0
2025-01-12 03:00:00,0.0
2025-01-12 03:30:00,0.0
2025-01-12 04:00:00,0.0
2025-01-12 04:30:00,0.0
2025-01-12 05:00:00,0.0
2025-01-12 05:30:00,0.0
2025-01-12 06:00:00,0.0
2025-01-12 06:30:00,0.0
2025-01-12 07:00:00,0.0
2025-01-12 07:30:00,0.0
2025-01-12 08:00:00,0.0
2025-01-12 08:30:00,0.0
2025-01-12 09:00:00,0.0
2025-01-12 09:30:00,0.0
2025-01-12 10:00:00,0.0
2025-01-12 10:30:00,0.0
2025-01-12 11:00:00,0.0
2025-01-12 11:30:00,0.0
2025-01-12 12:00:00,0.0
2025-01-12 12:30:00,0.0
2025-01-12 13:00:00,0.0
2025-01-12 13:30:00,0.0
2025-01-12 14:00:00,0.0
2025-01-12 14:30:00,0.0
2025-01-12 15:00:00,0.0
2025-01-12 15:30:00,0.0
2025-01-12 16:00:00,0.0
2025-01-12 16:30:00,0.0
2025-01-12 17:00:00,0.0
2025-01-12 17:30:00,0.0
2025-01-12 18:00:00,0.0
2025-01-12 18:30:00,0.0
2025-01-12 19:00:00,1.2
2025-01-12 19:30:00,174.6833333333334
2025-01-12 20:00:00,300.95
2025-01-12 20:30:00,413.0666666666666
2025-01-12 21:00:00,415.0166666666666
2025-01-12 21:30:00,395.16666666666663
2025-01-12 22:00:00,405.0
2025-01-12 22:30:00,416.7833333333334
2025-01-12 23:00:00,416.9833333333334
2025-01-12 23:30:00,416.0
2025-01-13 00:00:00,416.9833333333334
2025-01-13 00:30:00,415.9833333333334
2025-01-13 01:00:00,415.9833333333334
2025-01-13 01:30:00,415.0
2025-01-13 02:00:00,415.9833333333334
2025-01-13 02:30:00,415.0
2025-01-13 03:00:00,415.0
2025-01-13 03:30:00,415.0
2025-01-13 04:00:00,415.0
2025-01-13 04:30:00,415.0
2025-01-13 05:00:00,415.0
2025-01-13 05:30:00,415.0
2025-01-13 06:00:00,415.0
2025-01-13 06:30:00,415.0
2025-01-13 07:00:00,415.0
2025-01-13 07:30:00,415.0
2025-01-13 08:00:00,341.1833333333334
2025-01-13 08:30:00,312.0
2025-01-13 09:00:00,312.0
2025-01-13 09:30:00,312.0
2025-01-13 10:00:00,276.85
2025-01-13 10:30:00,201.0
2025-01-13 11:00:00,156.1
2025-01-13 11:30:00,100.0
2025-01-13 12:00:00,100.0
2025-01-13 12:30:00,100.0
2025-01-13 13:00:00,101.0
2025-01-13 13:30:00,100.9833333333334
2025-01-13 14:00:00,218.6333333333334
2025-01-13 14:30:00,281.0
2025-01-13 15:00:00,281.9833333333334
2025-01-13 15:30:00,292.55
2025-01-13 16:00:00,411.6
2025-01-13 16:30:00,416.9833333333334
2025-01-13 17:00:00,417.0
2025-01-13 17:30:00,405.58333333333337
2025-01-13 18:00:00,406.0
2025-01-13 18:30:00,406.0
2025-01-13 19:00:00,406.0
2025-01-13 19:30:00,405.9833333333334
2025-01-13 20:00:00,406.0
2025-01-13 20:30:00,406.0
2025-01-13 21:00:00,414.0
2025-01-13 21:30:00,418.9833333333334
2025-01-13 22:00:00,418.0
2025-01-13 22:30:00,418.0
2025-01-13 23:00:00,418.0
2025-01-13 23:30:00,417.9833333333334
2025-01-14 00:00:00,418.0
2025-01-14 00:30:00,418.0
2025-01-14 01:00:00,419.9833333333334
2025-01-14 01:30:00,419.0
2025-01-14 02:00:00,417.0
2025-01-14 02:30:00,417.0
2025-01-14 03:00:00,417.0
2025-01-14 03:30:00,416.9833333333334
2025-01-14 04:00:00,417.0
2025-01-14 04:30:00,416.9833333333334
2025-01-14 05:00:00,417.0
2025-01-14 05:30:00,417.0
2025-01-14 06:00:00,417.0
2025-01-14 06:30:00,417.0
2025-01-14 07:00:00,415.0166666666666
2025-01-14 07:30:00,416.0
2025-01-14 08:00:00,410.0
2025-01-14 08:30:00,409.9833333333334
2025-01-14 09:00:00,408.9500000000002
2025-01-14 09:30:00,405.9500000000002
2025-01-14 10:00:00,317.75
2025-01-14 10:30:00,199.95
2025-01-14 11:00:00,197.9166666666668
2025-01-14 11:30:00,192.9166666666668
2025-01-14 12:00:00,32.6333333333334
2025-01-14 12:30:00,0.0
2025-01-14 13:00:00,0.0
2025-01-14 13:30:00,0.0
2025-01-14 14:00:00,0.0
2025-01-14 14:30:00,0.0
2025-01-14 15:00:00,0.0
2025-01-14 15:30:00,0.0
2025-01-14 16:00:00,0.0
2025-01-14 16:30:00,0.0
2025-01-14 17:00:00,0.0
2025-01-14 17:30:00,0.0
2025-01-14 18:00:00,0.0
2025-01-14 18:30:00,0.0
2025-01-14 19:00:00,0.0
2025-01-14 19:30:00,0.0
2025-01-14 20:00:00,0.0
2025-01-14 20:30:00,0.0
2025-01-14 21:00:00,36.79999999999994
2025-01-14 21:30:00,253.5999999999998
2025-01-14 22:00:00,298.4666666666666
2025-01-14 22:30:00,347.0
2025-01-14 23:00:00,348.0499999999998
2025-01-14 23:30:00,351.0
2025-01-15 00:00:00,361.05
2025-01-15 00:30:00,364.0333333333334
2025-01-15 01:00:00,364.0666666666666
2025-01-15 01:30:00,368.05
2025-01-15 02:00:00,367.0
2025-01-15 02:30:00,367.0166666666668
2025-01-15 03:00:00,368.9833333333334
2025-01-15 03:30:00,368.0
2025-01-15 04:00:00,368.9833333333334
2025-01-15 04:30:00,367.9833333333334
2025-01-15 05:00:00,367.0
2025-01-15 05:30:00,367.0
2025-01-15 06:00:00,367.0
2025-01-15 06:30:00,367.0
2025-01-15 07:00:00,367.0
2025-01-15 07:30:00,367.0
2025-01-15 08:00:00,367.0
2025-01-15 08:30:00,367.0
2025-01-15 09:00:00,367.0
2025-01-15 09:30:00,367.0
2025-01-15 10:00:00,367.0
2025-01-15 10:30:00,367.0
2025-01-15 11:00:00,367.0
2025-01-15 11:30:00,371.0
2025-01-15 12:00:00,372.0
2025-01-15 12:30:00,371.9833333333334
2025-01-15 13:00:00,372.0
2025-01-15 13:30:00,371.9833333333334
2025-01-15 14:00:00,372.9833333333334
2025-01-15 14:30:00,372.0
2025-01-15 15:00:00,346.58333333333337
2025-01-15 15:30:00,163.4
2025-01-15 16:00:00,95.0
2025-01-15 16:30:00,95.0
2025-01-15 17:00:00,95.0
2025-01-15 17:30:00,31.6666666666666
2025-01-15 18:00:00,0.0
2025-01-15 18:30:00,0.0
2025-01-15 19:00:00,0.0
2025-01-15 19:30:00,0.0
2025-01-15 20:00:00,0.0
2025-01-15 20:30:00,0.0
2025-01-15 21:00:00,0.0
2025-01-15 21:30:00,0.0
2025-01-15 22:00:00,0.0
2025-01-15 22:30:00,0.0
2025-01-15 23:00:00,0.0
2025-01-15 23:30:00,0.0
2025-01-16 00:00:00,0.0
2025-01-16 00:30:00,0.0
2025-01-16 01:00:00,0.0
2025-01-16 01:30:00,0.0
2025-01-16 02:00:00,0.0
2025-01-16 02:30:00,0.0
2025-01-16 03:00:00,0.0
2025-01-16 03:30:00,0.0
2025-01-16 04:00:00,0.0
2025-01-16 04:30:00,0.0
2025-01-16 05:00:00,0.0
2025-01-16 05:30:00,4.05
2025-01-16 06:00:00,42.0166666666666
2025-01-16 06:30:00,43.0166666666666
2025-01-16 07:00:00,100.9166666666668
2025-01-16 07:30:00,118.9833333333334
2025-01-16 08:00:00,111.9666666666666
2025-01-16 08:30:00,71.33333333333326
2025-01-16 09:00:00,69.05
2025-01-16 09:30:00,75.95
2025-01-16 10:00:00,282.1666666666668
2025-01-16 10:30:00,268.7166666666666
2025-01-16 11:00:00,225.13333333333338
2025-01-16 11:30:00,347.8666666666666
2025-01-16 12:00:00,400.0
2025-01-16 12:30:00,400.0
2025-01-16 13:00:00,400.0
2025-01-16 13:30:00,400.0
2025-01-16 14:00:00,400.0
2025-01-16 14:30:00,400.0499999999998
2025-01-16 15:00:00,402.9833333333334
2025-01-16 15:30:00,402.0
2025-01-16 16:00:00,402.0666666666666
2025-01-16 16:30:00,315.05
2025-01-16 17:00:00,298.9500000000002
2025-01-16 17:30:00,295.95
2025-01-16 18:00:00,341.03333333333364
2025-01-16 18:30:00,396.9833333333334
2025-01-16 19:00:00,395.9500000000002
2025-01-16 19:30:00,378.9333333333334
2025-01-16 20:00:00,376.1
2025-01-16 20:30:00,382.1000000000002
2025-01-16 21:00:00,391.95
2025-01-16 21:30:00,388.9666666666668
2025-01-16 22:00:00,389.0333333333332
2025-01-16 22:30:00,390.9666666666668
2025-01-16 23:00:00,392.0166666666666
2025-01-16 23:30:00,393.0
2025-01-17 00:00:00,392.0833333333332
2025-01-17 00:30:00,397.0833333333332
2025-01-17 01:00:00,402.0833333333332
2025-01-17 01:30:00,407.0499999999998
2025-01-17 02:00:00,410.1333333333334
2025-01-17 02:30:00,416.1166666666666
2025-01-17 03:00:00,417.0166666666668
2025-01-17 03:30:00,418.0333333333334
2025-01-17 04:00:00,420.9833333333334
2025-01-17 04:30:00,419.9833333333334
2025-01-17 05:00:00,419.0
2025-01-17 05:30:00,419.0
2025-01-17 06:00:00,419.0
2025-01-17 06:30:00,419.0
2025-01-17 07:00:00,419.0
2025-01-17 07:30:00,419.0
2025-01-17 08:00:00,419.0
2025-01-17 08:30:00,419.0
2025-01-17 09:00:00,424.11666666666656
2025-01-17 09:30:00,419.4388888888888
2025-01-17 10:00:00,322.26111111111106
2025-01-17 10:30:00,321.0
2025-01-17 11:00:00,198.0
2025-01-17 11:30:00,73.1682266666666
2025-01-17 12:00:00,56.95
2025-01-17 12:30:00,19.8
2025-01-17 13:00:00,0.0
2025-01-17 13:30:00,0.0
2025-01-17 14:00:00,0.0
2025-01-17 14:30:00,0.0
2025-01-17 15:00:00,0.0
2025-01-17 15:30:00,0.0
2025-01-17 16:00:00,0.0
2025-01-17 16:30:00,0.0
2025-01-17 17:00:00,0.0
2025-01-17 17:30:00,0.0
2025-01-17 18:00:00,0.0
2025-01-17 18:30:00,0.0
2025-01-17 19:00:00,0.0
2025-01-17 19:30:00,0.0
2025-01-17 20:00:00,0.0
2025-01-17 20:30:00,0.0
2025-01-17 21:00:00,0.0
2025-01-17 21:30:00,0.0
2025-01-17 22:00:00,0.0
2025-01-17 22:30:00,0.0
2025-01-17 23:00:00,0.0
2025-01-17 23:30:00,0.0
2025-01-18 00:00:00,0.0
2025-01-18 00:30:00,0.0
2025-01-18 01:00:00,0.0
2025-01-18 01:30:00,0.0
2025-01-18 02:00:00,15.08333333333334
2025-01-18 02:30:00,254.75
2025-01-18 03:00:00,235.89999999999998
2025-01-18 03:30:00,229.8666666666664
2025-01-18 04:00:00,205.9166666666668
2025-01-18 04:30:00,200.8666666666664
2025-01-18 05:00:00,188.1666666666666
2025-01-18 05:30:00,157.91666666666674
2025-01-18 06:00:00,151.11666666666673
2025-01-18 06:30:00,142.0999999999998
2025-01-18 07:00:00,132.9666666666668
2025-01-18 07:30:00,130.9333333333334
2025-01-18 08:00:00,104.7666666666666
2025-01-18 08:30:00,59.95
2025-01-18 09:00:00,20.2
2025-01-18 09:30:00,6.23333333333334
2025-01-18 10:00:00,23.0
2025-01-18 10:30:00,5.75
2025-01-18 11:00:00,0.0
2025-01-18 11:30:00,0.0
2025-01-18 12:00:00,0.0
2025-01-18 12:30:00,0.0
2025-01-18 13:00:00,0.0
2025-01-18 13:30:00,0.0
2025-01-18 14:00:00,0.0
2025-01-18 14:30:00,0.0
2025-01-18 15:00:00,0.0
2025-01-18 15:30:00,0.0
2025-01-18 16:00:00,0.0
2025-01-18 16:30:00,0.0
2025-01-18 17:00:00,0.0
2025-01-18 17:30:00,0.0
2025-01-18 18:00:00,0.0
2025-01-18 18:30:00,0.0
2025-01-18 19:00:00,0.0
2025-01-18 19:30:00,0.0
2025-01-18 20:00:00,0.0
2025-01-18 20:30:00,0.0
2025-01-18 21:00:00,0.0
2025-01-18 21:30:00,0.0
2025-01-18 22:00:00,0.0
2025-01-18 22:30:00,0.0
2025-01-18 23:00:00,0.0
2025-01-18 23:30:00,0.0
2025-01-19 00:00:00,0.0
2025-01-19 00:30:00,0.0
2025-01-19 01:00:00,0.0
2025-01-19 01:30:00,0.0
2025-01-19 02:00:00,0.0
2025-01-19 02:30:00,0.0
2025-01-19 03:00:00,0.0
2025-01-19 03:30:00,0.0
2025-01-19 04:00:00,0.0
2025-01-19 04:30:00,0.0
2025-01-19 05:00:00,0.0
2025-01-19 05:30:00,0.0
2025-01-19 06:00:00,0.0
2025-01-19 06:30:00,0.0
2025-01-19 07:00:00,0.0
2025-01-19 07:30:00,0.0
2025-01-19 08:00:00,0.0
2025-01-19 08:30:00,0.0
2025-01-19 09:00:00,0.0
2025-01-19 09:30:00,0.0
2025-01-19 10:00:00,0.0
2025-01-19 10:30:00,0.0
2025-01-19 11:00:00,0.0
2025-01-19 11:30:00,0.0
2025-01-19 12:00:00,0.0
2025-01-19 12:30:00,0.0
2025-01-19 13:00:00,0.0
2025-01-19 13:30:00,0.0
2025-01-19 14:00:00,0.0
2025-01-19 14:30:00,0.0
2025-01-19 15:00:00,0.0
2025-01-19 15:30:00,0.0
2025-01-19 16:00:00,0.0
2025-01-19 16:30:00,0.0
2025-01-19 17:00:00,0.0
2025-01-19 17:30:00,0.0
2025-01-19 18:00:00,0.0
2025-01-19 18:30:00,0.0
2025-01-19 19:00:00,0.0
2025-01-19 19:30:00,0.0
2025-01-19 20:00:00,0.0
2025-01-19 20:30:00,0.0
2025-01-19 21:00:00,0.0
2025-01-19 21:30:00,0.0
2025-01-19 22:00:00,0.0
2025-01-19 22:30:00,0.0
2025-01-19 23:00:00,0.0
2025-01-19 23:30:00,0.0
2025-01-20 00:00:00,0.0
2025-01-20 00:30:00,0.0
2025-01-20 01:00:00,0.0
2025-01-20 01:30:00,0.0
2025-01-20 02:00:00,0.0
2025-01-20 02:30:00,0.0
2025-01-20 03:00:00,0.0
2025-01-20 03:30:00,0.0
2025-01-20 04:00:00,0.0
2025-01-20 04:30:00,0.0
2025-01-20 05:00:00,0.0
2025-01-20 05:30:00,0.0
2025-01-20 06:00:00,0.0
2025-01-20 06:30:00,0.0
2025-01-20 07:00:00,0.0
2025-01-20 07:30:00,0.0
2025-01-20 08:00:00,0.0
2025-01-20 08:30:00,0.0
2025-01-20 09:00:00,0.0
2025-01-20 09:30:00,0.0
2025-01-20 10:00:00,0.0
2025-01-20 10:30:00,0.0
2025-01-20 11:00:00,0.0
2025-01-20 11:30:00,0.0
2025-01-20 12:00:00,0.0
2025-01-20 12:30:00,0.0
2025-01-20 13:00:00,0.0
2025-01-20 13:30:00,0.0
2025-01-20 14:00:00,0.0
2025-01-20 14:30:00,0.0
2025-01-20 15:00:00,0.0
2025-01-20 15:30:00,0.0
2025-01-20 16:00:00,0.0
2025-01-20 16:30:00,0.0
2025-01-20 17:00:00,0.0
2025-01-20 17:30:00,0.0
2025-01-20 18:00:00,0.0
2025-01-20 18:30:00,0.0
2025-01-20 19:00:00,0.0
2025-01-20 19:30:00,0.0
2025-01-20 20:00:00,0.0
2025-01-20 20:30:00,0.0
2025-01-20 21:00:00,0.0
2025-01-20 21:30:00,0.0
2025-01-20 22:00:00,0.0
2025-01-20 22:30:00,0.0
2025-01-20 23:00:00,0.0
2025-01-20 23:30:00,0.0
2025-01-21 00:00:00,0.0
2025-01-21 00:30:00,0.0
2025-01-21 01:00:00,0.0
2025-01-21 01:30:00,0.0
2025-01-21 02:00:00,0.0
2025-01-21 02:30:00,0.0
2025-01-21 03:00:00,0.0
2025-01-21 03:30:00,0.0
2025-01-21 04:00:00,0.0
2025-01-21 04:30:00,0.0
2025-01-21 05:00:00,0.0
2025-01-21 05:30:00,0.0
2025-01-21 06:00:00,0.0
2025-01-21 06:30:00,0.0
2025-01-21 07:00:00,0.0
2025-01-21 07:30:00,0.0
2025-01-21 08:00:00,0.0
2025-01-21 08:30:00,0.0
2025-01-21 09:00:00,0.0
2025-01-21 09:30:00,0.0
2025-01-21 10:00:00,0.0
2025-01-21 10:30:00,0.0
2025-01-21 11:00:00,0.0
2025-01-21 11:30:00,0.0
2025-01-21 12:00:00,0.0
2025-01-21 12:30:00,0.0
2025-01-21 13:00:00,0.0
2025-01-21 13:30:00,0.0
2025-01-21 14:00:00,0.0
2025-01-21 14:30:00,0.0
2025-01-21 15:00:00,0.0
2025-01-21 15:30:00,0.0
2025-01-21 16:00:00,0.0
2025-01-21 16:30:00,0.0
2025-01-21 17:00:00,0.0
2025-01-21 17:30:00,0.0
2025-01-21 18:00:00,0.0
2025-01-21 18:30:00,0.0
2025-01-21 19:00:00,0.0
2025-01-21 19:30:00,0.0
2025-01-21 20:00:00,0.0
2025-01-21 20:30:00,0.0
2025-01-21 21:00:00,0.0
2025-01-21 21:30:00,0.0
2025-01-21 22:00:00,0.0
2025-01-21 22:30:00,0.0
2025-01-21 23:00:00,0.0
2025-01-21 23:30:00,0.0
2025-01-22 00:00:00,0.0
2025-01-22 00:30:00,0.0
2025-01-22 01:00:00,0.0
2025-01-22 01:30:00,0.0
2025-01-22 02:00:00,0.0
2025-01-22 02:30:00,0.0
2025-01-22 03:00:00,0.0
2025-01-22 03:30:00,0.0
2025-01-22 04:00:00,0.0
2025-01-22 04:30:00,0.0
2025-01-22 05:00:00,0.0
2025-01-22 05:30:00,0.0
2025-01-22 06:00:00,0.0
2025-01-22 06:30:00,0.0
2025-01-22 07:00:00,0.0
2025-01-22 07:30:00,0.0
2025-01-22 08:00:00,0.0
2025-01-22 08:30:00,0.0
2025-01-22 09:00:00,0.0
2025-01-22 09:30:00,0.0
2025-01-22 10:00:00,0.0
2025-01-22 10:30:00,0.0
2025-01-22 11:00:00,0.0
2025-01-22 11:30:00,0.0
2025-01-22 12:00:00,0.0
2025-01-22 12:30:00,0.0
2025-01-22 13:00:00,0.0
2025-01-22 13:30:00,0.0
2025-01-22 14:00:00,0.0
2025-01-22 14:30:00,0.0
2025-01-22 15:00:00,0.0
2025-01-22 15:30:00,0.0
2025-01-22 16:00:00,0.0
2025-01-22 16:30:00,0.0
2025-01-22 17:00:00,0.0
2025-01-22 17:30:00,0.0
2025-01-22 18:00:00,0.0
2025-01-22 18:30:00,0.0
2025-01-22 19:00:00,0.0
2025-01-22 19:30:00,0.0
2025-01-22 20:00:00,0.0
2025-01-22 20:30:00,0.0
2025-01-22 21:00:00,0.0
2025-01-22 21:30:00,0.0
2025-01-22 22:00:00,0.0
2025-01-22 22:30:00,0.0
2025-01-22 23:00:00,0.0
2025-01-22 23:30:00,0.0
2025-01-23 00:00:00,0.0
2025-01-23 00:30:00,0.0
2025-01-23 01:00:00,0.0
2025-01-23 01:30:00,0.0
2025-01-23 02:00:00,0.0
2025-01-23 02:30:00,0.0
2025-01-23 03:00:00,0.0
2025-01-23 03:30:00,0.0
2025-01-23 04:00:00,0.0
2025-01-23 04:30:00,0.0
2025-01-23 05:00:00,0.0
2025-01-23 05:30:00,0.0
2025-01-23 06:00:00,0.0
2025-01-23 06:30:00,0.0
2025-01-23 07:00:00,0.0
2025-01-23 07:30:00,0.0
2025-01-23 08:00:00,0.0
2025-01-23 08:30:00,0.0
2025-01-23 09:00:00,0.0
2025-01-23 09:30:00,0.0
2025-01-23 10:00:00,0.0
2025-01-23 10:30:00,0.0
2025-01-23 11:00:00,0.0
2025-01-23 11:30:00,0.0
2025-01-23 12:00:00,0.0
2025-01-23 12:30:00,0.0
2025-01-23 13:00:00,0.0
2025-01-23 13:30:00,0.0
2025-01-23 14:00:00,0.0
2025-01-23 14:30:00,0.0
2025-01-23 15:00:00,0.0
2025-01-23 15:30:00,0.0
2025-01-23 16:00:00,0.0
2025-01-23 16:30:00,0.0
2025-01-23 17:00:00,0.0
2025-01-23 17:30:00,0.0
2025-01-23 18:00:00,0.0
2025-01-23 18:30:00,0.0
2025-01-23 19:00:00,0.0
2025-01-23 19:30:00,0.0
2025-01-23 20:00:00,0.0
2025-01-23 20:30:00,0.0
2025-01-23 21:00:00,0.0
2025-01-23 21:30:00,0.0
2025-01-23 22:00:00,0.0
2025-01-23 22:30:00,0.0
2025-01-23 23:00:00,0.0
2025-01-23 23:30:00,0.0
2025-01-24 00:00:00,0.0
2025-01-24 00:30:00,0.0
2025-01-24 01:00:00,0.0
2025-01-24 01:30:00,0.0
2025-01-24 02:00:00,0.0
2025-01-24 02:30:00,0.0
2025-01-24 03:00:00,0.0
2025-01-24 03:30:00,0.0
2025-01-24 04:00:00,0.0
2025-01-24 04:30:00,0.0
2025-01-24 05:00:00,0.0
2025-01-24 05:30:00,0.0
2025-01-24 06:00:00,0.0
2025-01-24 06:30:00,0.0
2025-01-24 07:00:00,0.0
2025-01-24 07:30:00,0.0
2025-01-24 08:00:00,0.0
2025-01-24 08:30:00,0.0
2025-01-24 09:00:00,0.0
2025-01-24 09:30:00,0.0
2025-01-24 10:00:00,0.0
2025-01-24 10:30:00,0.0
2025-01-24 11:00:00,0.0
2025-01-24 11:30:00,0.0
2025-01-24 12:00:00,0.0
2025-01-24 12:30:00,0.0
2025-01-24 13:00:00,0.0
2025-01-24 13:30:00,0.0
2025-01-24 14:00:00,0.0
2025-01-24 14:30:00,0.0
2025-01-24 15:00:00,0.0
2025-01-24 15:30:00,0.0
2025-01-24 16:00:00,0.0
2025-01-24 16:30:00,0.0
2025-01-24 17:00:00,0.0
2025-01-24 17:30:00,0.0
2025-01-24 18:00:00,0.0
2025-01-24 18:30:00,0.0
2025-01-24 19:00:00,0.0
2025-01-24 19:30:00,0.0
2025-01-24 20:00:00,0.0
2025-01-24 20:30:00,0.0
2025-01-24 21:00:00,0.0
2025-01-24 21:30:00,0.0
2025-01-24 22:00:00,0.0
2025-01-24 22:30:00,0.0
2025-01-24 23:00:00,0.0
2025-01-24 23:30:00,0.0
2025-01-25 00:00:00,0.0
2025-01-25 00:30:00,0.0
2025-01-25 01:00:00,0.0
2025-01-25 01:30:00,0.0
2025-01-25 02:00:00,0.0
2025-01-25 02:30:00,0.0
2025-01-25 03:00:00,0.0
2025-01-25 03:30:00,0.0
2025-01-25 04:00:00,0.0
2025-01-25 04:30:00,0.0
2025-01-25 05:00:00,0.0
2025-01-25 05:30:00,0.0
2025-01-25 06:00:00,0.0
2025-01-25 06:30:00,0.0
2025-01-25 07:00:00,0.0
2025-01-25 07:30:00,0.0
2025-01-25 08:00:00,0.0
2025-01-25 08:30:00,0.0
2025-01-25 09:00:00,0.0
2025-01-25 09:30:00,0.0
2025-01-25 10:00:00,0.0
2025-01-25 10:30:00,0.0
2025-01-25 11:00:00,0.0
2025-01-25 11:30:00,0.0
2025-01-25 12:00:00,0.0
2025-01-25 12:30:00,0.0
2025-01-25 13:00:00,0.0
2025-01-25 13:30:00,0.0
2025-01-25 14:00:00,0.0
2025-01-25 14:30:00,0.0
2025-01-25 15:00:00,0.0
2025-01-25 15:30:00,0.0
2025-01-25 16:00:00,0.0
2025-01-25 16:30:00,0.0
2025-01-25 17:00:00,0.0
2025-01-25 17:30:00,0.0
2025-01-25 18:00:00,0.0
2025-01-25 18:30:00,0.0
2025-01-25 19:00:00,0.0
2025-01-25 19:30:00,0.0
2025-01-25 20:00:00,0.0
2025-01-25 20:30:00,0.0
2025-01-25 21:00:00,0.0
2025-01-25 21:30:00,0.0
2025-01-25 22:00:00,0.0
2025-01-25 22:30:00,0.0
2025-01-25 23:00:00,0.0
2025-01-25 23:30:00,0.0
2025-01-26 00:00:00,0.0
2025-01-26 00:30:00,0.0
2025-01-26 01:00:00,0.0
2025-01-26 01:30:00,0.0
2025-01-26 02:00:00,0.0
2025-01-26 02:30:00,0.0
2025-01-26 03:00:00,0.0
2025-01-26 03:30:00,0.0
2025-01-26 04:00:00,0.0
2025-01-26 04:30:00,0.0
2025-01-26 05:00:00,0.0
2025-01-26 05:30:00,0.0
2025-01-26 06:00:00,0.0
2025-01-26 06:30:00,0.0
2025-01-26 07:00:00,0.0
2025-01-26 07:30:00,0.0
2025-01-26 08:00:00,0.0
2025-01-26 08:30:00,0.0
2025-01-26 09:00:00,0.0
2025-01-26 09:30:00,0.0
2025-01-26 10:00:00,0.0
2025-01-26 10:30:00,0.0
2025-01-26 11:00:00,0.0
2025-01-26 11:30:00,0.0
2025-01-26 12:00:00,0.0
2025-01-26 12:30:00,0.0
2025-01-26 13:00:00,0.0
2025-01-26 13:30:00,0.0
2025-01-26 14:00:00,0.0
2025-01-26 14:30:00,0.0
2025-01-26 15:00:00,0.0
2025-01-26 15:30:00,0.0
2025-01-26 16:00:00,0.0
2025-01-26 16:30:00,0.0
2025-01-26 17:00:00,0.0
2025-01-26 17:30:00,0.0
2025-01-26 18:00:00,0.0
2025-01-26 18:30:00,0.0
2025-01-26 19:00:00,0.0
2025-01-26 19:30:00,0.0
2025-01-26 20:00:00,0.0
2025-01-26 20:30:00,0.0
2025-01-26 21:00:00,0.0
2025-01-26 21:30:00,0.0
2025-01-26 22:00:00,0.0
2025-01-26 22:30:00,0.0
2025-01-26 23:00:00,0.0
2025-01-26 23:30:00,0.0
2025-01-27 00:00:00,0.0
2025-01-27 00:30:00,0.0
2025-01-27 01:00:00,0.0
2025-01-27 01:30:00,0.0
2025-01-27 02:00:00,0.0
2025-01-27 02:30:00,0.0
2025-01-27 03:00:00,0.0
2025-01-27 03:30:00,0.0
2025-01-27 04:00:00,0.0
2025-01-27 04:30:00,0.0
2025-01-27 05:00:00,0.0
2025-01-27 05:30:00,0.0
2025-01-27 06:00:00,0.0
2025-01-27 06:30:00,0.0
2025-01-27 07:00:00,0.0
2025-01-27 07:30:00,0.0
2025-01-27 08:00:00,0.0
2025-01-27 08:30:00,0.0
2025-01-27 09:00:00,0.0
2025-01-27 09:30:00,0.0
2025-01-27 10:00:00,0.0
2025-01-27 10:30:00,0.0
2025-01-27 11:00:00,0.0
2025-01-27 11:30:00,0.0
2025-01-27 12:00:00,0.0
2025-01-27 12:30:00,0.0
2025-01-27 13:00:00,0.0
2025-01-27 13:30:00,0.0
2025-01-27 14:00:00,0.0
2025-01-27 14:30:00,0.0
2025-01-27 15:00:00,0.0
2025-01-27 15:30:00,0.0
2025-01-27 16:00:00,0.0
2025-01-27 16:30:00,0.0
2025-01-27 17:00:00,0.0
2025-01-27 17:30:00,0.0
2025-01-27 18:00:00,0.0
2025-01-27 18:30:00,0.0
2025-01-27 19:00:00,0.0
2025-01-27 19:30:00,0.0
2025-01-27 20:00:00,0.0
2025-01-27 20:30:00,0.0
2025-01-27 21:00:00,0.0
2025-01-27 21:30:00,0.0
2025-01-27 22:00:00,0.0
2025-01-27 22:30:00,0.0
2025-01-27 23:00:00,0.0
2025-01-27 23:30:00,0.0
2025-01-28 00:00:00,0.0
2025-01-28 00:30:00,0.0
2025-01-28 01:00:00,0.0
2025-01-28 01:30:00,0.0
2025-01-28 02:00:00,0.0
2025-01-28 02:30:00,0.0
2025-01-28 03:00:00,0.0
2025-01-28 03:30:00,0.0
2025-01-28 04:00:00,0.0
2025-01-28 04:30:00,0.0
2025-01-28 05:00:00,0.0
2025-01-28 05:30:00,0.0
2025-01-28 06:00:00,0.0
2025-01-28 06:30:00,0.0
2025-01-28 07:00:00,0.0
2025-01-28 07:30:00,0.0
2025-01-28 08:00:00,0.0
2025-01-28 08:30:00,0.0
2025-01-28 09:00:00,0.0
2025-01-28 09:30:00,0.0
2025-01-28 10:00:00,0.0
2025-01-28 10:30:00,0.0
2025-01-28 11:00:00,0.0
2025-01-28 11:30:00,0.0
2025-01-28 12:00:00,0.0
2025-01-28 12:30:00,0.0
2025-01-28 13:00:00,0.0
2025-01-28 13:30:00,0.0
2025-01-28 14:00:00,0.0
2025-01-28 14:30:00,0.0
2025-01-28 15:00:00,0.0
2025-01-28 15:30:00,0.0
2025-01-28 16:00:00,0.0
2025-01-28 16:30:00,0.0
2025-01-28 17:00:00,0.0
2025-01-28 17:30:00,0.0
2025-01-28 18:00:00,0.0
2025-01-28 18:30:00,0.0
2025-01-28 19:00:00,0.0
2025-01-28 19:30:00,0.0
2025-01-28 20:00:00,0.0
2025-01-28 20:30:00,0.0
2025-01-28 21:00:00,0.0
2025-01-28 21:30:00,0.0
2025-01-28 22:00:00,0.0
2025-01-28 22:30:00,0.0
2025-01-28 23:00:00,0.0
2025-01-28 23:30:00,0.0
2025-01-29 00:00:00,0.0
2025-01-29 00:30:00,0.0
2025-01-29 01:00:00,0.0
2025-01-29 01:30:00,0.0
2025-01-29 02:00:00,0.0
2025-01-29 02:30:00,0.0
2025-01-29 03:00:00,0.0
2025-01-29 03:30:00,0.0
2025-01-29 04:00:00,0.0
2025-01-29 04:30:00,0.0
2025-01-29 05:00:00,0.0
2025-01-29 05:30:00,0.0
2025-01-29 06:00:00,2.083333333333334
2025-01-29 06:30:00,4.966666666666669
2025-01-29 07:00:00,9.98333333333334
2025-01-29 07:30:00,6.1499999999999995
2025-01-29 08:00:00,0.0
2025-01-29 08:30:00,0.0
2025-01-29 09:00:00,0.0
2025-01-29 09:30:00,0.0
2025-01-29 10:00:00,0.0
2025-01-29 10:30:00,0.0
2025-01-29 11:00:00,0.0
2025-01-29 11:30:00,0.0
2025-01-29 12:00:00,0.0
2025-01-29 12:30:00,0.0
2025-01-29 13:00:00,0.0
2025-01-29 13:30:00,0.0
2025-01-29 14:00:00,0.0
2025-01-29 14:30:00,0.0
2025-01-29 15:00:00,0.0
2025-01-29 15:30:00,0.0
2025-01-29 16:00:00,0.0
2025-01-29 16:30:00,0.0
2025-01-29 17:00:00,0.0
2025-01-29 17:30:00,0.0
2025-01-29 18:00:00,0.0
2025-01-29 18:30:00,0.0
2025-01-29 19:00:00,0.0
2025-01-29 19:30:00,0.0
2025-01-29 20:00:00,0.0
2025-01-29 20:30:00,0.0
2025-01-29 21:00:00,0.0
2025-01-29 21:30:00,0.0
2025-01-29 22:00:00,0.0
2025-01-29 22:30:00,0.0
2025-01-29 23:00:00,139.4
2025-01-29 23:30:00,160.0
2025-01-30 00:00:00,155.0
2025-01-30 00:30:00,70.0
2025-01-30 01:00:00,70.0
2025-01-30 01:30:00,52.76666666666666
2025-01-30 02:00:00,86.0
2025-01-30 02:30:00,158.10000000000005
2025-01-30 03:00:00,305.9833333333334
2025-01-30 03:30:00,300.9833333333334
2025-01-30 04:00:00,257.2833333333334
2025-01-30 04:30:00,219.3333333333334
2025-01-30 05:00:00,146.1000000000002
2025-01-30 05:30:00,274.8000000000002
2025-01-30 06:00:00,334.0166666666666
2025-01-30 06:30:00,328.0666666666664
2025-01-30 07:00:00,337.0
2025-01-30 07:30:00,337.0
2025-01-30 08:00:00,337.0
2025-01-30 08:30:00,283.8166666666666
2025-01-30 09:00:00,245.45
2025-01-30 09:30:00,213.9833333333334
2025-01-30 10:00:00,213.0
2025-01-30 10:30:00,213.0
2025-01-30 11:00:00,147.63333333333338
2025-01-30 11:30:00,98.2833333333334
2025-01-30 12:00:00,111.0
2025-01-30 12:30:00,5.55
2025-01-30 13:00:00,0.0
2025-01-30 13:30:00,0.0
2025-01-30 14:00:00,0.0
2025-01-30 14:30:00,0.0
2025-01-30 15:00:00,0.0
2025-01-30 15:30:00,0.0
2025-01-30 16:00:00,0.0
2025-01-30 16:30:00,0.0
2025-01-30 17:00:00,0.0
2025-01-30 17:30:00,0.0
2025-01-30 18:00:00,0.0
2025-01-30 18:30:00,0.0
2025-01-30 19:00:00,0.0
2025-01-30 19:30:00,0.0
2025-01-30 20:00:00,0.0
2025-01-30 20:30:00,0.0
2025-01-30 21:00:00,0.0
2025-01-30 21:30:00,0.0
2025-01-30 22:00:00,0.0
2025-01-30 22:30:00,0.0
2025-01-30 23:00:00,0.0
2025-01-30 23:30:00,0.0
2025-01-31 00:00:00,0.0
2025-01-31 00:30:00,0.0
2025-01-31 01:00:00,0.0
2025-01-31 01:30:00,0.0
2025-01-31 02:00:00,0.0
2025-01-31 02:30:00,0.0
2025-01-31 03:00:00,0.0
2025-01-31 03:30:00,0.0
2025-01-31 04:00:00,0.0
2025-01-31 04:30:00,0.0
2025-01-31 05:00:00,0.0
2025-01-31 05:30:00,0.0
2025-01-31 06:00:00,0.0
2025-01-31 06:30:00,0.0
2025-01-31 07:00:00,0.0
2025-01-31 07:30:00,0.0
2025-01-31 08:00:00,0.0
2025-01-31 08:30:00,0.0
2025-01-31 09:00:00,0.0
2025-01-31 09:30:00,0.0
2025-01-31 10:00:00,0.0
2025-01-31 10:30:00,0.0
2025-01-31 11:00:00,0.0
2025-01-31 11:30:00,0.0
2025-01-31 12:00:00,0.0
2025-01-31 12:30:00,0.0
2025-01-31 13:00:00,0.0
2025-01-31 13:30:00,0.0
2025-01-31 14:00:00,0.0
2025-01-31 14:30:00,0.0
2025-01-31 15:00:00,0.0
2025-01-31 15:30:00,0.0
2025-01-31 16:00:00,0.0
2025-01-31 16:30:00,0.0
2025-01-31 17:00:00,0.0
2025-01-31 17:30:00,0.0
2025-01-31 18:00:00,0.0
2025-01-31 18:30:00,0.0
2025-01-31 19:00:00,0.0
2025-01-31 19:30:00,0.0
2025-01-31 20:00:00,0.0
2025-01-31 20:30:00,0.0
2025-01-31 21:00:00,0.0
2025-01-31 21:30:00,0.0
2025-01-31 22:00:00,0.0
2025-01-31 22:30:00,0.0
2025-01-31 23:00:00,0.0
2025-01-31 23:30:00,0.0
2025-02-01 00:00:00,0.0
2025-02-01 00:30:00,0.0
2025-02-01 01:00:00,0.0
2025-02-01 01:30:00,0.0
2025-02-01 02:00:00,0.0
2025-02-01 02:30:00,0.0
2025-02-01 03:00:00,0.0
2025-02-01 03:30:00,0.0
2025-02-01 04:00:00,0.0
2025-02-01 04:30:00,0.0
2025-02-01 05:00:00,0.0
2025-02-01 05:30:00,0.0
2025-02-01 06:00:00,67.75
2025-02-01 06:30:00,239.75
2025-02-01 07:00:00,240.1000000000002
2025-02-01 07:30:00,298.7166666666668
2025-02-01 08:00:00,345.0499999999998
2025-02-01 08:30:00,348.1
2025-02-01 09:00:00,349.55
2025-02-01 09:30:00,224.45
2025-02-01 10:00:00,183.03333333333342
2025-02-01 10:30:00,185.0333333333332
2025-02-01 11:00:00,316.8
2025-02-01 11:30:00,367.0333333333332
2025-02-01 12:00:00,369.0
2025-02-01 12:30:00,369.0
2025-02-01 13:00:00,369.0
2025-02-01 13:30:00,369.0
2025-02-01 14:00:00,369.0166666666666
2025-02-01 14:30:00,370.0166666666666
2025-02-01 15:00:00,370.9666666666668
2025-02-01 15:30:00,369.0
2025-02-01 16:00:00,367.0
2025-02-01 16:30:00,367.0
2025-02-01 17:00:00,367.0
2025-02-01 17:30:00,367.0
2025-02-01 18:00:00,367.0
2025-02-01 18:30:00,367.0
2025-02-01 19:00:00,369.0
2025-02-01 19:30:00,369.0
2025-02-01 20:00:00,369.0
2025-02-01 20:30:00,369.0
2025-02-01 21:00:00,368.9666666666668
2025-02-01 21:30:00,367.0
2025-02-01 22:00:00,365.9833333333334
2025-02-01 22:30:00,364.9666666666668
2025-02-01 23:00:00,362.95
2025-02-01 23:30:00,359.9333333333336
2025-02-02 00:00:00,350.9
2025-02-02 00:30:00,344.8333333333332
2025-02-02 01:00:00,340.8666666666666
2025-02-02 01:30:00,332.9
2025-02-02 02:00:00,324.6666666666668
2025-02-02 02:30:00,304.6333333333332
2025-02-02 03:00:00,283.9833333333334
2025-02-02 03:30:00,283.0
2025-02-02 04:00:00,282.9833333333334
2025-02-02 04:30:00,282.0
2025-02-02 05:00:00,281.9666666666668
2025-02-02 05:30:00,279.9666666666668
2025-02-02 06:00:00,279.2499999999998
2025-02-02 06:30:00,294.23333333333323
2025-02-02 07:00:00,275.33333333333337
2025-02-02 07:30:00,295.3500000000002
2025-02-02 08:00:00,314.3166666666666
2025-02-02 08:30:00,329.2166666666666
2025-02-02 09:00:00,340.9166666666668
2025-02-02 09:30:00,335.8833333333332
2025-02-02 10:00:00,326.88333333333344
2025-02-02 10:30:00,319.9
2025-02-02 11:00:00,311.88333333333344
2025-02-02 11:30:00,304.8333333333332
2025-02-02 12:00:00,282.9
2025-02-02 12:30:00,236.1333333333334
2025-02-02 13:00:00,58.76666666666666
2025-02-02 13:30:00,0.0
2025-02-02 14:00:00,0.0
2025-02-02 14:30:00,0.0
2025-02-02 15:00:00,0.0
2025-02-02 15:30:00,0.0
2025-02-02 16:00:00,0.0
2025-02-02 16:30:00,0.0
2025-02-02 17:00:00,0.0
2025-02-02 17:30:00,0.0
2025-02-02 18:00:00,0.0
2025-02-02 18:30:00,0.0
2025-02-02 19:00:00,0.0
2025-02-02 19:30:00,0.0
2025-02-02 20:00:00,0.0
2025-02-02 20:30:00,0.0
2025-02-02 21:00:00,0.0
2025-02-02 21:30:00,0.0
2025-02-02 22:00:00,0.0
2025-02-02 22:30:00,56.06666666666668
2025-02-02 23:00:00,97.8999999999998
2025-02-02 23:30:00,137.94999999999982
2025-02-03 00:00:00,169.5833333333336
2025-02-03 00:30:00,142.1833333333334
2025-02-03 01:00:00,230.2166666666668
2025-02-03 01:30:00,194.4166666666668
2025-02-03 02:00:00,219.2333333333334
2025-02-03 02:30:00,320.55
2025-02-03 03:00:00,350.0833333333332
2025-02-03 03:30:00,355.0833333333332
2025-02-03 04:00:00,361.0666666666664
2025-02-03 04:30:00,296.8166666666664
2025-02-03 05:00:00,277.9833333333334
2025-02-03 05:30:00,276.9833333333334
2025-02-03 06:00:00,276.1000000000002
2025-02-03 06:30:00,282.2
2025-02-03 07:00:00,345.0833333333332
2025-02-03 07:30:00,402.0499999999998
2025-02-03 08:00:00,405.0666666666664
2025-02-03 08:30:00,409.0333333333334
2025-02-03 09:00:00,411.0333333333332
2025-02-03 09:30:00,413.0166666666666
2025-02-03 10:00:00,414.0
2025-02-03 10:30:00,414.0166666666666
2025-02-03 11:00:00,414.0499999999998
2025-02-03 11:30:00,417.0
2025-02-03 12:00:00,414.0
2025-02-03 12:30:00,414.0499999999998
2025-02-03 13:00:00,417.0166666666666
2025-02-03 13:30:00,418.0166666666666
2025-02-03 14:00:00,419.0
2025-02-03 14:30:00,419.0
2025-02-03 15:00:00,419.0
2025-02-03 15:30:00,419.0
2025-02-03 16:00:00,419.0
2025-02-03 16:30:00,419.0
2025-02-03 17:00:00,419.0
2025-02-03 17:30:00,419.0
2025-02-03 18:00:00,419.0
2025-02-03 18:30:00,419.0
2025-02-03 19:00:00,419.0
2025-02-03 19:30:00,419.0
2025-02-03 20:00:00,419.0
2025-02-03 20:30:00,419.0
2025-02-03 21:00:00,418.9833333333334
2025-02-03 21:30:00,417.9333333333336
2025-02-03 22:00:00,413.8166666666666
2025-02-03 22:30:00,402.8166666666666
2025-02-03 23:00:00,390.2999999999998
2025-02-03 23:30:00,352.3833333333332
2025-02-04 00:00:00,292.50000000000017
2025-02-04 00:30:00,262.5
2025-02-04 01:00:00,286.65
2025-02-04 01:30:00,265.6499999999998
2025-02-04 02:00:00,240.8
2025-02-04 02:30:00,228.7666666666666
2025-02-04 03:00:00,215.6000000000002
2025-02-04 03:30:00,247.53333333333342
2025-02-04 04:00:00,299.4333333333334
2025-02-04 04:30:00,325.45
2025-02-04 05:00:00,352.3833333333334
2025-02-04 05:30:00,375.55
2025-02-04 06:00:00,396.0666666666666
2025-02-04 06:30:00,400.0833333333332
2025-02-04 07:00:00,404.0499999999998
2025-02-04 07:30:00,407.0666666666666
2025-02-04 08:00:00,409.0833333333332
2025-02-04 08:30:00,414.0166666666666
2025-02-04 09:00:00,414.9833333333334
2025-02-04 09:30:00,413.9833333333334
2025-02-04 10:00:00,383.3333333333334
2025-02-04 10:30:00,396.9666666666668
2025-02-04 11:00:00,394.9833333333334
2025-02-04 11:30:00,393.9500000000002
2025-02-04 12:00:00,393.9333333333336
2025-02-04 12:30:00,389.9666666666668
2025-02-04 13:00:00,132.8166666666666
2025-02-04 13:30:00,190.75
2025-02-04 14:00:00,180.6499999999998
2025-02-04 14:30:00,163.61666666666662
2025-02-04 15:00:00,138.5166666666666
2025-02-04 15:30:00,98.8333333333334
2025-02-04 16:00:00,58.01666666666666
2025-02-04 16:30:00,25.8
2025-02-04 17:00:00,24.0
2025-02-04 17:30:00,24.0
2025-02-04 18:00:00,1.2
2025-02-04 18:30:00,0.0
2025-02-04 19:00:00,0.0
2025-02-04 19:30:00,0.0
2025-02-04 20:00:00,0.0
2025-02-04 20:30:00,0.0
2025-02-04 21:00:00,0.0
2025-02-04 21:30:00,0.0
2025-02-04 22:00:00,246.4166666666668
2025-02-04 22:30:00,273.0166666666666
2025-02-04 23:00:00,277.2666666666666
2025-02-04 23:30:00,293.2833333333334
2025-02-05 00:00:00,309.15
2025-02-05 00:30:00,318.1333333333334
2025-02-05 01:00:00,325.31666666666683
2025-02-05 01:30:00,342.35
2025-02-05 02:00:00,359.1166666666668
2025-02-05 02:30:00,391.3166666666666
2025-02-05 03:00:00,408.58333333333337
2025-02-05 03:30:00,395.9833333333334
2025-02-05 04:00:00,397.0
2025-02-05 04:30:00,397.0
2025-02-05 05:00:00,413.38333333333344
2025-02-05 05:30:00,412.1833333333334
2025-02-05 06:00:00,407.9666666666668
2025-02-05 06:30:00,405.9666666666668
2025-02-05 07:00:00,390.6833333333334
2025-02-05 07:30:00,279.7333333333332
2025-02-05 08:00:00,182.9333333333332
2025-02-05 08:30:00,178.9166666666666
2025-02-05 09:00:00,174.05
2025-02-05 09:30:00,177.0333333333332
2025-02-05 10:00:00,131.6
2025-02-05 10:30:00,53.3333333333334
2025-02-05 11:00:00,64.1166666666666
2025-02-05 11:30:00,208.03333333333342
2025-02-05 12:00:00,273.1666666666668
2025-02-05 12:30:00,269.4666666666668
2025-02-05 13:00:00,319.5
2025-02-05 13:30:00,242.85000000000005
2025-02-05 14:00:00,335.7166666666668
2025-02-05 14:30:00,318.7166666666668
2025-02-05 15:00:00,288.7833333333334
2025-02-05 15:30:00,223.0666666666666
2025-02-05 16:00:00,199.9166666666666
2025-02-05 16:30:00,127.86666666666679
2025-02-05 17:00:00,45.6666666666666
2025-02-05 17:30:00,0.0
2025-02-05 18:00:00,0.0
2025-02-05 18:30:00,0.0
2025-02-05 19:00:00,0.0
2025-02-05 19:30:00,0.0
2025-02-05 20:00:00,0.0
2025-02-05 20:30:00,0.0
2025-02-05 21:00:00,0.0
2025-02-05 21:30:00,0.0
2025-02-05 22:00:00,33.0166666666666
2025-02-05 22:30:00,146.6
2025-02-05 23:00:00,197.76666666666665
2025-02-05 23:30:00,268.0666666666666
2025-02-06 00:00:00,330.0166666666666
2025-02-06 00:30:00,339.11666666666656
2025-02-06 01:00:00,416.0166666666666
2025-02-06 01:30:00,418.4277777777778
2025-02-06 02:00:00,315.96111111111105
2025-02-06 02:30:00,417.661111111111
2025-02-06 03:00:00,421.0
2025-02-06 03:30:00,421.0
2025-02-06 04:00:00,421.0
2025-02-06 04:30:00,421.0
2025-02-06 05:00:00,421.0
2025-02-06 05:30:00,421.0166666666666
2025-02-06 06:00:00,415.9944444444446
2025-02-06 06:30:00,264.4669081481482
2025-02-06 07:00:00,205.0
2025-02-06 07:30:00,41.872308148148136
2025-02-06 08:00:00,0.0
2025-02-06 08:30:00,0.0
2025-02-06 09:00:00,0.0
2025-02-06 09:30:00,0.0
2025-02-06 10:00:00,0.0
2025-02-06 10:30:00,0.0
2025-02-06 11:00:00,0.0
2025-02-06 11:30:00,0.0
2025-02-06 12:00:00,0.0
2025-02-06 12:30:00,0.0
2025-02-06 13:00:00,0.0
2025-02-06 13:30:00,0.0
2025-02-06 14:00:00,0.0
2025-02-06 14:30:00,0.0
2025-02-06 15:00:00,0.0
2025-02-06 15:30:00,0.0
2025-02-06 16:00:00,0.0
2025-02-06 16:30:00,0.0
2025-02-06 17:00:00,0.0
2025-02-06 17:30:00,0.0
2025-02-06 18:00:00,0.0
2025-02-06 18:30:00,0.0
2025-02-06 19:00:00,0.0
2025-02-06 19:30:00,0.0
2025-02-06 20:00:00,0.0
2025-02-06 20:30:00,0.0
2025-02-06 21:00:00,0.0
2025-02-06 21:30:00,0.0
2025-02-06 22:00:00,0.0
2025-02-06 22:30:00,0.0
2025-02-06 23:00:00,0.0
2025-02-06 23:30:00,0.0
2025-02-07 00:00:00,0.0
2025-02-07 00:30:00,0.0
2025-02-07 01:00:00,0.0
2025-02-07 01:30:00,0.0
2025-02-07 02:00:00,0.0
2025-02-07 02:30:00,0.0
2025-02-07 03:00:00,0.0
2025-02-07 03:30:00,0.0
2025-02-07 04:00:00,0.0
2025-02-07 04:30:00,0.0
2025-02-07 05:00:00,0.0
2025-02-07 05:30:00,0.0
2025-02-07 06:00:00,0.0
2025-02-07 06:30:00,0.0
2025-02-07 07:00:00,0.0
2025-02-07 07:30:00,0.0
2025-02-07 08:00:00,0.0
2025-02-07 08:30:00,0.0
2025-02-07 09:00:00,0.0
2025-02-07 09:30:00,0.0
2025-02-07 10:00:00,0.0
2025-02-07 10:30:00,0.0
2025-02-07 11:00:00,0.0
2025-02-07 11:30:00,0.0
2025-02-07 12:00:00,0.0
2025-02-07 12:30:00,0.0
2025-02-07 13:00:00,0.0
2025-02-07 13:30:00,0.0
2025-02-07 14:00:00,0.0
2025-02-07 14:30:00,0.0
2025-02-07 15:00:00,0.0
2025-02-07 15:30:00,0.0
2025-02-07 16:00:00,0.0
2025-02-07 16:30:00,0.0
2025-02-07 17:00:00,0.0
2025-02-07 17:30:00,0.0
2025-02-07 18:00:00,0.0
2025-02-07 18:30:00,0.0
2025-02-07 19:00:00,0.0
2025-02-07 19:30:00,0.0
2025-02-07 20:00:00,0.0
2025-02-07 20:30:00,0.0
2025-02-07 21:00:00,0.0
2025-02-07 21:30:00,0.0
2025-02-07 22:00:00,0.0
2025-02-07 22:30:00,0.0
2025-02-07 23:00:00,0.0
2025-02-07 23:30:00,0.0
2025-02-08 00:00:00,0.0
2025-02-08 00:30:00,0.0
2025-02-08 01:00:00,0.0
2025-02-08 01:30:00,0.0
2025-02-08 02:00:00,0.0
2025-02-08 02:30:00,0.0
2025-02-08 03:00:00,0.0
2025-02-08 03:30:00,0.0
2025-02-08 04:00:00,0.0
2025-02-08 04:30:00,0.0
2025-02-08 05:00:00,0.0
2025-02-08 05:30:00,0.0
2025-02-08 06:00:00,0.0
2025-02-08 06:30:00,0.0
2025-02-08 07:00:00,0.0
2025-02-08 07:30:00,0.0
2025-02-08 08:00:00,0.0
2025-02-08 08:30:00,0.0
2025-02-08 09:00:00,0.0
2025-02-08 09:30:00,0.0
2025-02-08 10:00:00,0.0
2025-02-08 10:30:00,0.0
2025-02-08 11:00:00,0.0
2025-02-08 11:30:00,0.0
2025-02-08 12:00:00,0.0
2025-02-08 12:30:00,0.0
2025-02-08 13:00:00,0.0
2025-02-08 13:30:00,0.0
2025-02-08 14:00:00,0.0
2025-02-08 14:30:00,0.0
2025-02-08 15:00:00,0.0
2025-02-08 15:30:00,0.0
2025-02-08 16:00:00,0.0
2025-02-08 16:30:00,0.0
2025-02-08 17:00:00,0.0
2025-02-08 17:30:00,0.0
2025-02-08 18:00:00,0.0
2025-02-08 18:30:00,0.0
2025-02-08 19:00:00,0.0
2025-02-08 19:30:00,0.0
2025-02-08 20:00:00,0.0
2025-02-08 20:30:00,0.0
2025-02-08 21:00:00,0.0
2025-02-08 21:30:00,0.0
2025-02-08 22:00:00,0.0
2025-02-08 22:30:00,0.0
2025-02-08 23:00:00,0.0
2025-02-08 23:30:00,0.0
2025-02-09 00:00:00,0.0
2025-02-09 00:30:00,0.0
2025-02-09 01:00:00,0.0
2025-02-09 01:30:00,0.0
2025-02-09 02:00:00,0.0
2025-02-09 02:30:00,0.0
2025-02-09 03:00:00,0.0
2025-02-09 03:30:00,0.0
2025-02-09 04:00:00,0.0
2025-02-09 04:30:00,0.0
2025-02-09 05:00:00,0.0
2025-02-09 05:30:00,0.0
2025-02-09 06:00:00,0.0
2025-02-09 06:30:00,0.0
2025-02-09 07:00:00,0.0
2025-02-09 07:30:00,0.0
2025-02-09 08:00:00,0.0
2025-02-09 08:30:00,0.0
2025-02-09 09:00:00,0.0
2025-02-09 09:30:00,0.0
2025-02-09 10:00:00,0.0
2025-02-09 10:30:00,0.0
2025-02-09 11:00:00,0.0
2025-02-09 11:30:00,0.0
2025-02-09 12:00:00,0.0
2025-02-09 12:30:00,0.0
2025-02-09 13:00:00,0.0
2025-02-09 13:30:00,0.0
2025-02-09 14:00:00,0.0
2025-02-09 14:30:00,0.0
2025-02-09 15:00:00,0.0
2025-02-09 15:30:00,0.0
2025-02-09 16:00:00,0.0
2025-02-09 16:30:00,0.0
2025-02-09 17:00:00,0.0
2025-02-09 17:30:00,0.0
2025-02-09 18:00:00,0.0
2025-02-09 18:30:00,0.0
2025-02-09 19:00:00,0.0
2025-02-09 19:30:00,0.0
2025-02-09 20:00:00,0.0
2025-02-09 20:30:00,0.0
2025-02-09 21:00:00,0.0
2025-02-09 21:30:00,0.0
2025-02-09 22:00:00,0.0
2025-02-09 22:30:00,0.0
2025-02-09 23:00:00,0.0
2025-02-09 23:30:00,0.0
2025-02-10 00:00:00,0.0
2025-02-10 00:30:00,0.0
2025-02-10 01:00:00,0.0
2025-02-10 01:30:00,0.0
2025-02-10 02:00:00,0.0
2025-02-10 02:30:00,0.0
2025-02-10 03:00:00,0.0
2025-02-10 03:30:00,0.0
2025-02-10 04:00:00,0.0
2025-02-10 04:30:00,0.0
2025-02-10 05:00:00,0.0
2025-02-10 05:30:00,0.0
2025-02-10 06:00:00,0.0
2025-02-10 06:30:00,0.0
2025-02-10 07:00:00,0.0
2025-02-10 07:30:00,0.0
2025-02-10 08:00:00,0.0
2025-02-10 08:30:00,0.0
2025-02-10 09:00:00,0.0
2025-02-10 09:30:00,0.0
2025-02-10 10:00:00,0.0
2025-02-10 10:30:00,0.0
2025-02-10 11:00:00,0.0
2025-02-10 11:30:00,0.0
2025-02-10 12:00:00,0.0
2025-02-10 12:30:00,0.0
2025-02-10 13:00:00,0.0
2025-02-10 13:30:00,0.0
2025-02-10 14:00:00,0.0
2025-02-10 14:30:00,0.0
2025-02-10 15:00:00,0.0
2025-02-10 15:30:00,0.0
2025-02-10 16:00:00,0.0
2025-02-10 16:30:00,0.0
2025-02-10 17:00:00,0.0
2025-02-10 17:30:00,0.0
2025-02-10 18:00:00,0.0
2025-02-10 18:30:00,0.0
2025-02-10 19:00:00,0.0
2025-02-10 19:30:00,0.0
2025-02-10 20:00:00,0.0
2025-02-10 20:30:00,0.0
2025-02-10 21:00:00,0.0
2025-02-10 21:30:00,4.6
2025-02-10 22:00:00,88.9666666666668
2025-02-10 22:30:00,128.1833333333334
2025-02-10 23:00:00,140.1833333333334
2025-02-10 23:30:00,151.1833333333334
2025-02-11 00:00:00,161.9833333333334
2025-02-11 00:30:00,160.9666666666668
2025-02-11 01:00:00,165.0166666666666
2025-02-11 01:30:00,165.9833333333334
2025-02-11 02:00:00,165.9666666666668
2025-02-11 02:30:00,164.0
2025-02-11 03:00:00,163.9666666666668
2025-02-11 03:30:00,161.9666666666668
2025-02-11 04:00:00,160.88333333333318
2025-02-11 04:30:00,153.89999999999998
2025-02-11 05:00:00,147.0333333333332
2025-02-11 05:30:00,149.0166666666666
2025-02-11 06:00:00,151.10000000000002
2025-02-11 06:30:00,157.15
2025-02-11 07:00:00,188.8166666666666
2025-02-11 07:30:00,92.23333333333326
2025-02-11 08:00:00,20.4166666666666
2025-02-11 08:30:00,0.0
2025-02-11 09:00:00,0.0
2025-02-11 09:30:00,0.0
2025-02-11 10:00:00,0.0
2025-02-11 10:30:00,0.0
2025-02-11 11:00:00,25.3333333333334
2025-02-11 11:30:00,49.04999999999994
2025-02-11 12:00:00,140.53333333333342
2025-02-11 12:30:00,216.7500000000002
2025-02-11 13:00:00,209.89999999999998
2025-02-11 13:30:00,203.89999999999998
2025-02-11 14:00:00,196.1333333333334
2025-02-11 14:30:00,204.10000000000002
2025-02-11 15:00:00,175.0666666666666
2025-02-11 15:30:00,208.9166666666664
2025-02-11 16:00:00,168.6666666666668
2025-02-11 16:30:00,129.9666666666668
2025-02-11 17:00:00,110.15000000000006
2025-02-11 17:30:00,95.95000000000006
2025-02-11 18:00:00,124.31666666666659
2025-02-11 18:30:00,83.9166666666666
2025-02-11 19:00:00,81.9
2025-02-11 19:30:00,75.88333333333341
2025-02-11 20:00:00,84.71666666666667
2025-02-11 20:30:00,148.0833333333332
2025-02-11 21:00:00,151.8666666666664
2025-02-11 21:30:00,143.89999999999998
2025-02-11 22:00:00,136.88333333333318
2025-02-11 22:30:00,133.5
2025-02-11 23:00:00,147.7666666666668
2025-02-11 23:30:00,133.8
2025-02-12 00:00:00,134.8333333333332
2025-02-12 00:30:00,124.8166666666666
2025-02-12 01:00:00,121.9333333333336
2025-02-12 01:30:00,117.9166666666668
2025-02-12 02:00:00,111.7666666666666
2025-02-12 02:30:00,97.7666666666668
2025-02-12 03:00:00,80.91666666666654
2025-02-12 03:30:00,76.8833333333332
2025-02-12 04:00:00,70.95000000000007
2025-02-12 04:30:00,67.95000000000007
2025-02-12 05:00:00,64.01666666666665
2025-02-12 05:30:00,56.11666666666666
2025-02-12 06:00:00,42.933333333333266
2025-02-12 06:30:00,35.06666666666674
2025-02-12 07:00:00,17.33333333333334
2025-02-12 07:30:00,0.0
2025-02-12 08:00:00,0.0
2025-02-12 08:30:00,0.0
2025-02-12 09:00:00,0.0
2025-02-12 09:30:00,0.0
2025-02-12 10:00:00,0.0
2025-02-12 10:30:00,0.0
2025-02-12 11:00:00,0.0
2025-02-12 11:30:00,0.0
2025-02-12 12:00:00,0.0
2025-02-12 12:30:00,0.0
2025-02-12 13:00:00,0.0
2025-02-12 13:30:00,0.0
2025-02-12 14:00:00,0.0
2025-02-12 14:30:00,0.0
2025-02-12 15:00:00,0.0
2025-02-12 15:30:00,0.0
2025-02-12 16:00:00,0.0
2025-02-12 16:30:00,0.0
2025-02-12 17:00:00,0.0
2025-02-12 17:30:00,0.0
2025-02-12 18:00:00,0.0
2025-02-12 18:30:00,0.0
2025-02-12 19:00:00,0.0
2025-02-12 19:30:00,0.0
2025-02-12 20:00:00,0.0
2025-02-12 20:30:00,0.0
2025-02-12 21:00:00,0.0
2025-02-12 21:30:00,0.0
2025-02-12 22:00:00,0.0
2025-02-12 22:30:00,0.0
2025-02-12 23:00:00,0.0
2025-02-12 23:30:00,0.0
2025-02-13 00:00:00,0.0
2025-02-13 00:30:00,0.0
2025-02-13 01:00:00,0.0
2025-02-13 01:30:00,0.0
2025-02-13 02:00:00,0.0
2025-02-13 02:30:00,0.0
2025-02-13 03:00:00,0.0
2025-02-13 03:30:00,0.0
2025-02-13 04:00:00,0.0
2025-02-13 04:30:00,0.0
2025-02-13 05:00:00,0.0
2025-02-13 05:30:00,0.0
2025-02-13 06:00:00,0.0
2025-02-13 06:30:00,0.0
2025-02-13 07:00:00,0.0
2025-02-13 07:30:00,0.0
2025-02-13 08:00:00,0.0
2025-02-13 08:30:00,0.0
2025-02-13 09:00:00,0.0
2025-02-13 09:30:00,0.0
2025-02-13 10:00:00,0.0
2025-02-13 10:30:00,0.0
2025-02-13 11:00:00,0.0
2025-02-13 11:30:00,0.0
2025-02-13 12:00:00,0.0
2025-02-13 12:30:00,0.0
2025-02-13 13:00:00,0.0
2025-02-13 13:30:00,0.0
2025-02-13 14:00:00,0.0
2025-02-13 14:30:00,0.0
2025-02-13 15:00:00,0.0
2025-02-13 15:30:00,0.0
2025-02-13 16:00:00,0.0
2025-02-13 16:30:00,0.0
2025-02-13 17:00:00,0.0
2025-02-13 17:30:00,0.0
2025-02-13 18:00:00,0.0
2025-02-13 18:30:00,0.0
2025-02-13 19:00:00,0.0
2025-02-13 19:30:00,0.0
2025-02-13 20:00:00,0.0
2025-02-13 20:30:00,0.0
2025-02-13 21:00:00,0.0
2025-02-13 21:30:00,0.0
2025-02-13 22:00:00,0.0
2025-02-13 22:30:00,0.0
2025-02-13 23:00:00,0.0
2025-02-13 23:30:00,0.0
2025-02-14 00:00:00,0.0
2025-02-14 00:30:00,0.0
2025-02-14 01:00:00,0.0
2025-02-14 01:30:00,0.0
2025-02-14 02:00:00,0.0
2025-02-14 02:30:00,0.0
2025-02-14 03:00:00,0.0
2025-02-14 03:30:00,0.0
2025-02-14 04:00:00,0.0
2025-02-14 04:30:00,0.0
2025-02-14 05:00:00,0.0
2025-02-14 05:30:00,0.0
2025-02-14 06:00:00,0.0
2025-02-14 06:30:00,0.0
2025-02-14 07:00:00,0.0
2025-02-14 07:30:00,0.0
2025-02-14 08:00:00,0.0
2025-02-14 08:30:00,0.0
2025-02-14 09:00:00,0.0
2025-02-14 09:30:00,0.0
2025-02-14 10:00:00,0.0
2025-02-14 10:30:00,0.0
2025-02-14 11:00:00,0.0
2025-02-14 11:30:00,0.0
2025-02-14 12:00:00,0.0
2025-02-14 12:30:00,0.0
2025-02-14 13:00:00,0.0
2025-02-14 13:30:00,0.0
2025-02-14 14:00:00,0.0
2025-02-14 14:30:00,0.0
2025-02-14 15:00:00,0.0
2025-02-14 15:30:00,0.0
2025-02-14 16:00:00,0.0
2025-02-14 16:30:00,0.0
2025-02-14 17:00:00,0.0
2025-02-14 17:30:00,0.0
2025-02-14 18:00:00,0.0
2025-02-14 18:30:00,0.0
2025-02-14 19:00:00,0.0
2025-02-14 19:30:00,0.0
2025-02-14 20:00:00,0.0
2025-02-14 20:30:00,0.0
2025-02-14 21:00:00,0.0
2025-02-14 21:30:00,0.0
2025-02-14 22:00:00,0.0
2025-02-14 22:30:00,0.0
2025-02-14 23:00:00,0.0
2025-02-14 23:30:00,0.0
2025-02-15 00:00:00,0.0
2025-02-15 00:30:00,0.0
2025-02-15 01:00:00,0.0
2025-02-15 01:30:00,0.0
2025-02-15 02:00:00,0.0
2025-02-15 02:30:00,0.0
2025-02-15 03:00:00,0.0
2025-02-15 03:30:00,0.0
2025-02-15 04:00:00,0.0
2025-02-15 04:30:00,0.0
2025-02-15 05:00:00,0.0
2025-02-15 05:30:00,0.0
2025-02-15 06:00:00,0.0
2025-02-15 06:30:00,0.0
2025-02-15 07:00:00,0.0
2025-02-15 07:30:00,0.0
2025-02-15 08:00:00,0.0
2025-02-15 08:30:00,0.0
2025-02-15 09:00:00,0.0
2025-02-15 09:30:00,0.0
2025-02-15 10:00:00,0.0
2025-02-15 10:30:00,0.0
2025-02-15 11:00:00,0.0
2025-02-15 11:30:00,0.0
2025-02-15 12:00:00,0.0
2025-02-15 12:30:00,0.0
2025-02-15 13:00:00,0.0
2025-02-15 13:30:00,0.0
2025-02-15 14:00:00,0.0
2025-02-15 14:30:00,0.0
2025-02-15 15:00:00,0.0
2025-02-15 15:30:00,0.0
2025-02-15 16:00:00,0.0
2025-02-15 16:30:00,0.0
2025-02-15 17:00:00,0.0
2025-02-15 17:30:00,0.0
2025-02-15 18:00:00,0.0
2025-02-15 18:30:00,0.0
2025-02-15 19:00:00,0.0
2025-02-15 19:30:00,0.0
2025-02-15 20:00:00,0.0
2025-02-15 20:30:00,0.0
2025-02-15 21:00:00,0.0
2025-02-15 21:30:00,0.0
2025-02-15 22:00:00,0.0
2025-02-15 22:30:00,10.5
2025-02-15 23:00:00,36.0
2025-02-15 23:30:00,25.8
2025-02-16 00:00:00,0.0
2025-02-16 00:30:00,0.0
2025-02-16 01:00:00,0.0
2025-02-16 01:30:00,0.0
2025-02-16 02:00:00,93.7166666666666
2025-02-16 02:30:00,122.9
2025-02-16 03:00:00,100.7999999999998
2025-02-16 03:30:00,12.91666666666666
2025-02-16 04:00:00,0.0
2025-02-16 04:30:00,111.3666666666668
2025-02-16 05:00:00,149.6166666666664
2025-02-16 05:30:00,175.3666666666668
2025-02-16 06:00:00,190.1833333333334
2025-02-16 06:30:00,201.1500000000002
2025-02-16 07:00:00,182.3333333333332
2025-02-16 07:30:00,198.2499999999998
2025-02-16 08:00:00,212.3166666666668
2025-02-16 08:30:00,225.23333333333318
2025-02-16 09:00:00,236.0499999999998
2025-02-16 09:30:00,239.06666666666638
2025-02-16 10:00:00,241.1833333333334
2025-02-16 10:30:00,252.2
2025-02-16 11:00:00,260.0
2025-02-16 11:30:00,260.06666666666683
2025-02-16 12:00:00,241.86666666666662
2025-02-16 12:30:00,233.8666666666664
2025-02-16 13:00:00,238.7666666666666
2025-02-16 13:30:00,224.5666666666668
2025-02-16 14:00:00,208.3666666666666
2025-02-16 14:30:00,186.5999999999998
2025-02-16 15:00:00,164.75
2025-02-16 15:30:00,149.7500000000002
2025-02-16 16:00:00,128.8166666666666
2025-02-16 16:30:00,117.81666666666659
2025-02-16 17:00:00,104.9333333333336
2025-02-16 17:30:00,100.8833333333332
2025-02-16 18:00:00,92.9666666666668
2025-02-16 18:30:00,90.9833333333334
2025-02-16 19:00:00,108.0
2025-02-16 19:30:00,107.9666666666668
2025-02-16 20:00:00,105.9333333333336
2025-02-16 20:30:00,101.95000000000019
2025-02-16 21:00:00,97.9166666666668
2025-02-16 21:30:00,92.9333333333334
2025-02-16 22:00:00,87.83333333333331
2025-02-16 22:30:00,77.86666666666653
2025-02-16 23:00:00,68.85
2025-02-16 23:30:00,59.9
2025-02-17 00:00:00,47.96666666666668
2025-02-17 00:30:00,45.96666666666668
2025-02-17 01:00:00,30.01666666666666
2025-02-17 01:30:00,31.01666666666666
2025-02-17 02:00:00,32.03333333333332
2025-02-17 02:30:00,34.06666666666664
2025-02-17 03:00:00,38.04999999999998
2025-02-17 03:30:00,41.06666666666664
2025-02-17 04:00:00,39.98333333333334
2025-02-17 04:30:00,38.96666666666668
2025-02-17 05:00:00,38.0
2025-02-17 05:30:00,38.01666666666666
2025-02-17 06:00:00,39.0
2025-02-17 06:30:00,39.0
2025-02-17 07:00:00,37.01666666666666
2025-02-17 07:30:00,22.366666666666667
2025-02-17 08:00:00,0.0
2025-02-17 08:30:00,0.0
2025-02-17 09:00:00,0.0
2025-02-17 09:30:00,0.0
2025-02-17 10:00:00,0.0
2025-02-17 10:30:00,0.0
2025-02-17 11:00:00,0.0
2025-02-17 11:30:00,0.0
2025-02-17 12:00:00,0.0
2025-02-17 12:30:00,0.0
2025-02-17 13:00:00,36.2
2025-02-17 13:30:00,64.04999999999998
2025-02-17 14:00:00,66.06666666666658
2025-02-17 14:30:00,70.03333333333326
2025-02-17 15:00:00,70.06666666666652
2025-02-17 15:30:00,64.33333333333326
2025-02-17 16:00:00,61.10000000000006
2025-02-17 16:30:00,67.08333333333326
2025-02-17 17:00:00,70.09999999999994
2025-02-17 17:30:00,76.10000000000005
2025-02-17 18:00:00,81.06666666666658
2025-02-17 18:30:00,88.08333333333326
2025-02-17 19:00:00,102.0666666666664
2025-02-17 19:30:00,103.0666666666664
2025-02-17 20:00:00,106.15
2025-02-17 20:30:00,115.13333333333361
2025-02-17 21:00:00,121.0666666666666
2025-02-17 21:30:00,125.0666666666664
2025-02-17 22:00:00,128.1
2025-02-17 22:30:00,134.1333333333336
2025-02-17 23:00:00,140.1333333333334
2025-02-17 23:30:00,148.1500000000002
2025-02-18 00:00:00,144.1500000000002
2025-02-18 00:30:00,153.1333333333336
2025-02-18 01:00:00,149.3166666666666
2025-02-18 01:30:00,168.3833333333336
2025-02-18 02:00:00,187.25
2025-02-18 02:30:00,200.23333333333318
2025-02-18 03:00:00,213.28333333333342
2025-02-18 03:30:00,224.1666666666668
2025-02-18 04:00:00,237.1
2025-02-18 04:30:00,243.0833333333332
2025-02-18 05:00:00,247.1833333333334
2025-02-18 05:30:00,258.1833333333334
2025-02-18 06:00:00,266.3500000000002
2025-02-18 06:30:00,287.3500000000002
2025-02-18 07:00:00,297.95
2025-02-18 07:30:00,245.21666666666664
2025-02-18 08:00:00,293.2166666666666
2025-02-18 08:30:00,306.2
2025-02-18 09:00:00,319.1666666666668
2025-02-18 09:30:00,335.1666666666668
2025-02-18 10:00:00,379.2333333333334
2025-02-18 10:30:00,389.2
2025-02-18 11:00:00,398.1
2025-02-18 11:30:00,404.1
2025-02-18 12:00:00,407.0333333333332
2025-02-18 12:30:00,409.0499999999998
2025-02-18 13:00:00,415.9833333333334
2025-02-18 13:30:00,414.9833333333334
2025-02-18 14:00:00,414.0
2025-02-18 14:30:00,414.0
2025-02-18 15:00:00,414.0
2025-02-18 15:30:00,413.9666666666668
2025-02-18 16:00:00,414.9833333333334
2025-02-18 16:30:00,413.9666666666668
2025-02-18 17:00:00,413.0166666666666
2025-02-18 17:30:00,414.0499999999998
2025-02-18 18:00:00,417.0166666666666
2025-02-18 18:30:00,417.9833333333334
2025-02-18 19:00:00,423.0
2025-02-18 19:30:00,423.0166666666666
2025-02-18 20:00:00,424.0
2025-02-18 20:30:00,424.0333333333332
2025-02-18 21:00:00,425.0166666666666
2025-02-18 21:30:00,426.0
2025-02-18 22:00:00,427.0
2025-02-18 22:30:00,427.0
2025-02-18 23:00:00,426.9833333333334
2025-02-18 23:30:00,426.0
2025-02-19 00:00:00,425.0
2025-02-19 00:30:00,425.0166666666666
2025-02-19 01:00:00,425.0333333333332
2025-02-19 01:30:00,427.0166666666666
2025-02-19 02:00:00,429.0
2025-02-19 02:30:00,429.0166666666666
2025-02-19 03:00:00,429.0166666666666
2025-02-19 03:30:00,430.0
2025-02-19 04:00:00,430.0
2025-02-19 04:30:00,430.0
2025-02-19 05:00:00,430.0
2025-02-19 05:30:00,430.0
2025-02-19 06:00:00,430.0333333333332
2025-02-19 06:30:00,432.0333333333332
2025-02-19 07:00:00,432.0333333333332
2025-02-19 07:30:00,434.0333333333332
2025-02-19 08:00:00,436.0
2025-02-19 08:30:00,436.0
2025-02-19 09:00:00,436.0
2025-02-19 09:30:00,436.0
2025-02-19 10:00:00,436.0
2025-02-19 10:30:00,432.8673138888888
2025-02-19 11:00:00,424.0
2025-02-19 11:30:00,424.0
2025-02-19 12:00:00,424.0
2025-02-19 12:30:00,424.0
2025-02-19 13:00:00,424.0
2025-02-19 13:30:00,424.0
2025-02-19 14:00:00,424.0
2025-02-19 14:30:00,424.0
2025-02-19 15:00:00,424.0
2025-02-19 15:30:00,424.0
2025-02-19 16:00:00,424.0
2025-02-19 16:30:00,424.0
2025-02-19 17:00:00,424.0
2025-02-19 17:30:00,424.0
2025-02-19 18:00:00,424.0
2025-02-19 18:30:00,424.0
2025-02-19 19:00:00,424.0
2025-02-19 19:30:00,424.0
2025-02-19 20:00:00,424.0
2025-02-19 20:30:00,424.0
2025-02-19 21:00:00,424.0
2025-02-19 21:30:00,354.33333333333337
2025-02-19 22:00:00,409.9833333333334
2025-02-19 22:30:00,436.0
2025-02-19 23:00:00,436.0
2025-02-19 23:30:00,436.0
2025-02-20 00:00:00,436.0
2025-02-20 00:30:00,436.0
2025-02-20 01:00:00,436.0
2025-02-20 01:30:00,436.0
2025-02-20 02:00:00,436.0
2025-02-20 02:30:00,436.0
2025-02-20 03:00:00,436.0
2025-02-20 03:30:00,436.0
2025-02-20 04:00:00,436.0
2025-02-20 04:30:00,436.0
2025-02-20 05:00:00,436.0
2025-02-20 05:30:00,436.0
2025-02-20 06:00:00,436.0
2025-02-20 06:30:00,436.0
2025-02-20 07:00:00,436.0
2025-02-20 07:30:00,436.0
2025-02-20 08:00:00,436.0
2025-02-20 08:30:00,436.0
2025-02-20 09:00:00,436.0
2025-02-20 09:30:00,436.0
2025-02-20 10:00:00,436.0
2025-02-20 10:30:00,436.0
2025-02-20 11:00:00,436.0
2025-02-20 11:30:00,436.0
2025-02-20 12:00:00,436.0
2025-02-20 12:30:00,436.0
2025-02-20 13:00:00,436.0
2025-02-20 13:30:00,432.0
2025-02-20 14:00:00,432.0
2025-02-20 14:30:00,432.0
2025-02-20 15:00:00,432.0
2025-02-20 15:30:00,432.0
2025-02-20 16:00:00,430.9666666666668
2025-02-20 16:30:00,428.9500000000002
2025-02-20 17:00:00,425.7
2025-02-20 17:30:00,409.5
2025-02-20 18:00:00,392.1666666666668
2025-02-20 18:30:00,400.1833333333334
2025-02-20 19:00:00,410.1500000000002
2025-02-20 19:30:00,419.2000000000002
2025-02-20 20:00:00,429.0
2025-02-20 20:30:00,429.0333333333332
2025-02-20 21:00:00,431.0166666666666
2025-02-20 21:30:00,432.0
2025-02-20 22:00:00,432.0
2025-02-20 22:30:00,432.0
2025-02-20 23:00:00,432.0
2025-02-20 23:30:00,432.0
2025-02-21 00:00:00,431.9500000000002
2025-02-21 00:30:00,428.9666666666668
2025-02-21 01:00:00,433.9666666666666
2025-02-21 01:30:00,420.88333333333344
2025-02-21 02:00:00,413.5333333333332
2025-02-21 02:30:00,393.5666666666666
2025-02-21 03:00:00,373.15
2025-02-21 03:30:00,382.2166666666668
2025-02-21 04:00:00,387.0833333333332
2025-02-21 04:30:00,392.1166666666668
2025-02-21 05:00:00,396.0499999999998
2025-02-21 05:30:00,399.0166666666666
2025-02-21 06:00:00,399.1833333333334
2025-02-21 06:30:00,408.15
2025-02-21 07:00:00,417.1
2025-02-21 07:30:00,423.1
2025-02-21 08:00:00,429.0166666666666
2025-02-21 08:30:00,430.0333333333332
2025-02-21 09:00:00,432.0
2025-02-21 09:30:00,432.0
2025-02-21 10:00:00,432.0
2025-02-21 10:30:00,432.0
2025-02-21 11:00:00,432.0
2025-02-21 11:30:00,432.0
2025-02-21 12:00:00,432.0
2025-02-21 12:30:00,432.0
2025-02-21 13:00:00,431.45
2025-02-21 13:30:00,412.6833333333332
2025-02-21 14:00:00,430.0
2025-02-21 14:30:00,390.1166666666668
2025-02-21 15:00:00,427.5333333333334
2025-02-21 15:30:00,413.7499999999998
2025-02-21 16:00:00,432.0
2025-02-21 16:30:00,432.0
2025-02-21 17:00:00,432.0
2025-02-21 17:30:00,432.0
2025-02-21 18:00:00,432.0
2025-02-21 18:30:00,432.0
2025-02-21 19:00:00,431.6166666666666
2025-02-21 19:30:00,414.6166666666668
2025-02-21 20:00:00,396.1333333333332
2025-02-21 20:30:00,352.25
2025-02-21 21:00:00,309.3833333333334
2025-02-21 21:30:00,332.3666666666668
2025-02-21 22:00:00,354.24999999999983
2025-02-21 22:30:00,369.2666666666666
2025-02-21 23:00:00,382.1666666666668
2025-02-21 23:30:00,392.2666666666668
2025-02-22 00:00:00,406.0666666666664
2025-02-22 00:30:00,410.0833333333332
2025-02-22 01:00:00,420.0166666666666
2025-02-22 01:30:00,421.0
2025-02-22 02:00:00,422.0
2025-02-22 02:30:00,422.0333333333332
2025-02-22 03:00:00,424.0166666666666
2025-02-22 03:30:00,425.0166666666666
2025-02-22 04:00:00,425.0333333333332
2025-02-22 04:30:00,427.0
2025-02-22 05:00:00,427.0166666666666
2025-02-22 05:30:00,428.0
2025-02-22 06:00:00,428.0
2025-02-22 06:30:00,428.0
2025-02-22 07:00:00,430.0
2025-02-22 07:30:00,429.9833333333334
2025-02-22 08:00:00,429.0
2025-02-22 08:30:00,428.9833333333334
2025-02-22 09:00:00,427.9666666666668
2025-02-22 09:30:00,425.9666666666668
2025-02-22 10:00:00,424.0
2025-02-22 10:30:00,423.9833333333334
2025-02-22 11:00:00,423.9666666666668
2025-02-22 11:30:00,422.0
2025-02-22 12:00:00,422.0
2025-02-22 12:30:00,422.0
2025-02-22 13:00:00,424.0
2025-02-22 13:30:00,423.9833333333334
2025-02-22 14:00:00,424.0
2025-02-22 14:30:00,424.0166666666666
2025-02-22 15:00:00,425.0
2025-02-22 15:30:00,425.0833333333332
2025-02-22 16:00:00,429.9833333333334
2025-02-22 16:30:00,428.9833333333334
2025-02-22 17:00:00,428.0
2025-02-22 17:30:00,427.9833333333334
2025-02-22 18:00:00,427.9666666666668
2025-02-22 18:30:00,426.0
2025-02-22 19:00:00,430.0
2025-02-22 19:30:00,430.0166666666666
2025-02-22 20:00:00,430.9833333333334
2025-02-22 20:30:00,430.0
2025-02-22 21:00:00,429.9666666666668
2025-02-22 21:30:00,427.9666666666668
2025-02-22 22:00:00,425.9333333333336
2025-02-22 22:30:00,421.9500000000002
2025-02-22 23:00:00,419.9166666666668
2025-02-22 23:30:00,414.9166666666668
2025-02-23 00:00:00,404.9
2025-02-23 00:30:00,398.9
2025-02-23 01:00:00,392.9500000000002
2025-02-23 01:30:00,389.9333333333336
2025-02-23 02:00:00,385.8666666666664
2025-02-23 02:30:00,377.9166666666668
2025-02-23 03:00:00,372.8666666666666
2025-02-23 03:30:00,364.8666666666666
2025-02-23 04:00:00,357.1666666666668
2025-02-23 04:30:00,367.11666666666656
2025-02-23 05:00:00,363.66666666666663
2025-02-23 05:30:00,354.8666666666666
2025-02-23 06:00:00,345.63333333333344
2025-02-23 06:30:00,373.7166666666666
2025-02-23 07:00:00,404.0999999999998
2025-02-23 07:30:00,410.1
2025-02-23 08:00:00,416.0
2025-02-23 08:30:00,416.0
2025-02-23 09:00:00,416.0
2025-02-23 09:30:00,416.0
2025-02-23 10:00:00,416.0
2025-02-23 10:30:00,416.0
2025-02-23 11:00:00,414.98333333333323
2025-02-23 11:30:00,367.4999999999998
2025-02-23 12:00:00,425.5
2025-02-23 12:30:00,369.9833333333334
2025-02-23 13:00:00,0.0
2025-02-23 13:30:00,12.01666666666668
2025-02-23 14:00:00,321.0
2025-02-23 14:30:00,321.0333333333332
2025-02-23 15:00:00,420.0666666666666
2025-02-23 15:30:00,424.0666666666666
2025-02-23 16:00:00,428.0
2025-02-23 16:30:00,428.1333333333332
2025-02-23 17:00:00,436.0
2025-02-23 17:30:00,436.0
2025-02-23 18:00:00,436.0
2025-02-23 18:30:00,436.0
2025-02-23 19:00:00,436.0
2025-02-23 19:30:00,436.0
2025-02-23 20:00:00,436.0
2025-02-23 20:30:00,436.0
2025-02-23 21:00:00,436.0
2025-02-23 21:30:00,436.0
2025-02-23 22:00:00,436.0
2025-02-23 22:30:00,436.0
2025-02-23 23:00:00,436.0
2025-02-23 23:30:00,428.0
2025-02-24 00:00:00,428.0
2025-02-24 00:30:00,428.0
2025-02-24 01:00:00,428.0
2025-02-24 01:30:00,428.0
2025-02-24 02:00:00,428.0
2025-02-24 02:30:00,428.0
2025-02-24 03:00:00,428.0
2025-02-24 03:30:00,428.0
2025-02-24 04:00:00,428.0
2025-02-24 04:30:00,428.0
2025-02-24 05:00:00,428.0
2025-02-24 05:30:00,428.0
2025-02-24 06:00:00,428.0
2025-02-24 06:30:00,428.0
2025-02-24 07:00:00,374.35
2025-02-24 07:30:00,317.0
2025-02-24 08:00:00,311.85
2025-02-24 08:30:00,302.66666666666663
2025-02-24 09:00:00,329.6333333333334
2025-02-24 09:30:00,403.3666666666666
2025-02-24 10:00:00,413.2
2025-02-24 10:30:00,428.0
2025-02-24 11:00:00,428.0
2025-02-24 11:30:00,428.1333333333332
2025-02-24 12:00:00,436.0
2025-02-24 12:30:00,436.0
2025-02-24 13:00:00,436.0
2025-02-24 13:30:00,436.0
2025-02-24 14:00:00,436.0
2025-02-24 14:30:00,436.0
2025-02-24 15:00:00,436.0
2025-02-24 15:30:00,436.0
2025-02-24 16:00:00,436.0
2025-02-24 16:30:00,436.0
2025-02-24 17:00:00,436.0
2025-02-24 17:30:00,436.0
2025-02-24 18:00:00,436.0
2025-02-24 18:30:00,436.0
2025-02-24 19:00:00,436.0
2025-02-24 19:30:00,436.0
2025-02-24 20:00:00,436.0
2025-02-24 20:30:00,436.0
2025-02-24 21:00:00,436.0
2025-02-24 21:30:00,435.9833333333334
2025-02-24 22:00:00,435.0
2025-02-24 22:30:00,434.9833333333334
2025-02-24 23:00:00,433.0
2025-02-24 23:30:00,433.0
2025-02-25 00:00:00,432.9833333333334
2025-02-25 00:30:00,431.9833333333334
2025-02-25 01:00:00,420.95
2025-02-25 01:30:00,417.9333333333336
2025-02-25 02:00:00,413.9500000000002
2025-02-25 02:30:00,410.9500000000002
2025-02-25 03:00:00,408.9500000000002
2025-02-25 03:30:00,405.9666666666668
2025-02-25 04:00:00,401.0
2025-02-25 04:30:00,400.9833333333334
2025-02-25 05:00:00,400.9833333333334
2025-02-25 05:30:00,400.0
2025-02-25 06:00:00,401.0499999999998
2025-02-25 06:30:00,404.0499999999998
2025-02-25 07:00:00,410.0333333333332
2025-02-25 07:30:00,412.0333333333332
2025-02-25 08:00:00,414.0333333333332
2025-02-25 08:30:00,416.0499999999998
2025-02-25 09:00:00,418.9166666666668
2025-02-25 09:30:00,413.9500000000002
2025-02-25 10:00:00,410.7833333333334
2025-02-25 10:30:00,397.75
2025-02-25 11:00:00,383.55
2025-02-25 11:30:00,362.65
2025-02-25 12:00:00,358.8666666666666
2025-02-25 12:30:00,350.9000000000002
2025-02-25 13:00:00,342.9000000000002
2025-02-25 13:30:00,337.0000000000002
2025-02-25 14:00:00,339.9666666666666
2025-02-25 14:30:00,337.9333333333334
2025-02-25 15:00:00,336.9166666666668
2025-02-25 15:30:00,331.9
2025-02-25 16:00:00,326.9333333333336
2025-02-25 16:30:00,322.9500000000002
2025-02-25 17:00:00,320.9166666666668
2025-02-25 17:30:00,315.9
2025-02-25 18:00:00,177.78333333333336
2025-02-25 18:30:00,87.9833333333334
2025-02-25 19:00:00,73.8
2025-02-25 19:30:00,0.0
2025-02-25 20:00:00,0.0
2025-02-25 20:30:00,0.0
2025-02-25 21:00:00,0.0
2025-02-25 21:30:00,0.0
2025-02-25 22:00:00,0.0
2025-02-25 22:30:00,0.0
2025-02-25 23:00:00,0.0
2025-02-25 23:30:00,0.0
2025-02-26 00:00:00,0.0
2025-02-26 00:30:00,0.0
2025-02-26 01:00:00,0.0
2025-02-26 01:30:00,0.0
2025-02-26 02:00:00,0.0
2025-02-26 02:30:00,0.0
2025-02-26 03:00:00,0.0
2025-02-26 03:30:00,0.0
2025-02-26 04:00:00,0.0
2025-02-26 04:30:00,0.0
2025-02-26 05:00:00,0.0
2025-02-26 05:30:00,0.0
2025-02-26 06:00:00,0.0
2025-02-26 06:30:00,0.0
2025-02-26 07:00:00,0.0
2025-02-26 07:30:00,0.0
2025-02-26 08:00:00,0.0
2025-02-26 08:30:00,0.0
2025-02-26 09:00:00,0.0
2025-02-26 09:30:00,0.0
2025-02-26 10:00:00,0.0
2025-02-26 10:30:00,0.0
2025-02-26 11:00:00,0.0
2025-02-26 11:30:00,0.0
2025-02-26 12:00:00,0.0
2025-02-26 12:30:00,0.0
2025-02-26 13:00:00,0.0
2025-02-26 13:30:00,0.0
2025-02-26 14:00:00,0.0
2025-02-26 14:30:00,0.0
2025-02-26 15:00:00,0.0
2025-02-26 15:30:00,0.0
2025-02-26 16:00:00,0.0
2025-02-26 16:30:00,0.0
2025-02-26 17:00:00,0.0
2025-02-26 17:30:00,0.0
2025-02-26 18:00:00,0.0
2025-02-26 18:30:00,0.0
2025-02-26 19:00:00,0.0
2025-02-26 19:30:00,0.0
2025-02-26 20:00:00,0.0
2025-02-26 20:30:00,0.0
2025-02-26 21:00:00,0.0
2025-02-26 21:30:00,0.0
2025-02-26 22:00:00,0.0
2025-02-26 22:30:00,0.0
2025-02-26 23:00:00,0.0
2025-02-26 23:30:00,0.0
2025-02-27 00:00:00,0.0
2025-02-27 00:30:00,0.0
2025-02-27 01:00:00,0.0
2025-02-27 01:30:00,0.0
2025-02-27 02:00:00,0.0
2025-02-27 02:30:00,0.0
2025-02-27 03:00:00,0.0
2025-02-27 03:30:00,0.0
2025-02-27 04:00:00,0.0
2025-02-27 04:30:00,0.0
2025-02-27 05:00:00,60.083333333333364
2025-02-27 05:30:00,129.15
2025-02-27 06:00:00,91.68333333333334
2025-02-27 06:30:00,44.999999999999936
2025-02-27 07:00:00,14.5
2025-02-27 07:30:00,0.0
2025-02-27 08:00:00,0.0
2025-02-27 08:30:00,0.0
2025-02-27 09:00:00,0.0
2025-02-27 09:30:00,0.0
2025-02-27 10:00:00,0.0
2025-02-27 10:30:00,0.0
2025-02-27 11:00:00,0.0
2025-02-27 11:30:00,0.0
2025-02-27 12:00:00,0.0
2025-02-27 12:30:00,0.0
2025-02-27 13:00:00,0.0
2025-02-27 13:30:00,0.0
2025-02-27 14:00:00,0.0
2025-02-27 14:30:00,0.0
2025-02-27 15:00:00,0.0
2025-02-27 15:30:00,0.0
2025-02-27 16:00:00,0.0
2025-02-27 16:30:00,0.0
2025-02-27 17:00:00,0.0
2025-02-27 17:30:00,0.0
2025-02-27 18:00:00,0.0
2025-02-27 18:30:00,0.0
2025-02-27 19:00:00,0.0
2025-02-27 19:30:00,0.0
2025-02-27 20:00:00,0.0
2025-02-27 20:30:00,0.0
2025-02-27 21:00:00,0.0
2025-02-27 21:30:00,0.0
2025-02-27 22:00:00,0.0
2025-02-27 22:30:00,0.0
2025-02-27 23:00:00,0.0
2025-02-27 23:30:00,0.0
2025-02-28 00:00:00,0.0
2025-02-28 00:30:00,0.0
2025-02-28 01:00:00,0.0
2025-02-28 01:30:00,0.0
2025-02-28 02:00:00,0.0
2025-02-28 02:30:00,0.0
2025-02-28 03:00:00,0.0
2025-02-28 03:30:00,0.0
2025-02-28 04:00:00,0.0
2025-02-28 04:30:00,0.0
2025-02-28 05:00:00,0.0
2025-02-28 05:30:00,0.0
2025-02-28 06:00:00,0.0
2025-02-28 06:30:00,0.0
2025-02-28 07:00:00,0.0
2025-02-28 07:30:00,0.0
2025-02-28 08:00:00,0.0
2025-02-28 08:30:00,0.0
2025-02-28 09:00:00,0.0
2025-02-28 09:30:00,0.0
2025-02-28 10:00:00,0.0
2025-02-28 10:30:00,0.0
2025-02-28 11:00:00,171.88333333333338
2025-02-28 11:30:00,28.66666666666666
2025-02-28 12:00:00,0.0
2025-02-28 12:30:00,0.0
2025-02-28 13:00:00,0.0
2025-02-28 13:30:00,0.0
2025-02-28 14:00:00,114.04999999999981
2025-02-28 14:30:00,322.1166666666668
2025-02-28 15:00:00,323.9833333333334
2025-02-28 15:30:00,322.9666666666668
2025-02-28 16:00:00,241.3333333333332
2025-02-28 16:30:00,15.23333333333334
2025-02-28 17:00:00,84.0333333333334
2025-02-28 17:30:00,15.03333333333332
2025-02-28 18:00:00,84.0666666666666
2025-02-28 18:30:00,88.0666666666666
2025-02-28 19:00:00,121.7166666666666
2025-02-28 19:30:00,215.5833333333334
2025-02-28 20:00:00,306.08333333333326
2025-02-28 20:30:00,409.1166666666664
2025-02-28 21:00:00,414.0833333333332
2025-02-28 21:30:00,419.0666666666664
2025-02-28 22:00:00,424.0666666666666
2025-02-28 22:30:00,428.0499999999998
2025-02-28 23:00:00,431.0
2025-02-28 23:30:00,431.0
2025-03-01 00:00:00,432.0166666666666
2025-03-01 00:30:00,433.0166666666666
2025-03-01 01:00:00,435.0166666666666
2025-03-01 01:30:00,436.0
2025-03-01 02:00:00,436.0
2025-03-01 02:30:00,436.0
2025-03-01 03:00:00,436.0
2025-03-01 03:30:00,436.0
2025-03-01 04:00:00,435.9500000000002
2025-03-01 04:30:00,432.9833333333334
2025-03-01 05:00:00,430.8333333333336
2025-03-01 05:30:00,403.56666666666683
2025-03-01 06:00:00,377.9833333333334
2025-03-01 06:30:00,376.9833333333334
2025-03-01 07:00:00,379.0166666666666
2025-03-01 07:30:00,254.8
2025-03-01 08:00:00,125.94999999999999
2025-03-01 08:30:00,31.3333333333334
2025-03-01 09:00:00,0.0
2025-03-01 09:30:00,0.0
2025-03-01 10:00:00,0.0
2025-03-01 10:30:00,0.0
2025-03-01 11:00:00,0.0
2025-03-01 11:30:00,0.0
2025-03-01 12:00:00,0.0
2025-03-01 12:30:00,0.0
2025-03-01 13:00:00,0.0
2025-03-01 13:30:00,0.0
2025-03-01 14:00:00,0.0
2025-03-01 14:30:00,64.1833333333334
2025-03-01 15:00:00,121.88333333333341
2025-03-01 15:30:00,211.08333333333334
2025-03-01 16:00:00,385.0
2025-03-01 16:30:00,385.0
2025-03-01 17:00:00,218.19999999999987
2025-03-01 17:30:00,99.0
2025-03-01 18:00:00,82.5
2025-03-01 18:30:00,0.0
2025-03-01 19:00:00,0.0
2025-03-01 19:30:00,67.55
2025-03-01 20:00:00,306.25
2025-03-01 20:30:00,410.0333333333332
2025-03-01 21:00:00,339.25
2025-03-01 21:30:00,420.9666666666666
2025-03-01 22:00:00,409.25
2025-03-01 22:30:00,304.95
2025-03-01 23:00:00,323.7666666666666
2025-03-01 23:30:00,411.9666666666668
2025-03-02 00:00:00,409.9833333333334
2025-03-02 00:30:00,426.2
2025-03-02 01:00:00,432.0
2025-03-02 01:30:00,432.0
2025-03-02 02:00:00,431.0333333333332
2025-03-02 02:30:00,433.0
2025-03-02 03:00:00,433.0
2025-03-02 03:30:00,433.0499999999998
2025-03-02 04:00:00,435.0166666666666
2025-03-02 04:30:00,436.0
2025-03-02 05:00:00,436.0
2025-03-02 05:30:00,436.0
2025-03-02 06:00:00,436.0
2025-03-02 06:30:00,436.0
2025-03-02 07:00:00,436.0
2025-03-02 07:30:00,436.0
2025-03-02 08:00:00,436.0
2025-03-02 08:30:00,436.0
2025-03-02 09:00:00,436.0
2025-03-02 09:30:00,436.0
2025-03-02 10:00:00,436.0
2025-03-02 10:30:00,436.0
2025-03-02 11:00:00,436.0
2025-03-02 11:30:00,436.0
2025-03-02 12:00:00,436.0
2025-03-02 12:30:00,436.0
2025-03-02 13:00:00,436.0
2025-03-02 13:30:00,436.0
2025-03-02 14:00:00,436.0
2025-03-02 14:30:00,436.0
2025-03-02 15:00:00,436.0
2025-03-02 15:30:00,436.0
2025-03-02 16:00:00,436.0
2025-03-02 16:30:00,436.0
2025-03-02 17:00:00,436.0
2025-03-02 17:30:00,330.55
2025-03-02 18:00:00,430.45
2025-03-02 18:30:00,436.0
2025-03-02 19:00:00,436.0
2025-03-02 19:30:00,436.0
2025-03-02 20:00:00,436.0
2025-03-02 20:30:00,436.0
2025-03-02 21:00:00,436.0
2025-03-02 21:30:00,436.0
2025-03-02 22:00:00,435.9333333333334
2025-03-02 22:30:00,431.9166666666668
2025-03-02 23:00:00,426.06666666666683
2025-03-02 23:30:00,402.6333333333332
2025-03-03 00:00:00,385.2333333333334
2025-03-03 00:30:00,399.5
2025-03-03 01:00:00,425.05
2025-03-03 01:30:00,428.0666666666666
2025-03-03 02:00:00,432.0
2025-03-03 02:30:00,432.0
2025-03-03 03:00:00,432.0333333333332
2025-03-03 03:30:00,434.0166666666666
2025-03-03 04:00:00,435.0166666666666
2025-03-03 04:30:00,436.0
2025-03-03 05:00:00,436.0
2025-03-03 05:30:00,436.0
2025-03-03 06:00:00,436.0
2025-03-03 06:30:00,436.0
2025-03-03 07:00:00,436.0
2025-03-03 07:30:00,436.0
2025-03-03 08:00:00,404.55
2025-03-03 08:30:00,325.0
2025-03-03 09:00:00,359.5932433333334
2025-03-03 09:30:00,436.0
2025-03-03 10:00:00,436.0
2025-03-03 10:30:00,436.0
2025-03-03 11:00:00,436.0
2025-03-03 11:30:00,436.0
2025-03-03 12:00:00,436.0
2025-03-03 12:30:00,436.0
2025-03-03 13:00:00,436.0
2025-03-03 13:30:00,436.0
2025-03-03 14:00:00,436.0
2025-03-03 14:30:00,436.0
2025-03-03 15:00:00,436.0
2025-03-03 15:30:00,435.40555555555557
2025-03-03 16:00:00,331.3777777777778
2025-03-03 16:30:00,242.05
2025-03-03 17:00:00,209.8333333333332
2025-03-03 17:30:00,172.53333333333333
2025-03-03 18:00:00,101.75
2025-03-03 18:30:00,90.25
2025-03-03 19:00:00,254.13333333333338
2025-03-03 19:30:00,147.5666666666666
2025-03-03 20:00:00,99.0
2025-03-03 20:30:00,99.0
2025-03-03 21:00:00,169.4333333333334
2025-03-03 21:30:00,366.58333333333337
2025-03-03 22:00:00,424.0
2025-03-03 22:30:00,424.0
2025-03-03 23:00:00,424.0
2025-03-03 23:30:00,424.0
2025-03-04 00:00:00,435.0
2025-03-04 00:30:00,436.0
2025-03-04 01:00:00,436.0
2025-03-04 01:30:00,436.0
2025-03-04 02:00:00,435.9833333333334
2025-03-04 02:30:00,434.9666666666668
2025-03-04 03:00:00,433.0
2025-03-04 03:30:00,433.0
2025-03-04 04:00:00,433.0333333333332
2025-03-04 04:30:00,435.0166666666666
2025-03-04 05:00:00,436.0
2025-03-04 05:30:00,435.9833333333334
2025-03-04 06:00:00,435.0166666666666
2025-03-04 06:30:00,436.0
2025-03-04 07:00:00,436.0
2025-03-04 07:30:00,436.0
2025-03-04 08:00:00,436.0
2025-03-04 08:30:00,436.0
2025-03-04 09:00:00,436.0
2025-03-04 09:30:00,436.0
2025-03-04 10:00:00,435.2166666666666
2025-03-04 10:30:00,410.5
2025-03-04 11:00:00,420.3999999999998
2025-03-04 11:30:00,310.1166666666668
2025-03-04 12:00:00,232.8666666666668
2025-03-04 12:30:00,228.9333333333336
2025-03-04 13:00:00,238.4555555555558
2025-03-04 13:30:00,276.6000000000002
2025-03-04 14:00:00,334.6333333333332
2025-03-04 14:30:00,372.8999999999998
2025-03-04 15:00:00,410.5
2025-03-04 15:30:00,424.2
2025-03-04 16:00:00,436.0
2025-03-04 16:30:00,436.0
2025-03-04 17:00:00,436.0
2025-03-04 17:30:00,436.0
2025-03-04 18:00:00,436.0
2025-03-04 18:30:00,436.0
2025-03-04 19:00:00,436.0
2025-03-04 19:30:00,436.0
2025-03-04 20:00:00,435.9500000000002
2025-03-04 20:30:00,432.95
2025-03-04 21:00:00,430.0
2025-03-04 21:30:00,430.0166666666666
2025-03-04 22:00:00,430.9666666666668
2025-03-04 22:30:00,428.9666666666668
2025-03-04 23:00:00,426.8666666666666
2025-03-04 23:30:00,418.8666666666666
2025-03-05 00:00:00,410.7166666666666
2025-03-05 00:30:00,399.8333333333332
2025-03-05 01:00:00,389.3833333333332
2025-03-05 01:30:00,360.51666666666677
2025-03-05 02:00:00,331.4166666666666
2025-03-05 02:30:00,296.4
2025-03-05 03:00:00,260.8499999999998
2025-03-05 03:30:00,251.85
2025-03-05 04:00:00,265.43333333333317
2025-03-05 04:30:00,291.4166666666666
2025-03-05 05:00:00,318.4833333333334
2025-03-05 05:30:00,347.4833333333334
2025-03-05 06:00:00,376.7333333333334
2025-03-05 06:30:00,406.5666666666666
2025-03-05 07:00:00,436.0
2025-03-05 07:30:00,436.0
2025-03-05 08:00:00,436.0
2025-03-05 08:30:00,436.0
2025-03-05 09:00:00,436.0
2025-03-05 09:30:00,436.0
2025-03-05 10:00:00,436.0
2025-03-05 10:30:00,436.0
2025-03-05 11:00:00,436.0
2025-03-05 11:30:00,436.0
2025-03-05 12:00:00,435.91666666666663
2025-03-05 12:30:00,430.9
2025-03-05 13:00:00,435.9333333333334
2025-03-05 13:30:00,431.9166666666668
2025-03-05 14:00:00,435.3
2025-03-05 14:30:00,415.55
2025-03-05 15:00:00,432.2833333333332
2025-03-05 15:30:00,365.0
2025-03-05 16:00:00,324.8333333333332
2025-03-05 16:30:00,314.8166666666666
2025-03-05 17:00:00,326.8500000000002
2025-03-05 17:30:00,317.81666666666683
2025-03-05 18:00:00,326.9833333333334
2025-03-05 18:30:00,325.9666666666666
2025-03-05 19:00:00,274.0166666666666
2025-03-05 19:30:00,274.98333333333323
2025-03-05 20:00:00,295.8666666666666
2025-03-05 20:30:00,287.7833333333332
2025-03-05 21:00:00,300.4833333333332
2025-03-05 21:30:00,345.55
2025-03-05 22:00:00,424.0
2025-03-05 22:30:00,424.0
2025-03-05 23:00:00,424.0
2025-03-05 23:30:00,424.0
2025-03-06 00:00:00,424.0
2025-03-06 00:30:00,424.0
2025-03-06 01:00:00,423.9500000000002
2025-03-06 01:30:00,420.9333333333334
2025-03-06 02:00:00,416.88333333333344
2025-03-06 02:30:00,409.8499999999998
2025-03-06 03:00:00,401.2833333333334
2025-03-06 03:30:00,344.3
2025-03-06 04:00:00,113.2333333333334
2025-03-06 04:30:00,0.0
2025-03-06 05:00:00,0.0
2025-03-06 05:30:00,0.0
2025-03-06 06:00:00,0.0
2025-03-06 06:30:00,0.0
2025-03-06 07:00:00,0.0
2025-03-06 07:30:00,0.0
2025-03-06 08:00:00,0.0
2025-03-06 08:30:00,0.0
2025-03-06 09:00:00,0.0
2025-03-06 09:30:00,0.0
2025-03-06 10:00:00,0.0
2025-03-06 10:30:00,0.0
2025-03-06 11:00:00,0.0
2025-03-06 11:30:00,0.0
2025-03-06 12:00:00,0.0
2025-03-06 12:30:00,0.0
2025-03-06 13:00:00,0.0
2025-03-06 13:30:00,0.0
2025-03-06 14:00:00,98.4166666666668
2025-03-06 14:30:00,141.35
2025-03-06 15:00:00,158.7666666666666
2025-03-06 15:30:00,144.7500000000002
2025-03-06 16:00:00,220.3333333333336
2025-03-06 16:30:00,240.3333333333336
2025-03-06 17:00:00,260.3333333333336
2025-03-06 17:30:00,280.3333333333336
2025-03-06 18:00:00,300.3333333333336
2025-03-06 18:30:00,196.0666666666666
2025-03-06 19:00:00,234.4833333333332
2025-03-06 19:30:00,263.4666666666664
2025-03-06 20:00:00,288.5333333333332
2025-03-06 20:30:00,320.5333333333334
2025-03-06 21:00:00,352.4000000000002
2025-03-06 21:30:00,376.55
2025-03-06 22:00:00,398.26666666666677
2025-03-06 22:30:00,410.2333333333334
2025-03-06 23:00:00,422.0833333333332
2025-03-06 23:30:00,427.08333333333337
2025-03-07 00:00:00,433.0499999999998
2025-03-07 00:30:00,436.0
2025-03-07 01:00:00,436.0
2025-03-07 01:30:00,436.0
2025-03-07 02:00:00,436.0
2025-03-07 02:30:00,436.0
2025-03-07 03:00:00,241.95
2025-03-07 03:30:00,23.1833333333334
2025-03-07 04:00:00,0.0
2025-03-07 04:30:00,0.0
2025-03-07 05:00:00,0.0
2025-03-07 05:30:00,0.0
2025-03-07 06:00:00,0.0
2025-03-07 06:30:00,0.0
2025-03-07 07:00:00,0.0
2025-03-07 07:30:00,0.0
2025-03-07 08:00:00,0.0
2025-03-07 08:30:00,0.0
2025-03-07 09:00:00,0.0
2025-03-07 09:30:00,0.0
2025-03-07 10:00:00,0.0
2025-03-07 10:30:00,0.0
2025-03-07 11:00:00,0.0
2025-03-07 11:30:00,0.0
2025-03-07 12:00:00,0.0
2025-03-07 12:30:00,0.0
2025-03-07 13:00:00,0.0
2025-03-07 13:30:00,0.0
2025-03-07 14:00:00,0.0
2025-03-07 14:30:00,0.0
2025-03-07 15:00:00,0.0
2025-03-07 15:30:00,0.0
2025-03-07 16:00:00,0.0
2025-03-07 16:30:00,0.0
2025-03-07 17:00:00,0.0
2025-03-07 17:30:00,0.0
2025-03-07 18:00:00,0.0
2025-03-07 18:30:00,0.0
2025-03-07 19:00:00,0.0
2025-03-07 19:30:00,0.0
2025-03-07 20:00:00,0.0
2025-03-07 20:30:00,0.0
2025-03-07 21:00:00,0.0
2025-03-07 21:30:00,0.0
2025-03-07 22:00:00,0.0
2025-03-07 22:30:00,0.0
2025-03-07 23:00:00,0.0
2025-03-07 23:30:00,0.0
2025-03-08 00:00:00,0.0
2025-03-08 00:30:00,0.0
2025-03-08 01:00:00,0.0
2025-03-08 01:30:00,0.0
2025-03-08 02:00:00,0.0
2025-03-08 02:30:00,0.0
2025-03-08 03:00:00,0.0
2025-03-08 03:30:00,0.0
2025-03-08 04:00:00,0.0
2025-03-08 04:30:00,0.0
2025-03-08 05:00:00,0.0
2025-03-08 05:30:00,0.0
2025-03-08 06:00:00,0.0
2025-03-08 06:30:00,0.0
2025-03-08 07:00:00,0.0
2025-03-08 07:30:00,0.0
2025-03-08 08:00:00,0.0
2025-03-08 08:30:00,0.0
2025-03-08 09:00:00,0.0
2025-03-08 09:30:00,0.0
2025-03-08 10:00:00,0.0
2025-03-08 10:30:00,0.0
2025-03-08 11:00:00,0.0
2025-03-08 11:30:00,0.0
2025-03-08 12:00:00,0.0
2025-03-08 12:30:00,0.0
2025-03-08 13:00:00,0.0
2025-03-08 13:30:00,0.0
2025-03-08 14:00:00,0.0
2025-03-08 14:30:00,0.0
2025-03-08 15:00:00,0.0
2025-03-08 15:30:00,0.0
2025-03-08 16:00:00,0.0
2025-03-08 16:30:00,0.0
2025-03-08 17:00:00,0.0
2025-03-08 17:30:00,0.0
2025-03-08 18:00:00,0.0
2025-03-08 18:30:00,0.0
2025-03-08 19:00:00,0.0
2025-03-08 19:30:00,0.0
2025-03-08 20:00:00,0.0
2025-03-08 20:30:00,0.0
2025-03-08 21:00:00,0.0
2025-03-08 21:30:00,0.0
2025-03-08 22:00:00,0.0
2025-03-08 22:30:00,0.0
2025-03-08 23:00:00,0.0
2025-03-08 23:30:00,0.0
2025-03-09 00:00:00,0.0
2025-03-09 00:30:00,0.0
2025-03-09 01:00:00,0.0
2025-03-09 01:30:00,0.0
2025-03-09 02:00:00,0.0
2025-03-09 02:30:00,0.0
2025-03-09 03:00:00,0.0
2025-03-09 03:30:00,0.0
2025-03-09 04:00:00,0.0
2025-03-09 04:30:00,0.0
2025-03-09 05:00:00,0.0
2025-03-09 05:30:00,0.0
2025-03-09 06:00:00,0.0
2025-03-09 06:30:00,0.0
2025-03-09 07:00:00,0.0
2025-03-09 07:30:00,0.0
2025-03-09 08:00:00,0.0
2025-03-09 08:30:00,0.0
2025-03-09 09:00:00,0.0
2025-03-09 09:30:00,0.0
2025-03-09 10:00:00,0.0
2025-03-09 10:30:00,0.0
2025-03-09 11:00:00,0.0
2025-03-09 11:30:00,0.0
2025-03-09 12:00:00,0.0
2025-03-09 12:30:00,0.0
2025-03-09 13:00:00,0.0
2025-03-09 13:30:00,0.0
2025-03-09 14:00:00,0.0
2025-03-09 14:30:00,0.0
2025-03-09 15:00:00,0.0
2025-03-09 15:30:00,0.0
2025-03-09 16:00:00,0.0
2025-03-09 16:30:00,0.0
2025-03-09 17:00:00,0.0
2025-03-09 17:30:00,0.0
2025-03-09 18:00:00,0.0
2025-03-09 18:30:00,0.0
2025-03-09 19:00:00,0.0
2025-03-09 19:30:00,0.0
2025-03-09 20:00:00,0.0
2025-03-09 20:30:00,0.0
2025-03-09 21:00:00,0.0
2025-03-09 21:30:00,0.0
2025-03-09 22:00:00,231.0999999999999
2025-03-09 22:30:00,388.0
2025-03-09 23:00:00,388.0
2025-03-09 23:30:00,388.0
2025-03-10 00:00:00,388.0
2025-03-10 00:30:00,388.0
2025-03-10 01:00:00,388.0
2025-03-10 01:30:00,388.0
2025-03-10 02:00:00,388.0
2025-03-10 02:30:00,388.0
2025-03-10 03:00:00,388.0
2025-03-10 03:30:00,387.9833333333334
2025-03-10 04:00:00,387.0
2025-03-10 04:30:00,386.9833333333334
2025-03-10 05:00:00,386.0
2025-03-10 05:30:00,385.9833333333334
2025-03-10 06:00:00,385.0
2025-03-10 06:30:00,385.0
2025-03-10 07:00:00,385.0
2025-03-10 07:30:00,385.0
2025-03-10 08:00:00,397.0
2025-03-10 08:30:00,427.8
2025-03-10 09:00:00,409.0
2025-03-10 09:30:00,422.2
2025-03-10 10:00:00,432.9666666666668
2025-03-10 10:30:00,430.9666666666668
2025-03-10 11:00:00,429.0
2025-03-10 11:30:00,429.0
2025-03-10 12:00:00,431.0
2025-03-10 12:30:00,430.9666666666668
2025-03-10 13:00:00,428.9666666666668
2025-03-10 13:30:00,427.0
2025-03-10 14:00:00,426.9333333333336
2025-03-10 14:30:00,422.9666666666668
2025-03-10 15:00:00,421.8166666666664
2025-03-10 15:30:00,412.8833333333332
2025-03-10 16:00:00,403.8499999999998
2025-03-10 16:30:00,394.8
2025-03-10 17:00:00,384.6833333333334
2025-03-10 17:30:00,367.7166666666668
2025-03-10 18:00:00,351.7666666666666
2025-03-10 18:30:00,337.7833333333334
2025-03-10 19:00:00,353.6166666666666
2025-03-10 19:30:00,330.65
2025-03-10 20:00:00,311.8666666666666
2025-03-10 20:30:00,303.88333333333344
2025-03-10 21:00:00,295.6166666666668
2025-03-10 21:30:00,272.5666666666668
2025-03-10 22:00:00,180.5252161111112
2025-03-10 22:30:00,83.25
2025-03-10 23:00:00,110.16666666666666
2025-03-10 23:30:00,56.29999999999994
2025-03-11 00:00:00,110.26666666666674
2025-03-11 00:30:00,25.500000000000068
2025-03-11 01:00:00,0.05
2025-03-11 01:30:00,0.0
2025-03-11 02:00:00,0.0
2025-03-11 02:30:00,0.0
2025-03-11 03:00:00,0.0
2025-03-11 03:30:00,0.0
2025-03-11 04:00:00,0.0
2025-03-11 04:30:00,0.0
2025-03-11 05:00:00,116.51666666666667
2025-03-11 05:30:00,335.0499999999998
2025-03-11 06:00:00,316.7833333333332
2025-03-11 06:30:00,379.3499999999998
2025-03-11 07:00:00,381.16666666666663
2025-03-11 07:30:00,389.15
2025-03-11 08:00:00,397.0833333333332
2025-03-11 08:30:00,405.0666666666664
2025-03-11 09:00:00,417.9833333333334
2025-03-11 09:30:00,416.9666666666668
2025-03-11 10:00:00,415.9833333333334
2025-03-11 10:30:00,415.0
2025-03-11 11:00:00,415.9666666666668
2025-03-11 11:30:00,413.9333333333336
2025-03-11 12:00:00,410.0666666666664
2025-03-11 12:30:00,414.0666666666666
2025-03-11 13:00:00,418.0499999999998
2025-03-11 13:30:00,421.0333333333332
2025-03-11 14:00:00,423.0166666666666
2025-03-11 14:30:00,423.9833333333334
2025-03-11 15:00:00,423.0499999999998
2025-03-11 15:30:00,426.0666666666664
2025-03-11 16:00:00,430.0166666666666
2025-03-11 16:30:00,431.0166666666666
2025-03-11 17:00:00,430.9666666666668
2025-03-11 17:30:00,428.9500000000002
2025-03-11 18:00:00,425.9833333333334
2025-03-11 18:30:00,424.9833333333334
2025-03-11 19:00:00,419.9333333333336
2025-03-11 19:30:00,415.9333333333336
2025-03-11 20:00:00,411.0
2025-03-11 20:30:00,410.9833333333334
2025-03-11 21:00:00,410.0499999999998
2025-03-11 21:30:00,413.1166666666664
2025-03-11 22:00:00,417.8833333333336
2025-03-11 22:30:00,412.9166666666668
2025-03-11 23:00:00,407.8499999999998
2025-03-11 23:30:00,398.9
2025-03-12 00:00:00,384.2166666666668
2025-03-12 00:30:00,395.1500000000002
2025-03-12 01:00:00,403.0833333333332
2025-03-12 01:30:00,408.0833333333332
2025-03-12 02:00:00,412.2166666666668
2025-03-12 02:30:00,421.11666666666656
2025-03-12 03:00:00,428.9666666666668
2025-03-12 03:30:00,426.9333333333336
2025-03-12 04:00:00,423.8833333333332
2025-03-12 04:30:00,416.8666666666664
2025-03-12 05:00:00,408.7833333333332
2025-03-12 05:30:00,397.8499999999998
2025-03-12 06:00:00,388.9333333333336
2025-03-12 06:30:00,384.9666666666668
2025-03-12 07:00:00,385.9833333333334
2025-03-12 07:30:00,384.9500000000002
2025-03-12 08:00:00,381.9500000000002
2025-03-12 08:30:00,378.9500000000002
2025-03-12 09:00:00,376.0833333333332
2025-03-12 09:30:00,381.1166666666668
2025-03-12 10:00:00,386.9666666666668
2025-03-12 10:30:00,384.9666666666668
2025-03-12 11:00:00,383.0833333333332
2025-03-12 11:30:00,388.1
2025-03-12 12:00:00,393.9
2025-03-12 12:30:00,387.9333333333336
2025-03-12 13:00:00,372.0499999999998
2025-03-12 13:30:00,375.0499999999998
2025-03-12 14:00:00,378.9500000000002
2025-03-12 14:30:00,375.9500000000002
2025-03-12 15:00:00,373.8333333333332
2025-03-12 15:30:00,363.8499999999998
2025-03-12 16:00:00,363.9
2025-03-12 16:30:00,357.8833333333332
2025-03-12 17:00:00,350.9833333333334
2025-03-12 17:30:00,349.9500000000002
2025-03-12 18:00:00,348.66666666666663
2025-03-12 18:30:00,328.7
2025-03-12 19:00:00,290.6833333333334
2025-03-12 19:30:00,271.6333333333332
2025-03-12 20:00:00,246.76666666666682
2025-03-12 20:30:00,205.0833333333334
2025-03-12 21:00:00,69.26666666666667
2025-03-12 21:30:00,50.0
2025-03-12 22:00:00,49.9333333333334
2025-03-12 22:30:00,45.95
2025-03-12 23:00:00,65.1166666666666
2025-03-12 23:30:00,116.5000000000002
2025-03-13 00:00:00,113.1666666666668
2025-03-13 00:30:00,43.1666666666666
2025-03-13 01:00:00,8.75
2025-03-13 01:30:00,0.0
2025-03-13 02:00:00,0.0
2025-03-13 02:30:00,6.36666666666666
2025-03-13 03:00:00,27.2
2025-03-13 03:30:00,0.0
2025-03-13 04:00:00,0.0
2025-03-13 04:30:00,0.0
2025-03-13 05:00:00,0.0
2025-03-13 05:30:00,0.0
2025-03-13 06:00:00,0.0
2025-03-13 06:30:00,0.0
2025-03-13 07:00:00,0.0
2025-03-13 07:30:00,0.0
2025-03-13 08:00:00,0.0
2025-03-13 08:30:00,0.0
2025-03-13 09:00:00,0.0
2025-03-13 09:30:00,0.0
2025-03-13 10:00:00,0.0
2025-03-13 10:30:00,0.0
2025-03-13 11:00:00,0.0
2025-03-13 11:30:00,0.0
2025-03-13 12:00:00,0.0
2025-03-13 12:30:00,0.0
2025-03-13 13:00:00,0.0
2025-03-13 13:30:00,0.0
2025-03-13 14:00:00,0.0
2025-03-13 14:30:00,0.0
2025-03-13 15:00:00,0.0
2025-03-13 15:30:00,0.0
2025-03-13 16:00:00,0.0
2025-03-13 16:30:00,0.0
2025-03-13 17:00:00,0.0
2025-03-13 17:30:00,0.0
2025-03-13 18:00:00,0.0
2025-03-13 18:30:00,0.0
2025-03-13 19:00:00,0.0
2025-03-13 19:30:00,0.0
2025-03-13 20:00:00,0.0
2025-03-13 20:30:00,0.0
2025-03-13 21:00:00,0.0
2025-03-13 21:30:00,0.0
2025-03-13 22:00:00,0.0
2025-03-13 22:30:00,0.0
2025-03-13 23:00:00,0.0
2025-03-13 23:30:00,0.0
2025-03-14 00:00:00,0.0
2025-03-14 00:30:00,0.0
2025-03-14 01:00:00,0.0
2025-03-14 01:30:00,0.0
2025-03-14 02:00:00,0.0
2025-03-14 02:30:00,0.0
2025-03-14 03:00:00,0.0
2025-03-14 03:30:00,0.0
2025-03-14 04:00:00,0.0
2025-03-14 04:30:00,0.0
2025-03-14 05:00:00,0.0
2025-03-14 05:30:00,0.0
2025-03-14 06:00:00,0.0
2025-03-14 06:30:00,0.0
2025-03-14 07:00:00,0.0
2025-03-14 07:30:00,0.0
2025-03-14 08:00:00,0.0
2025-03-14 08:30:00,0.0
2025-03-14 09:00:00,0.0
2025-03-14 09:30:00,0.0
2025-03-14 10:00:00,0.0
2025-03-14 10:30:00,0.0
2025-03-14 11:00:00,0.0
2025-03-14 11:30:00,0.0
2025-03-14 12:00:00,0.0
2025-03-14 12:30:00,0.0
2025-03-14 13:00:00,0.0
2025-03-14 13:30:00,0.0
2025-03-14 14:00:00,0.0
2025-03-14 14:30:00,0.0
2025-03-14 15:00:00,0.0
2025-03-14 15:30:00,0.0
2025-03-14 16:00:00,0.0
2025-03-14 16:30:00,0.0
2025-03-14 17:00:00,0.0
2025-03-14 17:30:00,0.0
2025-03-14 18:00:00,0.0
2025-03-14 18:30:00,0.0
2025-03-14 19:00:00,0.0
2025-03-14 19:30:00,0.0
2025-03-14 20:00:00,0.0
2025-03-14 20:30:00,0.0
2025-03-14 21:00:00,0.0
2025-03-14 21:30:00,0.0
2025-03-14 22:00:00,0.0
2025-03-14 22:30:00,0.0
2025-03-14 23:00:00,0.0
2025-03-14 23:30:00,0.0
2025-03-15 00:00:00,0.0
2025-03-15 00:30:00,0.0
2025-03-15 01:00:00,0.0
2025-03-15 01:30:00,0.0
2025-03-15 02:00:00,0.0
2025-03-15 02:30:00,0.0
2025-03-15 03:00:00,0.0
2025-03-15 03:30:00,0.0
2025-03-15 04:00:00,0.0
2025-03-15 04:30:00,0.0
2025-03-15 05:00:00,0.0
2025-03-15 05:30:00,0.0
2025-03-15 06:00:00,0.0
2025-03-15 06:30:00,0.0
2025-03-15 07:00:00,0.0
2025-03-15 07:30:00,0.0
2025-03-15 08:00:00,0.0
2025-03-15 08:30:00,0.0
2025-03-15 09:00:00,0.0
2025-03-15 09:30:00,0.0
2025-03-15 10:00:00,0.0
2025-03-15 10:30:00,0.0
2025-03-15 11:00:00,0.0
2025-03-15 11:30:00,0.0
2025-03-15 12:00:00,0.0
2025-03-15 12:30:00,0.0
2025-03-15 13:00:00,0.0
2025-03-15 13:30:00,0.0
2025-03-15 14:00:00,0.0
2025-03-15 14:30:00,0.0
2025-03-15 15:00:00,0.0
2025-03-15 15:30:00,0.0
2025-03-15 16:00:00,0.0
2025-03-15 16:30:00,0.0
2025-03-15 17:00:00,0.0
2025-03-15 17:30:00,0.0
2025-03-15 18:00:00,0.0
2025-03-15 18:30:00,0.0
2025-03-15 19:00:00,0.0
2025-03-15 19:30:00,0.0
2025-03-15 20:00:00,0.0
2025-03-15 20:30:00,0.0
2025-03-15 21:00:00,0.0
2025-03-15 21:30:00,0.0
2025-03-15 22:00:00,0.0
2025-03-15 22:30:00,0.0
2025-03-15 23:00:00,0.0
2025-03-15 23:30:00,0.0
2025-03-16 00:00:00,0.0
2025-03-16 00:30:00,0.0
2025-03-16 01:00:00,0.0
2025-03-16 01:30:00,0.0
2025-03-16 02:00:00,0.0
2025-03-16 02:30:00,0.0
2025-03-16 03:00:00,0.0
2025-03-16 03:30:00,0.0
2025-03-16 04:00:00,0.0
2025-03-16 04:30:00,0.0
2025-03-16 05:00:00,0.0
2025-03-16 05:30:00,0.0
2025-03-16 06:00:00,0.0
2025-03-16 06:30:00,0.0
2025-03-16 07:00:00,0.0
2025-03-16 07:30:00,0.0
2025-03-16 08:00:00,0.0
2025-03-16 08:30:00,0.0
2025-03-16 09:00:00,0.0
2025-03-16 09:30:00,0.0
2025-03-16 10:00:00,0.0
2025-03-16 10:30:00,0.0
2025-03-16 11:00:00,0.0
2025-03-16 11:30:00,0.0
2025-03-16 12:00:00,0.0
2025-03-16 12:30:00,0.0
2025-03-16 13:00:00,0.0
2025-03-16 13:30:00,0.0
2025-03-16 14:00:00,0.0
2025-03-16 14:30:00,0.0
2025-03-16 15:00:00,0.0
2025-03-16 15:30:00,0.0
2025-03-16 16:00:00,0.0
2025-03-16 16:30:00,0.0
2025-03-16 17:00:00,0.0
2025-03-16 17:30:00,0.0
2025-03-16 18:00:00,0.0
2025-03-16 18:30:00,0.0
2025-03-16 19:00:00,0.0
2025-03-16 19:30:00,0.0
2025-03-16 20:00:00,0.0
2025-03-16 20:30:00,0.0
2025-03-16 21:00:00,0.0
2025-03-16 21:30:00,0.0
2025-03-16 22:00:00,0.0
2025-03-16 22:30:00,0.0
2025-03-16 23:00:00,0.0
2025-03-16 23:30:00,0.0
2025-03-17 00:00:00,0.0
2025-03-17 00:30:00,0.0
2025-03-17 01:00:00,0.0
2025-03-17 01:30:00,0.0
2025-03-17 02:00:00,0.0
2025-03-17 02:30:00,0.0
2025-03-17 03:00:00,0.0
2025-03-17 03:30:00,0.0
2025-03-17 04:00:00,0.0
2025-03-17 04:30:00,0.0
2025-03-17 05:00:00,0.0
2025-03-17 05:30:00,0.0
2025-03-17 06:00:00,0.0
2025-03-17 06:30:00,0.0
2025-03-17 07:00:00,0.0
2025-03-17 07:30:00,0.0
2025-03-17 08:00:00,0.0
2025-03-17 08:30:00,0.0
2025-03-17 09:00:00,0.0
2025-03-17 09:30:00,0.0
2025-03-17 10:00:00,0.0
2025-03-17 10:30:00,0.0
2025-03-17 11:00:00,0.0
2025-03-17 11:30:00,0.0
2025-03-17 12:00:00,0.0
2025-03-17 12:30:00,0.0
2025-03-17 13:00:00,0.0
2025-03-17 13:30:00,0.0
2025-03-17 14:00:00,0.0
2025-03-17 14:30:00,0.0
2025-03-17 15:00:00,0.0
2025-03-17 15:30:00,0.0
2025-03-17 16:00:00,0.0
2025-03-17 16:30:00,0.0
2025-03-17 17:00:00,0.0
2025-03-17 17:30:00,0.0
2025-03-17 18:00:00,0.0
2025-03-17 18:30:00,0.0
2025-03-17 19:00:00,0.0
2025-03-17 19:30:00,0.0
2025-03-17 20:00:00,0.0
2025-03-17 20:30:00,0.0
2025-03-17 21:00:00,0.0
2025-03-17 21:30:00,0.0
2025-03-17 22:00:00,0.0
2025-03-17 22:30:00,0.0
2025-03-17 23:00:00,0.0
2025-03-17 23:30:00,0.0
2025-03-18 00:00:00,0.0
2025-03-18 00:30:00,0.0
2025-03-18 01:00:00,0.0
2025-03-18 01:30:00,0.0
2025-03-18 02:00:00,0.0
2025-03-18 02:30:00,0.0
2025-03-18 03:00:00,0.0
2025-03-18 03:30:00,0.0
2025-03-18 04:00:00,0.0
2025-03-18 04:30:00,0.0
2025-03-18 05:00:00,0.0
2025-03-18 05:30:00,0.0
2025-03-18 06:00:00,0.0
2025-03-18 06:30:00,0.0
2025-03-18 07:00:00,0.0
2025-03-18 07:30:00,0.0
2025-03-18 08:00:00,0.0
2025-03-18 08:30:00,0.0
2025-03-18 09:00:00,0.0
2025-03-18 09:30:00,0.0
2025-03-18 10:00:00,0.0
2025-03-18 10:30:00,0.0
2025-03-18 11:00:00,0.0
2025-03-18 11:30:00,0.0
2025-03-18 12:00:00,0.0
2025-03-18 12:30:00,0.0
2025-03-18 13:00:00,0.0
2025-03-18 13:30:00,0.0
2025-03-18 14:00:00,0.0
2025-03-18 14:30:00,0.0
2025-03-18 15:00:00,0.0
2025-03-18 15:30:00,0.0
2025-03-18 16:00:00,0.0
2025-03-18 16:30:00,0.0
2025-03-18 17:00:00,0.0
2025-03-18 17:30:00,0.0
2025-03-18 18:00:00,0.0
2025-03-18 18:30:00,0.0
2025-03-18 19:00:00,0.0
2025-03-18 19:30:00,0.0
2025-03-18 20:00:00,0.0
2025-03-18 20:30:00,0.0
2025-03-18 21:00:00,0.0
2025-03-18 21:30:00,0.0
2025-03-18 22:00:00,0.0
2025-03-18 22:30:00,0.0
2025-03-18 23:00:00,0.0
2025-03-18 23:30:00,0.0
2025-03-19 00:00:00,0.0
2025-03-19 00:30:00,0.0
2025-03-19 01:00:00,0.0
2025-03-19 01:30:00,0.0
2025-03-19 02:00:00,0.0
2025-03-19 02:30:00,0.0
2025-03-19 03:00:00,0.0
2025-03-19 03:30:00,0.0
2025-03-19 04:00:00,0.0
2025-03-19 04:30:00,0.0
2025-03-19 05:00:00,0.0
2025-03-19 05:30:00,0.0
2025-03-19 06:00:00,0.0
2025-03-19 06:30:00,0.0
2025-03-19 07:00:00,0.0
2025-03-19 07:30:00,0.0
2025-03-19 08:00:00,0.0
2025-03-19 08:30:00,0.0
2025-03-19 09:00:00,0.0
2025-03-19 09:30:00,0.0
2025-03-19 10:00:00,0.0
2025-03-19 10:30:00,0.0
2025-03-19 11:00:00,0.0
2025-03-19 11:30:00,0.0
2025-03-19 12:00:00,0.0
2025-03-19 12:30:00,0.0
2025-03-19 13:00:00,0.0
2025-03-19 13:30:00,0.0
2025-03-19 14:00:00,0.0
2025-03-19 14:30:00,0.0
2025-03-19 15:00:00,0.0
2025-03-19 15:30:00,0.0
2025-03-19 16:00:00,0.0
2025-03-19 16:30:00,0.0
2025-03-19 17:00:00,0.0
2025-03-19 17:30:00,0.0
2025-03-19 18:00:00,0.0
2025-03-19 18:30:00,0.0
2025-03-19 19:00:00,0.0
2025-03-19 19:30:00,0.0
2025-03-19 20:00:00,0.0
2025-03-19 20:30:00,0.0
2025-03-19 21:00:00,0.0
2025-03-19 21:30:00,0.0
2025-03-19 22:00:00,0.0
2025-03-19 22:30:00,0.0
2025-03-19 23:00:00,0.0
2025-03-19 23:30:00,0.0
2025-03-20 00:00:00,0.0
2025-03-20 00:30:00,0.0
2025-03-20 01:00:00,0.0
2025-03-20 01:30:00,0.0
2025-03-20 02:00:00,0.0
2025-03-20 02:30:00,0.0
2025-03-20 03:00:00,0.0
2025-03-20 03:30:00,0.0
2025-03-20 04:00:00,0.0
2025-03-20 04:30:00,0.0
2025-03-20 05:00:00,0.0
2025-03-20 05:30:00,0.0
2025-03-20 06:00:00,0.0
2025-03-20 06:30:00,0.0
2025-03-20 07:00:00,0.0
2025-03-20 07:30:00,0.0
2025-03-20 08:00:00,0.0
2025-03-20 08:30:00,0.0
2025-03-20 09:00:00,0.0
2025-03-20 09:30:00,0.0
2025-03-20 10:00:00,0.0
2025-03-20 10:30:00,0.0
2025-03-20 11:00:00,0.0
2025-03-20 11:30:00,0.0
2025-03-20 12:00:00,0.0
2025-03-20 12:30:00,0.0
2025-03-20 13:00:00,0.0
2025-03-20 13:30:00,0.0
2025-03-20 14:00:00,0.0
2025-03-20 14:30:00,0.0
2025-03-20 15:00:00,0.0
2025-03-20 15:30:00,0.0
2025-03-20 16:00:00,0.0
2025-03-20 16:30:00,0.0
2025-03-20 17:00:00,0.0
2025-03-20 17:30:00,0.0
2025-03-20 18:00:00,0.0
2025-03-20 18:30:00,0.0
2025-03-20 19:00:00,0.0
2025-03-20 19:30:00,0.0
2025-03-20 20:00:00,0.0
2025-03-20 20:30:00,0.0
2025-03-20 21:00:00,0.0
2025-03-20 21:30:00,0.0
2025-03-20 22:00:00,0.0
2025-03-20 22:30:00,0.0
2025-03-20 23:00:00,0.0
2025-03-20 23:30:00,0.0
2025-03-21 00:00:00,0.0
2025-03-21 00:30:00,30.4333333333334
2025-03-21 01:00:00,150.3
2025-03-21 01:30:00,188.0666666666668
2025-03-21 02:00:00,192.0333333333332
2025-03-21 02:30:00,194.10000000000002
2025-03-21 03:00:00,110.8640497222222
2025-03-21 03:30:00,0.8
2025-03-21 04:00:00,0.0
2025-03-21 04:30:00,75.55
2025-03-21 05:00:00,103.0166666666666
2025-03-21 05:30:00,104.0166666666666
2025-03-21 06:00:00,190.8
2025-03-21 06:30:00,383.8
2025-03-21 07:00:00,401.0166666666666
2025-03-21 07:30:00,402.0333333333332
2025-03-21 08:00:00,403.0166666666666
2025-03-21 08:30:00,404.0
2025-03-21 09:00:00,404.0666666666664
2025-03-21 09:30:00,408.1
2025-03-21 10:00:00,414.0666666666666
2025-03-21 10:30:00,418.2166666666666
2025-03-21 11:00:00,431.0333333333332
2025-03-21 11:30:00,433.0833333333332
2025-03-21 12:00:00,437.0166666666666
2025-03-21 12:30:00,438.0166666666666
2025-03-21 13:00:00,440.0
2025-03-21 13:30:00,440.0
2025-03-21 14:00:00,440.0
2025-03-21 14:30:00,440.0
2025-03-21 15:00:00,440.0
2025-03-21 15:30:00,440.0
2025-03-21 16:00:00,440.0
2025-03-21 16:30:00,440.0
2025-03-21 17:00:00,440.0
2025-03-21 17:30:00,440.0
2025-03-21 18:00:00,440.0
2025-03-21 18:30:00,440.0
2025-03-21 19:00:00,440.0
2025-03-21 19:30:00,440.0
2025-03-21 20:00:00,440.0
2025-03-21 20:30:00,440.0
2025-03-21 21:00:00,440.0
2025-03-21 21:30:00,440.0
2025-03-21 22:00:00,440.0
2025-03-21 22:30:00,440.0
2025-03-21 23:00:00,440.0
2025-03-21 23:30:00,440.0
2025-03-22 00:00:00,440.0
2025-03-22 00:30:00,440.0
2025-03-22 01:00:00,440.0
2025-03-22 01:30:00,440.0
2025-03-22 02:00:00,440.0
2025-03-22 02:30:00,440.0
2025-03-22 03:00:00,440.0
2025-03-22 03:30:00,440.0
2025-03-22 04:00:00,440.0
2025-03-22 04:30:00,440.0
2025-03-22 05:00:00,440.0
2025-03-22 05:30:00,440.0
2025-03-22 06:00:00,440.0
2025-03-22 06:30:00,440.0
2025-03-22 07:00:00,440.0
2025-03-22 07:30:00,440.0
2025-03-22 08:00:00,440.0
2025-03-22 08:30:00,393.75
2025-03-22 09:00:00,203.6833333333334
2025-03-22 09:30:00,0.0
2025-03-22 10:00:00,177.96666666666658
2025-03-22 10:30:00,203.15
2025-03-22 11:00:00,286.0333333333334
2025-03-22 11:30:00,130.9333333333334
2025-03-22 12:00:00,0.0
2025-03-22 12:30:00,113.5666666666666
2025-03-22 13:00:00,231.95
2025-03-22 13:30:00,284.75
2025-03-22 14:00:00,293.0
2025-03-22 14:30:00,189.4
2025-03-22 15:00:00,118.18333333333334
2025-03-22 15:30:00,84.6833333333334
2025-03-22 16:00:00,0.0
2025-03-22 16:30:00,0.0
2025-03-22 17:00:00,0.0
2025-03-22 17:30:00,0.0
2025-03-22 18:00:00,0.0
2025-03-22 18:30:00,0.0
2025-03-22 19:00:00,0.0
2025-03-22 19:30:00,0.0
2025-03-22 20:00:00,0.0
2025-03-22 20:30:00,0.0
2025-03-22 21:00:00,0.0
2025-03-22 21:30:00,0.0
2025-03-22 22:00:00,0.0
2025-03-22 22:30:00,0.0
2025-03-22 23:00:00,0.0
2025-03-22 23:30:00,0.0
2025-03-23 00:00:00,0.0
2025-03-23 00:30:00,0.0
2025-03-23 01:00:00,0.0
2025-03-23 01:30:00,0.0
2025-03-23 02:00:00,0.0
2025-03-23 02:30:00,0.0
2025-03-23 03:00:00,0.0
2025-03-23 03:30:00,0.0
2025-03-23 04:00:00,0.0
2025-03-23 04:30:00,0.0
2025-03-23 05:00:00,0.0
2025-03-23 05:30:00,0.0
2025-03-23 06:00:00,0.0
2025-03-23 06:30:00,0.0
2025-03-23 07:00:00,0.0
2025-03-23 07:30:00,0.0
2025-03-23 08:00:00,0.0
2025-03-23 08:30:00,0.0
2025-03-23 09:00:00,0.0
2025-03-23 09:30:00,0.0
2025-03-23 10:00:00,0.0
2025-03-23 10:30:00,0.0
2025-03-23 11:00:00,0.0
2025-03-23 11:30:00,0.0
2025-03-23 12:00:00,0.0
2025-03-23 12:30:00,0.0
2025-03-23 13:00:00,0.0
2025-03-23 13:30:00,0.0
2025-03-23 14:00:00,0.0
2025-03-23 14:30:00,0.0
2025-03-23 15:00:00,0.0
2025-03-23 15:30:00,0.0
2025-03-23 16:00:00,0.0
2025-03-23 16:30:00,0.0
2025-03-23 17:00:00,0.0
2025-03-23 17:30:00,0.0
2025-03-23 18:00:00,0.0
2025-03-23 18:30:00,0.0
2025-03-23 19:00:00,0.0
2025-03-23 19:30:00,0.0
2025-03-23 20:00:00,0.0
2025-03-23 20:30:00,0.0
2025-03-23 21:00:00,0.0
2025-03-23 21:30:00,0.0
2025-03-23 22:00:00,0.0
2025-03-23 22:30:00,0.0
2025-03-23 23:00:00,0.0
2025-03-23 23:30:00,0.0
2025-03-24 00:00:00,0.0
2025-03-24 00:30:00,0.0
2025-03-24 01:00:00,0.0
2025-03-24 01:30:00,0.0
2025-03-24 02:00:00,0.0
2025-03-24 02:30:00,0.0
2025-03-24 03:00:00,0.0
2025-03-24 03:30:00,0.0
2025-03-24 04:00:00,0.0
2025-03-24 04:30:00,0.0
2025-03-24 05:00:00,0.0
2025-03-24 05:30:00,0.0
2025-03-24 06:00:00,0.0
2025-03-24 06:30:00,0.0
2025-03-24 07:00:00,0.0
2025-03-24 07:30:00,0.0
2025-03-24 08:00:00,0.0
2025-03-24 08:30:00,0.0
2025-03-24 09:00:00,0.0
2025-03-24 09:30:00,0.0
2025-03-24 10:00:00,0.0
2025-03-24 10:30:00,0.0
2025-03-24 11:00:00,49.0
2025-03-24 11:30:00,145.78333333333342
2025-03-24 12:00:00,307.4499999999998
2025-03-24 12:30:00,440.0
2025-03-24 13:00:00,440.0
2025-03-24 13:30:00,440.0
2025-03-24 14:00:00,440.0
2025-03-24 14:30:00,440.0
2025-03-24 15:00:00,440.0
2025-03-24 15:30:00,440.0
2025-03-24 16:00:00,439.9833333333334
2025-03-24 16:30:00,438.9666666666668
2025-03-24 17:00:00,436.9833333333334
2025-03-24 17:30:00,435.9333333333334
2025-03-24 18:00:00,431.8166666666666
2025-03-24 18:30:00,420.6166666666666
2025-03-24 19:00:00,421.6166666666666
2025-03-24 19:30:00,408.7833333333332
2025-03-24 20:00:00,395.6166666666666
2025-03-24 20:30:00,372.5666666666664
2025-03-24 21:00:00,351.5833333333334
2025-03-24 21:30:00,326.5833333333334
2025-03-24 22:00:00,302.5333333333334
2025-03-24 22:30:00,274.51666666666677
2025-03-24 23:00:00,245.0
2025-03-24 23:30:00,204.85
2025-03-25 00:00:00,220.06666666666638
2025-03-25 00:30:00,224.04999999999978
2025-03-25 01:00:00,277.31666666666683
2025-03-25 01:30:00,296.3
2025-03-25 02:00:00,314.4666666666666
2025-03-25 02:30:00,342.6
2025-03-25 03:00:00,372.3
2025-03-25 03:30:00,390.2833333333334
2025-03-25 04:00:00,408.1
2025-03-25 04:30:00,414.1333333333332
2025-03-25 05:00:00,419.79999999999995
2025-03-25 05:30:00,411.8833333333332
2025-03-25 06:00:00,403.9833333333334
2025-03-25 06:30:00,363.3166666666666
2025-03-25 07:00:00,431.0
2025-03-25 07:30:00,389.2166666666666
2025-03-25 08:00:00,322.0
2025-03-25 08:30:00,321.9666666666668
2025-03-25 09:00:00,394.5833333333332
2025-03-25 09:30:00,403.727777777778
2025-03-25 10:00:00,387.8333333333332
2025-03-25 10:30:00,291.5499999999998
2025-03-25 11:00:00,283.0
2025-03-25 11:30:00,282.9833333333334
2025-03-25 12:00:00,276.11666666666656
2025-03-25 12:30:00,281.1
2025-03-25 13:00:00,296.9833333333334
2025-03-25 13:30:00,333.8500000000002
2025-03-25 14:00:00,383.9833333333334
2025-03-25 14:30:00,382.9833333333334
2025-03-25 15:00:00,328.8666666666666
2025-03-25 15:30:00,158.5333333333334
2025-03-25 16:00:00,79.8666666666666
2025-03-25 16:30:00,71.8666666666666
2025-03-25 17:00:00,39.0
2025-03-25 17:30:00,0.0
2025-03-25 18:00:00,0.0
2025-03-25 18:30:00,0.0
2025-03-25 19:00:00,0.0
2025-03-25 19:30:00,0.0
2025-03-25 20:00:00,0.0
2025-03-25 20:30:00,0.0
2025-03-25 21:00:00,0.0
2025-03-25 21:30:00,0.0
2025-03-25 22:00:00,0.0
2025-03-25 22:30:00,0.0
2025-03-25 23:00:00,0.0
2025-03-25 23:30:00,0.0
2025-03-26 00:00:00,0.0
2025-03-26 00:30:00,0.0
2025-03-26 01:00:00,0.0
2025-03-26 01:30:00,0.0
2025-03-26 02:00:00,0.0
2025-03-26 02:30:00,0.0
2025-03-26 03:00:00,0.0
2025-03-26 03:30:00,0.0
2025-03-26 04:00:00,0.0
2025-03-26 04:30:00,0.0
2025-03-26 05:00:00,0.0
2025-03-26 05:30:00,0.0
2025-03-26 06:00:00,0.0
2025-03-26 06:30:00,0.0
2025-03-26 07:00:00,0.0
2025-03-26 07:30:00,0.0
2025-03-26 08:00:00,0.0
2025-03-26 08:30:00,0.0
2025-03-26 09:00:00,0.0
2025-03-26 09:30:00,0.0
2025-03-26 10:00:00,0.0
2025-03-26 10:30:00,0.0
2025-03-26 11:00:00,30.8
2025-03-26 11:30:00,367.71666666666636
2025-03-26 12:00:00,201.8166666666666
2025-03-26 12:30:00,5.583333333333326
2025-03-26 13:00:00,304.5499999999998
2025-03-26 13:30:00,384.0499999999998
2025-03-26 14:00:00,386.0499999999998
2025-03-26 14:30:00,389.0499999999998
2025-03-26 15:00:00,391.0166666666666
2025-03-26 15:30:00,391.9833333333334
2025-03-26 16:00:00,410.6499999999998
2025-03-26 16:30:00,435.0
2025-03-26 17:00:00,428.0
2025-03-26 17:30:00,428.0
2025-03-26 18:00:00,386.9833333333334
2025-03-26 18:30:00,321.0
2025-03-26 19:00:00,321.0
2025-03-26 19:30:00,321.0
2025-03-26 20:00:00,363.8
2025-03-26 20:30:00,428.0
2025-03-26 21:00:00,428.0
2025-03-26 21:30:00,433.8
2025-03-26 22:00:00,439.9
2025-03-26 22:30:00,433.8666666666666
2025-03-26 23:00:00,426.8333333333332
2025-03-26 23:30:00,416.7333333333334
2025-03-27 00:00:00,403.0
2025-03-27 00:30:00,403.0
2025-03-27 01:00:00,386.0166666666666
2025-03-27 01:30:00,387.0
2025-03-27 02:00:00,385.9166666666668
2025-03-27 02:30:00,380.9166666666668
2025-03-27 03:00:00,377.0
2025-03-27 03:30:00,312.06666666666683
2025-03-27 04:00:00,166.21666666666658
2025-03-27 04:30:00,0.666666666666666
2025-03-27 05:00:00,0.0
2025-03-27 05:30:00,0.0
2025-03-27 06:00:00,0.0
2025-03-27 06:30:00,0.0
2025-03-27 07:00:00,0.0
2025-03-27 07:30:00,0.0
2025-03-27 08:00:00,0.0
2025-03-27 08:30:00,0.0
2025-03-27 09:00:00,0.0
2025-03-27 09:30:00,0.0
2025-03-27 10:00:00,0.0
2025-03-27 10:30:00,57.266666666666595
2025-03-27 11:00:00,221.71666666666655
2025-03-27 11:30:00,332.8499999999998
2025-03-27 12:00:00,323.9666666666668
2025-03-27 12:30:00,331.9666666666668
2025-03-27 13:00:00,329.7666666666666
2025-03-27 13:30:00,315.7833333333332
2025-03-27 14:00:00,288.1166666666666
2025-03-27 14:30:00,285.85
2025-03-27 15:00:00,277.55
2025-03-27 15:30:00,310.9666666666666
2025-03-27 16:00:00,332.0499999999998
2025-03-27 16:30:00,335.0499999999998
2025-03-27 17:00:00,337.1500000000002
2025-03-27 17:30:00,346.2
2025-03-27 18:00:00,357.0166666666666
2025-03-27 18:30:00,358.0166666666666
2025-03-27 19:00:00,345.1500000000002
2025-03-27 19:30:00,354.1166666666668
2025-03-27 20:00:00,360.8333333333332
2025-03-27 20:30:00,350.75
2025-03-27 21:00:00,339.55
2025-03-27 21:30:00,360.4333333333334
2025-03-27 22:00:00,382.0333333333332
2025-03-27 22:30:00,384.0666666666664
2025-03-27 23:00:00,388.0166666666666
2025-03-27 23:30:00,389.0
2025-03-28 00:00:00,388.9166666666668
2025-03-28 00:30:00,383.9333333333334
2025-03-28 01:00:00,385.8666666666666
2025-03-28 01:30:00,377.9
2025-03-28 02:00:00,373.8833333333332
2025-03-28 02:30:00,366.8833333333332
2025-03-28 03:00:00,359.9666666666668
2025-03-28 03:30:00,357.9666666666668
2025-03-28 04:00:00,355.1
2025-03-28 04:30:00,361.1
2025-03-28 05:00:00,367.0833333333332
2025-03-28 05:30:00,372.0833333333332
2025-03-28 06:00:00,378.0833333333332
2025-03-28 06:30:00,383.0666666666664
2025-03-28 07:00:00,383.0666666666664
2025-03-28 07:30:00,387.0333333333332
2025-03-28 08:00:00,389.0499999999998
2025-03-28 08:30:00,415.2
2025-03-28 09:00:00,434.6
2025-03-28 09:30:00,428.0
2025-03-28 10:00:00,428.0
2025-03-28 10:30:00,428.0
2025-03-28 11:00:00,428.0
2025-03-28 11:30:00,428.0
2025-03-28 12:00:00,25.7
2025-03-28 12:30:00,0.0
2025-03-28 13:00:00,0.0
2025-03-28 13:30:00,0.0
2025-03-28 14:00:00,423.33333333333337
2025-03-28 14:30:00,440.0
2025-03-28 15:00:00,440.0
2025-03-28 15:30:00,432.4673138888888
2025-03-28 16:00:00,428.0
2025-03-28 16:30:00,428.0
2025-03-28 17:00:00,428.0
2025-03-28 17:30:00,428.0
2025-03-28 18:00:00,428.0
2025-03-28 18:30:00,428.0
2025-03-28 19:00:00,428.0
2025-03-28 19:30:00,428.0
2025-03-28 20:00:00,428.0
2025-03-28 20:30:00,428.0
2025-03-28 21:00:00,428.0
2025-03-28 21:30:00,428.0
2025-03-28 22:00:00,428.0
2025-03-28 22:30:00,428.0
2025-03-28 23:00:00,428.0
2025-03-28 23:30:00,428.0
2025-03-29 00:00:00,428.0
2025-03-29 00:30:00,428.0
2025-03-29 01:00:00,427.95
2025-03-29 01:30:00,424.9351355555556
2025-03-29 02:00:00,420.7738744444444
2025-03-29 02:30:00,390.52936
2025-03-29 03:00:00,284.8237444444446
2025-03-29 03:30:00,270.1925583333332
2025-03-29 04:00:00,145.32177777777792
2025-03-29 04:30:00,0.0
2025-03-29 05:00:00,0.0
2025-03-29 05:30:00,0.0
2025-03-29 06:00:00,0.0
2025-03-29 06:30:00,0.0
2025-03-29 07:00:00,0.0
2025-03-29 07:30:00,0.0
2025-03-29 08:00:00,0.0
2025-03-29 08:30:00,0.0
2025-03-29 09:00:00,0.0
2025-03-29 09:30:00,23.75
2025-03-29 10:00:00,53.43333333333332
2025-03-29 10:30:00,79.39999999999995
2025-03-29 11:00:00,103.35
2025-03-29 11:30:00,0.0
2025-03-29 12:00:00,0.0
2025-03-29 12:30:00,0.0
2025-03-29 13:00:00,0.0
2025-03-29 13:30:00,0.0
2025-03-29 14:00:00,0.0
2025-03-29 14:30:00,12.56666666666666
2025-03-29 15:00:00,354.6166666666666
2025-03-29 15:30:00,383.5333333333334
2025-03-29 16:00:00,411.23333333333323
2025-03-29 16:30:00,416.1166666666668
2025-03-29 17:00:00,423.0
2025-03-29 17:30:00,423.0
2025-03-29 18:00:00,422.9666666666668
2025-03-29 18:30:00,420.9666666666668
2025-03-29 19:00:00,390.23333333333323
2025-03-29 19:30:00,348.3166666666666
2025-03-29 20:00:00,307.35
2025-03-29 20:30:00,268.3166666666668
2025-03-29 21:00:00,227.15
2025-03-29 21:30:00,236.15
2025-03-29 22:00:00,244.9666666666668
2025-03-29 22:30:00,242.9666666666668
2025-03-29 23:00:00,240.95000000000022
2025-03-29 23:30:00,237.9666666666668
2025-03-30 00:00:00,215.10000000000002
2025-03-30 00:30:00,221.06666666666638
2025-03-30 01:00:00,255.6833333333336
2025-03-30 01:30:00,10.61666666666666
2025-03-30 02:00:00,0.0
2025-03-30 02:30:00,0.0
2025-03-30 03:00:00,0.0
2025-03-30 03:30:00,0.0
2025-03-30 04:00:00,0.0
2025-03-30 04:30:00,11.83333333333332
2025-03-30 05:00:00,310.5
2025-03-30 05:30:00,340.5333333333334
2025-03-30 06:00:00,372.0166666666666
2025-03-30 06:30:00,373.0166666666666
2025-03-30 07:00:00,374.0833333333332
2025-03-30 07:30:00,379.0666666666664
2025-03-30 08:00:00,383.0499999999998
2025-03-30 08:30:00,386.0166666666666
2025-03-30 09:00:00,0.0
2025-03-30 09:30:00,0.0
2025-03-30 10:00:00,0.0
2025-03-30 10:30:00,0.0
2025-03-30 11:00:00,0.0
2025-03-30 11:30:00,0.0
2025-03-30 12:00:00,0.0
2025-03-30 12:30:00,0.0
2025-03-30 13:00:00,0.0
2025-03-30 13:30:00,0.0
2025-03-30 14:00:00,0.0
2025-03-30 14:30:00,0.0
2025-03-30 15:00:00,0.0
2025-03-30 15:30:00,0.0
2025-03-30 16:00:00,0.0
2025-03-30 16:30:00,0.0
2025-03-30 17:00:00,0.0
2025-03-30 17:30:00,0.0
2025-03-30 18:00:00,0.0
2025-03-30 18:30:00,0.0
2025-03-30 19:00:00,0.0
2025-03-30 19:30:00,0.0
2025-03-30 20:00:00,0.0
2025-03-30 20:30:00,0.0
2025-03-30 21:00:00,0.0
2025-03-30 21:30:00,0.0
2025-03-30 22:00:00,0.0
2025-03-30 22:30:00,0.0
2025-03-30 23:00:00,0.0
2025-03-30 23:30:00,0.0
2025-03-31 00:00:00,0.0
2025-03-31 00:30:00,0.0
2025-03-31 01:00:00,0.0
2025-03-31 01:30:00,0.0
2025-03-31 02:00:00,0.0
2025-03-31 02:30:00,0.0
2025-03-31 03:00:00,0.0
2025-03-31 03:30:00,0.0
2025-03-31 04:00:00,0.0
2025-03-31 04:30:00,0.0
2025-03-31 05:00:00,136.1666666666666
2025-03-31 05:30:00,97.3
2025-03-31 06:00:00,222.68565999999998
2025-03-31 06:30:00,314.9
2025-03-31 07:00:00,375.9333333333334
2025-03-31 07:30:00,371.9833333333334
2025-03-31 08:00:00,366.9
2025-03-31 08:30:00,316.4166666666668
2025-03-31 09:00:00,220.6
2025-03-31 09:30:00,211.3833333333332
2025-03-31 10:00:00,321.3500000000002
2025-03-31 10:30:00,334.7333333333334
2025-03-31 11:00:00,320.2083333333334
2025-03-31 11:30:00,234.83925944444456
2025-03-31 12:00:00,144.9
2025-03-31 12:30:00,113.26666666666667
2025-03-31 13:00:00,123.9666666666666
2025-03-31 13:30:00,77.9666666666666
2025-03-31 14:00:00,80.95
2025-03-31 14:30:00,77.9666666666666
2025-03-31 15:00:00,20.2666666666666
2025-03-31 15:30:00,0.0
2025-03-31 16:00:00,0.0
2025-03-31 16:30:00,0.0
2025-03-31 17:00:00,0.0
2025-03-31 17:30:00,0.0
2025-03-31 18:00:00,0.0
2025-03-31 18:30:00,0.0
2025-03-31 19:00:00,0.0
2025-03-31 19:30:00,0.0
2025-03-31 20:00:00,0.0
2025-03-31 20:30:00,0.0
2025-03-31 21:00:00,0.0
2025-03-31 21:30:00,0.0
2025-03-31 22:00:00,0.0
2025-03-31 22:30:00,0.0
2025-03-31 23:00:00,0.0
2025-03-31 23:30:00,0.0
2025-04-01 00:00:00,0.0
2025-04-01 00:30:00,0.0
2025-04-01 01:00:00,0.0
2025-04-01 01:30:00,0.0
2025-04-01 02:00:00,0.0
2025-04-01 02:30:00,0.0
2025-04-01 03:00:00,0.0
2025-04-01 03:30:00,0.0
2025-04-01 04:00:00,0.0
2025-04-01 04:30:00,0.0
2025-04-01 05:00:00,0.0
2025-04-01 05:30:00,0.0
2025-04-01 06:00:00,0.0
2025-04-01 06:30:00,0.0
2025-04-01 07:00:00,0.0
2025-04-01 07:30:00,0.0
2025-04-01 08:00:00,0.0
2025-04-01 08:30:00,0.0
2025-04-01 09:00:00,0.0
2025-04-01 09:30:00,0.0
2025-04-01 10:00:00,0.0
2025-04-01 10:30:00,0.0
2025-04-01 11:00:00,0.0
2025-04-01 11:30:00,0.0
2025-04-01 12:00:00,11.3
2025-04-01 12:30:00,50.4
2025-04-01 13:00:00,47.199999999999946
2025-04-01 13:30:00,115.15
2025-04-01 14:00:00,2.1166666666666663
2025-04-01 14:30:00,0.0
2025-04-01 15:00:00,0.0
2025-04-01 15:30:00,0.0
2025-04-01 16:00:00,0.608333333333334
2025-04-01 16:30:00,91.825
2025-04-01 17:00:00,245.1
2025-04-01 17:30:00,250.88333333333318
2025-04-01 18:00:00,243.9833333333334
2025-04-01 18:30:00,241.5833333333334
2025-04-01 19:00:00,230.1333333333334
2025-04-01 19:30:00,238.1500000000002
2025-04-01 20:00:00,247.1333333333336
2025-04-01 20:30:00,255.13333333333338
2025-04-01 21:00:00,263.0833333333332
2025-04-01 21:30:00,268.0666666666664
2025-04-01 22:00:00,272.1833333333334
2025-04-01 22:30:00,287.0
2025-04-01 23:00:00,307.24999999999983
2025-04-01 23:30:00,12.03333333333332
2025-04-02 00:00:00,0.0
2025-04-02 00:30:00,0.0
2025-04-02 01:00:00,0.0
2025-04-02 01:30:00,0.0
2025-04-02 02:00:00,0.0
2025-04-02 02:30:00,0.0
2025-04-02 03:00:00,0.0
2025-04-02 03:30:00,0.0
2025-04-02 04:00:00,0.0
2025-04-02 04:30:00,383.6166666666666
2025-04-02 05:00:00,364.89048055555537
2025-04-02 05:30:00,352.0
2025-04-02 06:00:00,351.9833333333334
2025-04-02 06:30:00,376.9333333333334
2025-04-02 07:00:00,385.9166666666668
2025-04-02 07:30:00,311.65
2025-04-02 08:00:00,261.8833333333334
2025-04-02 08:30:00,256.9000000000002
2025-04-02 09:00:00,133.2
2025-04-02 09:30:00,0.0
2025-04-02 10:00:00,0.0
2025-04-02 10:30:00,0.0
2025-04-02 11:00:00,0.0
2025-04-02 11:30:00,0.0
2025-04-02 12:00:00,0.0
2025-04-02 12:30:00,0.0
2025-04-02 13:00:00,0.0
2025-04-02 13:30:00,0.0
2025-04-02 14:00:00,0.0
2025-04-02 14:30:00,0.0
2025-04-02 15:00:00,0.0
2025-04-02 15:30:00,121.5333333333334
2025-04-02 16:00:00,167.89999999999986
2025-04-02 16:30:00,274.8499999999998
2025-04-02 17:00:00,274.8833333333334
2025-04-02 17:30:00,293.1
2025-04-02 18:00:00,276.7333333333336
2025-04-02 18:30:00,260.75
2025-04-02 19:00:00,245.6833333333332
2025-04-02 19:30:00,226.5166666666666
2025-04-02 20:00:00,207.35
2025-04-02 20:30:00,182.5666666666666
2025-04-02 21:00:00,156.6333333333332
2025-04-02 21:30:00,134.6499999999998
2025-04-02 22:00:00,45.43333333333334
2025-04-02 22:30:00,0.0
2025-04-02 23:00:00,0.0
2025-04-02 23:30:00,0.0
2025-04-03 00:00:00,0.0
2025-04-03 00:30:00,0.0
2025-04-03 01:00:00,0.0
2025-04-03 01:30:00,0.0
2025-04-03 02:00:00,0.0
2025-04-03 02:30:00,0.0
2025-04-03 03:00:00,0.0
2025-04-03 03:30:00,0.0
2025-04-03 04:00:00,0.0
2025-04-03 04:30:00,0.0
2025-04-03 05:00:00,0.0
2025-04-03 05:30:00,0.0
2025-04-03 06:00:00,0.0
2025-04-03 06:30:00,0.0
2025-04-03 07:00:00,0.0
2025-04-03 07:30:00,0.0
2025-04-03 08:00:00,0.0
2025-04-03 08:30:00,0.0
2025-04-03 09:00:00,0.0
2025-04-03 09:30:00,0.0
2025-04-03 10:00:00,0.0
2025-04-03 10:30:00,0.0
2025-04-03 11:00:00,0.0
2025-04-03 11:30:00,0.0
2025-04-03 12:00:00,0.0
2025-04-03 12:30:00,0.0
2025-04-03 13:00:00,0.0
2025-04-03 13:30:00,0.0
2025-04-03 14:00:00,0.0
2025-04-03 14:30:00,0.0
2025-04-03 15:00:00,0.0
2025-04-03 15:30:00,0.0
2025-04-03 16:00:00,0.0
2025-04-03 16:30:00,0.0
2025-04-03 17:00:00,70.6
2025-04-03 17:30:00,252.04999999999978
2025-04-03 18:00:00,253.95000000000022
2025-04-03 18:30:00,250.9666666666668
2025-04-03 19:00:00,234.8333333333332
2025-04-03 19:30:00,47.3
2025-04-03 20:00:00,0.0
2025-04-03 20:30:00,0.0
2025-04-03 21:00:00,0.0
2025-04-03 21:30:00,0.0
2025-04-03 22:00:00,0.0
2025-04-03 22:30:00,0.0
2025-04-03 23:00:00,0.0
2025-04-03 23:30:00,10.73333333333334
2025-04-04 00:00:00,40.16666666666666
2025-04-04 00:30:00,134.65
2025-04-04 01:00:00,144.0166666666666
2025-04-04 01:30:00,145.0
2025-04-04 02:00:00,144.1666666666668
2025-04-04 02:30:00,154.1333333333336
2025-04-04 03:00:00,162.0333333333332
2025-04-04 03:30:00,164.0499999999998
2025-04-04 04:00:00,166.9333333333336
2025-04-04 04:30:00,162.9333333333336
2025-04-04 05:00:00,160.0499999999998
2025-04-04 05:30:00,163.0666666666664
2025-04-04 06:00:00,167.0
2025-04-04 06:30:00,167.0333333333332
2025-04-04 07:00:00,167.0
2025-04-04 07:30:00,166.9666666666668
2025-04-04 08:00:00,139.1666666666666
2025-04-04 08:30:00,9.96666666666666
2025-04-04 09:00:00,0.0
2025-04-04 09:30:00,0.0
2025-04-04 10:00:00,0.0
2025-04-04 10:30:00,0.0
2025-04-04 11:00:00,0.0
2025-04-04 11:30:00,0.0
2025-04-04 12:00:00,0.0
2025-04-04 12:30:00,0.0
2025-04-04 13:00:00,0.0
2025-04-04 13:30:00,0.0
2025-04-04 14:00:00,0.0
2025-04-04 14:30:00,0.0
2025-04-04 15:00:00,0.0
2025-04-04 15:30:00,0.0
2025-04-04 16:00:00,0.0
2025-04-04 16:30:00,0.0
2025-04-04 17:00:00,0.0
2025-04-04 17:30:00,0.0
2025-04-04 18:00:00,35.033333333333346
2025-04-04 18:30:00,41.8666666666666
2025-04-04 19:00:00,0.0
2025-04-04 19:30:00,0.0
2025-04-04 20:00:00,0.0
2025-04-04 20:30:00,0.0
2025-04-04 21:00:00,5.43333333333332
2025-04-04 21:30:00,69.81666666666655
2025-04-04 22:00:00,101.95
2025-04-04 22:30:00,146.89999999999998
2025-04-04 23:00:00,139.8166666666666
2025-04-04 23:30:00,100.46666666666654
2025-04-05 00:00:00,6.166666666666674
2025-04-05 00:30:00,0.0
2025-04-05 01:00:00,0.0
2025-04-05 01:30:00,0.0
2025-04-05 02:00:00,0.0
2025-04-05 02:30:00,0.0
2025-04-05 03:00:00,0.0
2025-04-05 03:30:00,0.0
2025-04-05 04:00:00,0.0
2025-04-05 04:30:00,0.0
2025-04-05 05:00:00,0.0
2025-04-05 05:30:00,0.0
2025-04-05 06:00:00,0.0
2025-04-05 06:30:00,0.0
2025-04-05 07:00:00,0.0
2025-04-05 07:30:00,0.0
2025-04-05 08:00:00,0.0
2025-04-05 08:30:00,0.0
2025-04-05 09:00:00,0.0
2025-04-05 09:30:00,0.0
2025-04-05 10:00:00,0.0
2025-04-05 10:30:00,0.0
2025-04-05 11:00:00,0.0
2025-04-05 11:30:00,0.0
2025-04-05 12:00:00,0.0
2025-04-05 12:30:00,0.0
2025-04-05 13:00:00,0.0
2025-04-05 13:30:00,0.0
2025-04-05 14:00:00,0.0
2025-04-05 14:30:00,0.0
2025-04-05 15:00:00,0.0
2025-04-05 15:30:00,0.0
2025-04-05 16:00:00,0.0
2025-04-05 16:30:00,0.0
2025-04-05 17:00:00,0.0
2025-04-05 17:30:00,0.0
2025-04-05 18:00:00,0.0
2025-04-05 18:30:00,0.0
2025-04-05 19:00:00,0.0
2025-04-05 19:30:00,0.0
2025-04-05 20:00:00,0.0
2025-04-05 20:30:00,0.0
2025-04-05 21:00:00,0.0
2025-04-05 21:30:00,0.0
2025-04-05 22:00:00,0.0
2025-04-05 22:30:00,0.0
2025-04-05 23:00:00,0.0
2025-04-05 23:30:00,0.0
2025-04-06 00:00:00,0.0
2025-04-06 00:30:00,0.0
2025-04-06 01:00:00,0.0
2025-04-06 01:30:00,0.0
2025-04-06 02:00:00,0.0
2025-04-06 02:30:00,0.0
2025-04-06 03:00:00,0.0
2025-04-06 03:30:00,0.0
2025-04-06 04:00:00,0.0
2025-04-06 04:30:00,0.0
2025-04-06 05:00:00,0.0
2025-04-06 05:30:00,0.0
2025-04-06 06:00:00,0.0
2025-04-06 06:30:00,0.0
2025-04-06 07:00:00,0.0
2025-04-06 07:30:00,0.0
2025-04-06 08:00:00,0.0
2025-04-06 08:30:00,0.0
2025-04-06 09:00:00,0.0
2025-04-06 09:30:00,0.0
2025-04-06 10:00:00,0.0
2025-04-06 10:30:00,0.0
2025-04-06 11:00:00,0.0
2025-04-06 11:30:00,0.0
2025-04-06 12:00:00,0.0
2025-04-06 12:30:00,0.0
2025-04-06 13:00:00,0.0
2025-04-06 13:30:00,0.0
2025-04-06 14:00:00,0.0
2025-04-06 14:30:00,0.0
2025-04-06 15:00:00,0.0
2025-04-06 15:30:00,0.0
2025-04-06 16:00:00,0.0
2025-04-06 16:30:00,0.0
2025-04-06 17:00:00,0.0
2025-04-06 17:30:00,0.0
2025-04-06 18:00:00,0.0
2025-04-06 18:30:00,0.0
2025-04-06 19:00:00,0.0
2025-04-06 19:30:00,0.0
2025-04-06 20:00:00,0.0
2025-04-06 20:30:00,0.0
2025-04-06 21:00:00,0.0
2025-04-06 21:30:00,0.0
2025-04-06 22:00:00,0.0
2025-04-06 22:30:00,0.0
2025-04-06 23:00:00,0.0
2025-04-06 23:30:00,0.0
2025-04-07 00:00:00,0.0
2025-04-07 00:30:00,0.0
2025-04-07 01:00:00,0.0
2025-04-07 01:30:00,0.0
2025-04-07 02:00:00,0.0
2025-04-07 02:30:00,0.0
2025-04-07 03:00:00,0.0
2025-04-07 03:30:00,0.0
2025-04-07 04:00:00,0.0
2025-04-07 04:30:00,0.0
2025-04-07 05:00:00,0.0
2025-04-07 05:30:00,0.0
2025-04-07 06:00:00,0.0
2025-04-07 06:30:00,0.0
2025-04-07 07:00:00,0.0
2025-04-07 07:30:00,0.0
2025-04-07 08:00:00,0.0
2025-04-07 08:30:00,0.0
2025-04-07 09:00:00,0.0
2025-04-07 09:30:00,0.0
2025-04-07 10:00:00,0.0
2025-04-07 10:30:00,0.0
2025-04-07 11:00:00,0.0
2025-04-07 11:30:00,0.0
2025-04-07 12:00:00,0.0
2025-04-07 12:30:00,0.0
2025-04-07 13:00:00,0.0
2025-04-07 13:30:00,0.0
2025-04-07 14:00:00,0.0
2025-04-07 14:30:00,0.0
2025-04-07 15:00:00,0.0
2025-04-07 15:30:00,0.0
2025-04-07 16:00:00,0.0
2025-04-07 16:30:00,0.0
2025-04-07 17:00:00,0.0
2025-04-07 17:30:00,0.0
2025-04-07 18:00:00,0.0
2025-04-07 18:30:00,0.0
2025-04-07 19:00:00,0.0
2025-04-07 19:30:00,0.0
2025-04-07 20:00:00,0.0
2025-04-07 20:30:00,0.0
2025-04-07 21:00:00,0.0
2025-04-07 21:30:00,0.0
2025-04-07 22:00:00,0.0
2025-04-07 22:30:00,0.0
2025-04-07 23:00:00,0.0
2025-04-07 23:30:00,0.0
2025-04-08 00:00:00,0.0
2025-04-08 00:30:00,0.0
2025-04-08 01:00:00,0.0
2025-04-08 01:30:00,0.0
2025-04-08 02:00:00,0.0
2025-04-08 02:30:00,0.0
2025-04-08 03:00:00,0.0
2025-04-08 03:30:00,0.0
2025-04-08 04:00:00,0.0
2025-04-08 04:30:00,0.0
2025-04-08 05:00:00,0.0
2025-04-08 05:30:00,0.0
2025-04-08 06:00:00,0.0
2025-04-08 06:30:00,0.0
2025-04-08 07:00:00,0.0
2025-04-08 07:30:00,0.0
2025-04-08 08:00:00,0.0
2025-04-08 08:30:00,0.0
2025-04-08 09:00:00,0.0
2025-04-08 09:30:00,0.0
2025-04-08 10:00:00,0.0
2025-04-08 10:30:00,0.0
2025-04-08 11:00:00,0.0
2025-04-08 11:30:00,0.0
2025-04-08 12:00:00,0.0
2025-04-08 12:30:00,0.0
2025-04-08 13:00:00,0.0
2025-04-08 13:30:00,0.0
2025-04-08 14:00:00,0.0
2025-04-08 14:30:00,0.0
2025-04-08 15:00:00,0.0
2025-04-08 15:30:00,0.0
2025-04-08 16:00:00,0.0
2025-04-08 16:30:00,0.0
2025-04-08 17:00:00,0.0
2025-04-08 17:30:00,0.0
2025-04-08 18:00:00,0.0
2025-04-08 18:30:00,0.0
2025-04-08 19:00:00,0.0
2025-04-08 19:30:00,0.0
2025-04-08 20:00:00,0.0
2025-04-08 20:30:00,0.0
2025-04-08 21:00:00,0.0
2025-04-08 21:30:00,0.0
2025-04-08 22:00:00,0.0
2025-04-08 22:30:00,0.0
2025-04-08 23:00:00,0.0
2025-04-08 23:30:00,0.0
2025-04-09 00:00:00,0.0
2025-04-09 00:30:00,0.0
2025-04-09 01:00:00,0.0
2025-04-09 01:30:00,0.0
2025-04-09 02:00:00,0.0
2025-04-09 02:30:00,0.0
2025-04-09 03:00:00,0.0
2025-04-09 03:30:00,0.0
2025-04-09 04:00:00,0.0
2025-04-09 04:30:00,0.0
2025-04-09 05:00:00,0.0
2025-04-09 05:30:00,0.0
2025-04-09 06:00:00,0.0
2025-04-09 06:30:00,0.0
2025-04-09 07:00:00,0.0
2025-04-09 07:30:00,0.0
2025-04-09 08:00:00,0.0
2025-04-09 08:30:00,0.0
2025-04-09 09:00:00,0.0
2025-04-09 09:30:00,0.0
2025-04-09 10:00:00,0.0
2025-04-09 10:30:00,0.0
2025-04-09 11:00:00,0.0
2025-04-09 11:30:00,0.0
2025-04-09 12:00:00,0.0
2025-04-09 12:30:00,0.0
2025-04-09 13:00:00,0.0
2025-04-09 13:30:00,0.0
2025-04-09 14:00:00,0.0
2025-04-09 14:30:00,0.0
2025-04-09 15:00:00,0.0
2025-04-09 15:30:00,0.0
2025-04-09 16:00:00,0.0
2025-04-09 16:30:00,0.0
2025-04-09 17:00:00,0.0
2025-04-09 17:30:00,0.0
2025-04-09 18:00:00,0.0
2025-04-09 18:30:00,0.0
2025-04-09 19:00:00,0.0
2025-04-09 19:30:00,0.0
2025-04-09 20:00:00,0.0
2025-04-09 20:30:00,0.0
2025-04-09 21:00:00,0.0
2025-04-09 21:30:00,0.0
2025-04-09 22:00:00,0.0
2025-04-09 22:30:00,0.0
2025-04-09 23:00:00,0.0
2025-04-09 23:30:00,0.0
2025-04-10 00:00:00,0.0
2025-04-10 00:30:00,0.0
2025-04-10 01:00:00,0.0
2025-04-10 01:30:00,0.0
2025-04-10 02:00:00,0.0
2025-04-10 02:30:00,0.0
2025-04-10 03:00:00,0.0
2025-04-10 03:30:00,0.0
2025-04-10 04:00:00,0.0
2025-04-10 04:30:00,0.0
2025-04-10 05:00:00,0.0
2025-04-10 05:30:00,0.0
2025-04-10 06:00:00,0.0
2025-04-10 06:30:00,0.0
2025-04-10 07:00:00,0.0
2025-04-10 07:30:00,0.0
2025-04-10 08:00:00,0.0
2025-04-10 08:30:00,0.0
2025-04-10 09:00:00,0.0
2025-04-10 09:30:00,0.0
2025-04-10 10:00:00,0.0
2025-04-10 10:30:00,0.0
2025-04-10 11:00:00,0.0
2025-04-10 11:30:00,0.0
2025-04-10 12:00:00,0.0
2025-04-10 12:30:00,0.0
2025-04-10 13:00:00,0.0
2025-04-10 13:30:00,179.6166666666668
2025-04-10 14:00:00,337.1333333333334
2025-04-10 14:30:00,377.9666666666666
2025-04-10 15:00:00,400.1333333333334
2025-04-10 15:30:00,408.2166666666666
2025-04-10 16:00:00,417.0499999999998
2025-04-10 16:30:00,420.0166666666666
2025-04-10 17:00:00,420.9833333333334
2025-04-10 17:30:00,419.9666666666668
2025-04-10 18:00:00,418.0499999999998
2025-04-10 18:30:00,421.0499999999998
2025-04-10 19:00:00,424.8
2025-04-10 19:30:00,341.7166666666666
2025-04-10 20:00:00,293.11666666666673
2025-04-10 20:30:00,367.9666666666668
2025-04-10 21:00:00,365.0499999999998
2025-04-10 21:30:00,368.0499999999998
2025-04-10 22:00:00,370.9333333333334
2025-04-10 22:30:00,366.9333333333334
2025-04-10 23:00:00,364.9
2025-04-10 23:30:00,358.9333333333334
2025-04-11 00:00:00,354.9166666666668
2025-04-11 00:30:00,328.7938708333334
2025-04-11 01:00:00,359.8833333333332
2025-04-11 01:30:00,352.8499999999998
2025-04-11 02:00:00,340.1333333333336
2025-04-11 02:30:00,348.1500000000002
2025-04-11 03:00:00,360.1333333333332
2025-04-11 03:30:00,366.1166666666668
2025-04-11 04:00:00,374.0666666666664
2025-04-11 04:30:00,378.1166666666668
2025-04-11 05:00:00,387.9833333333334
2025-04-11 05:30:00,387.0
2025-04-11 06:00:00,387.9166666666668
2025-04-11 06:30:00,382.88333333333344
2025-04-11 07:00:00,376.95
2025-04-11 07:30:00,373.9500000000002
2025-04-11 08:00:00,371.9166666666668
2025-04-11 08:30:00,366.9166666666668
2025-04-11 09:00:00,365.1666666666668
2025-04-11 09:30:00,375.1666666666668
2025-04-11 10:00:00,385.1166666666668
2025-04-11 10:30:00,392.0833333333332
2025-04-11 11:00:00,397.15
2025-04-11 11:30:00,406.1166666666668
2025-04-11 12:00:00,414.0666666666664
2025-04-11 12:30:00,418.0666666666666
2025-04-11 13:00:00,414.8666666666668
2025-04-11 13:30:00,408.8666666666666
2025-04-11 14:00:00,396.6
2025-04-11 14:30:00,374.54999999999984
2025-04-11 15:00:00,329.25
2025-04-11 15:30:00,189.7166666666668
2025-04-11 16:00:00,22.3333333333334
2025-04-11 16:30:00,0.0
2025-04-11 17:00:00,0.0
2025-04-11 17:30:00,0.0
2025-04-11 18:00:00,0.0
2025-04-11 18:30:00,0.0
2025-04-11 19:00:00,0.0
2025-04-11 19:30:00,0.0
2025-04-11 20:00:00,0.0
2025-04-11 20:30:00,0.0
2025-04-11 21:00:00,0.0
2025-04-11 21:30:00,0.0
2025-04-11 22:00:00,0.0
2025-04-11 22:30:00,0.0
2025-04-11 23:00:00,0.0
2025-04-11 23:30:00,0.0
2025-04-12 00:00:00,0.0
2025-04-12 00:30:00,0.0
2025-04-12 01:00:00,0.0
2025-04-12 01:30:00,0.0
2025-04-12 02:00:00,0.0
2025-04-12 02:30:00,0.0
2025-04-12 03:00:00,0.0
2025-04-12 03:30:00,0.0
2025-04-12 04:00:00,0.0
2025-04-12 04:30:00,0.0
2025-04-12 05:00:00,0.0
2025-04-12 05:30:00,0.0
2025-04-12 06:00:00,0.0
2025-04-12 06:30:00,0.0
2025-04-12 07:00:00,0.0
2025-04-12 07:30:00,0.0
2025-04-12 08:00:00,0.0
2025-04-12 08:30:00,0.0
2025-04-12 09:00:00,0.0
2025-04-12 09:30:00,0.0
2025-04-12 10:00:00,0.0
2025-04-12 10:30:00,0.0
2025-04-12 11:00:00,0.0
2025-04-12 11:30:00,0.0
2025-04-12 12:00:00,0.0
2025-04-12 12:30:00,0.0
2025-04-12 13:00:00,0.0
2025-04-12 13:30:00,0.0
2025-04-12 14:00:00,0.0
2025-04-12 14:30:00,0.0
2025-04-12 15:00:00,0.0
2025-04-12 15:30:00,1.650000000000002
2025-04-12 16:00:00,99.0166666666666
2025-04-12 16:30:00,100.0333333333332
2025-04-12 17:00:00,102.0666666666664
2025-04-12 17:30:00,106.0833333333332
2025-04-12 18:00:00,111.0
2025-04-12 18:30:00,1.850000000000002
2025-04-12 19:00:00,0.0
2025-04-12 19:30:00,0.0
2025-04-12 20:00:00,0.0
2025-04-12 20:30:00,0.0
2025-04-12 21:00:00,0.0
2025-04-12 21:30:00,0.0
2025-04-12 22:00:00,0.0
2025-04-12 22:30:00,0.0
2025-04-12 23:00:00,0.0
2025-04-12 23:30:00,0.0
2025-04-13 00:00:00,0.0
2025-04-13 00:30:00,0.0
2025-04-13 01:00:00,0.0
2025-04-13 01:30:00,0.0
2025-04-13 02:00:00,0.0
2025-04-13 02:30:00,0.0
2025-04-13 03:00:00,0.0
2025-04-13 03:30:00,0.0
2025-04-13 04:00:00,0.0
2025-04-13 04:30:00,3.4
2025-04-13 05:00:00,2.45
2025-04-13 05:30:00,0.0
2025-04-13 06:00:00,0.0
2025-04-13 06:30:00,0.0
2025-04-13 07:00:00,0.0
2025-04-13 07:30:00,0.0
2025-04-13 08:00:00,0.0
2025-04-13 08:30:00,0.0
2025-04-13 09:00:00,0.0
2025-04-13 09:30:00,0.0
2025-04-13 10:00:00,0.0
2025-04-13 10:30:00,0.0
2025-04-13 11:00:00,0.0
2025-04-13 11:30:00,0.0
2025-04-13 12:00:00,0.0
2025-04-13 12:30:00,0.0
2025-04-13 13:00:00,0.0
2025-04-13 13:30:00,0.0
2025-04-13 14:00:00,0.0
2025-04-13 14:30:00,0.0
2025-04-13 15:00:00,0.0
2025-04-13 15:30:00,0.0
2025-04-13 16:00:00,0.0
2025-04-13 16:30:00,0.0
2025-04-13 17:00:00,0.0
2025-04-13 17:30:00,0.0
2025-04-13 18:00:00,0.0
2025-04-13 18:30:00,0.0
2025-04-13 19:00:00,0.0
2025-04-13 19:30:00,0.0
2025-04-13 20:00:00,0.0
2025-04-13 20:30:00,0.0
2025-04-13 21:00:00,0.0
2025-04-13 21:30:00,0.0
2025-04-13 22:00:00,0.0
2025-04-13 22:30:00,0.0
2025-04-13 23:00:00,0.0
2025-04-13 23:30:00,33.16666666666666
2025-04-14 00:00:00,92.8666666666668
2025-04-14 00:30:00,0.0
2025-04-14 01:00:00,0.0
2025-04-14 01:30:00,37.86666666666668
2025-04-14 02:00:00,256.8333333333332
2025-04-14 02:30:00,246.8666666666664
2025-04-14 03:00:00,235.8
2025-04-14 03:30:00,223.7333333333332
2025-04-14 04:00:00,209.0833333333332
2025-04-14 04:30:00,214.0499999999998
2025-04-14 05:00:00,203.9333333333336
2025-04-14 05:30:00,199.9333333333336
2025-04-14 06:00:00,192.0499999999998
2025-04-14 06:30:00,195.0666666666664
2025-04-14 07:00:00,196.2000000000002
2025-04-14 07:30:00,241.76666666666682
2025-04-14 08:00:00,268.6833333333334
2025-04-14 08:30:00,309.68333333333317
2025-04-14 09:00:00,350.6499999999998
2025-04-14 09:30:00,379.6166666666668
2025-04-14 10:00:00,408.0166666666666
2025-04-14 10:30:00,409.0
2025-04-14 11:00:00,408.8499999999998
2025-04-14 11:30:00,399.8666666666664
2025-04-14 12:00:00,339.15
2025-04-14 12:30:00,225.97519999999997
2025-04-14 13:00:00,11.05
2025-04-14 13:30:00,0.0
2025-04-14 14:00:00,0.0
2025-04-14 14:30:00,0.0
2025-04-14 15:00:00,0.0
2025-04-14 15:30:00,0.0
2025-04-14 16:00:00,0.0
2025-04-14 16:30:00,0.0
2025-04-14 17:00:00,0.0
2025-04-14 17:30:00,0.0
2025-04-14 18:00:00,0.0
2025-04-14 18:30:00,22.45
2025-04-14 19:00:00,17.09999999999998
2025-04-14 19:30:00,23.13333333333336
2025-04-14 20:00:00,11.116666666666672
2025-04-14 20:30:00,18.15000000000002
2025-04-14 21:00:00,27.11666666666668
2025-04-14 21:30:00,14.0
2025-04-14 22:00:00,0.0
2025-04-14 22:30:00,0.0
2025-04-14 23:00:00,0.0
2025-04-14 23:30:00,0.0
2025-04-15 00:00:00,0.0
2025-04-15 00:30:00,0.0
2025-04-15 01:00:00,0.0
2025-04-15 01:30:00,0.0
2025-04-15 02:00:00,0.0
2025-04-15 02:30:00,0.0
2025-04-15 03:00:00,0.0
2025-04-15 03:30:00,0.0
2025-04-15 04:00:00,0.0
2025-04-15 04:30:00,0.0
2025-04-15 05:00:00,0.0
2025-04-15 05:30:00,0.0
2025-04-15 06:00:00,0.0
2025-04-15 06:30:00,0.0
2025-04-15 07:00:00,0.0
2025-04-15 07:30:00,0.0
2025-04-15 08:00:00,0.0
2025-04-15 08:30:00,0.0
2025-04-15 09:00:00,0.0
2025-04-15 09:30:00,0.0
2025-04-15 10:00:00,0.0
2025-04-15 10:30:00,0.0
2025-04-15 11:00:00,0.0
2025-04-15 11:30:00,0.0
2025-04-15 12:00:00,0.0
2025-04-15 12:30:00,0.0
2025-04-15 13:00:00,0.0
2025-04-15 13:30:00,0.0
2025-04-15 14:00:00,0.0
2025-04-15 14:30:00,0.0
2025-04-15 15:00:00,0.0
2025-04-15 15:30:00,0.0
2025-04-15 16:00:00,0.0
2025-04-15 16:30:00,0.0
2025-04-15 17:00:00,0.0
2025-04-15 17:30:00,0.0
2025-04-15 18:00:00,0.0
2025-04-15 18:30:00,0.0
2025-04-15 19:00:00,0.0
2025-04-15 19:30:00,0.0
2025-04-15 20:00:00,0.0
2025-04-15 20:30:00,0.0
2025-04-15 21:00:00,0.0
2025-04-15 21:30:00,0.0
2025-04-15 22:00:00,0.0
2025-04-15 22:30:00,0.0
2025-04-15 23:00:00,0.0
2025-04-15 23:30:00,0.0
2025-04-16 00:00:00,0.0
2025-04-16 00:30:00,0.0
2025-04-16 01:00:00,0.0
2025-04-16 01:30:00,0.0
2025-04-16 02:00:00,0.0
2025-04-16 02:30:00,0.0
2025-04-16 03:00:00,0.0
2025-04-16 03:30:00,0.0
2025-04-16 04:00:00,97.0166666666668
2025-04-16 04:30:00,109.1
2025-04-16 05:00:00,111.38333333333341
2025-04-16 05:30:00,134.3333333333336
2025-04-16 06:00:00,153.3333333333334
2025-04-16 06:30:00,173.5166666666668
2025-04-16 07:00:00,193.3666666666666
2025-04-16 07:30:00,207.29999999999978
2025-04-16 08:00:00,255.2499999999998
2025-04-16 08:30:00,270.3
2025-04-16 09:00:00,286.1500000000002
2025-04-16 09:30:00,295.1500000000002
2025-04-16 10:00:00,303.15
2025-04-16 10:30:00,312.1333333333336
2025-04-16 11:00:00,322.0166666666666
2025-04-16 11:30:00,323.0
2025-04-16 12:00:00,324.9833333333334
2025-04-16 12:30:00,323.9833333333334
2025-04-16 13:00:00,354.7333333333336
2025-04-16 13:30:00,338.75000000000017
2025-04-16 14:00:00,325.6166666666666
2025-04-16 14:30:00,302.6
2025-04-16 15:00:00,276.8
2025-04-16 15:30:00,264.8333333333332
2025-04-16 16:00:00,249.6666666666664
2025-04-16 16:30:00,229.6666666666666
2025-04-16 17:00:00,212.3833333333332
2025-04-16 17:30:00,187.5833333333334
2025-04-16 18:00:00,160.6333333333332
2025-04-16 18:30:00,138.6166666666666
2025-04-16 19:00:00,115.71666666666681
2025-04-16 19:30:00,98.7
2025-04-16 20:00:00,78.80000000000013
2025-04-16 20:30:00,66.8
2025-04-16 21:00:00,53.88333333333332
2025-04-16 21:30:00,46.86666666666664
2025-04-16 22:00:00,39.03333333333332
2025-04-16 22:30:00,41.01666666666666
2025-04-16 23:00:00,30.6
2025-04-16 23:30:00,0.0
2025-04-17 00:00:00,0.0
2025-04-17 00:30:00,0.0
2025-04-17 01:00:00,0.0
2025-04-17 01:30:00,0.0
2025-04-17 02:00:00,0.0
2025-04-17 02:30:00,0.0
2025-04-17 03:00:00,0.0
2025-04-17 03:30:00,0.0
2025-04-17 04:00:00,0.0
2025-04-17 04:30:00,0.0
2025-04-17 05:00:00,0.0
2025-04-17 05:30:00,0.0
2025-04-17 06:00:00,0.0
2025-04-17 06:30:00,0.0
2025-04-17 07:00:00,0.0
2025-04-17 07:30:00,23.63333333333332
2025-04-17 08:00:00,17.049999999999997
2025-04-17 08:30:00,0.0
2025-04-17 09:00:00,0.0
2025-04-17 09:30:00,0.0
2025-04-17 10:00:00,0.0
2025-04-17 10:30:00,0.0
2025-04-17 11:00:00,0.0
2025-04-17 11:30:00,0.0
2025-04-17 12:00:00,0.0
2025-04-17 12:30:00,0.0
2025-04-17 13:00:00,0.0
2025-04-17 13:30:00,0.0
2025-04-17 14:00:00,0.0
2025-04-17 14:30:00,0.0
2025-04-17 15:00:00,0.0
2025-04-17 15:30:00,0.0
2025-04-17 16:00:00,0.0
2025-04-17 16:30:00,0.0
2025-04-17 17:00:00,0.0
2025-04-17 17:30:00,0.0
2025-04-17 18:00:00,0.0
2025-04-17 18:30:00,0.0
2025-04-17 19:00:00,0.0
2025-04-17 19:30:00,0.0
2025-04-17 20:00:00,0.0
2025-04-17 20:30:00,0.0
2025-04-17 21:00:00,0.0
2025-04-17 21:30:00,0.0
2025-04-17 22:00:00,0.0
2025-04-17 22:30:00,0.0
2025-04-17 23:00:00,0.0
2025-04-17 23:30:00,0.0
2025-04-18 00:00:00,0.0
2025-04-18 00:30:00,0.0
2025-04-18 01:00:00,0.0
2025-04-18 01:30:00,0.0
2025-04-18 02:00:00,0.0
2025-04-18 02:30:00,0.0
2025-04-18 03:00:00,0.0
2025-04-18 03:30:00,0.0
2025-04-18 04:00:00,0.0
2025-04-18 04:30:00,0.0
2025-04-18 05:00:00,0.0
2025-04-18 05:30:00,0.0
2025-04-18 06:00:00,0.0
2025-04-18 06:30:00,0.0
2025-04-18 07:00:00,0.0
2025-04-18 07:30:00,0.0
2025-04-18 08:00:00,0.0
2025-04-18 08:30:00,0.0
2025-04-18 09:00:00,0.0
2025-04-18 09:30:00,0.0
2025-04-18 10:00:00,0.0
2025-04-18 10:30:00,0.0
2025-04-18 11:00:00,0.0
2025-04-18 11:30:00,0.0
2025-04-18 12:00:00,0.0
2025-04-18 12:30:00,0.0
2025-04-18 13:00:00,0.0
2025-04-18 13:30:00,0.0
2025-04-18 14:00:00,0.0
2025-04-18 14:30:00,0.0
2025-04-18 15:00:00,0.0
2025-04-18 15:30:00,0.0
2025-04-18 16:00:00,0.0
2025-04-18 16:30:00,0.0
2025-04-18 17:00:00,0.0
2025-04-18 17:30:00,0.0
2025-04-18 18:00:00,0.0
2025-04-18 18:30:00,0.0
2025-04-18 19:00:00,0.0
2025-04-18 19:30:00,0.0
2025-04-18 20:00:00,0.0
2025-04-18 20:30:00,0.0
2025-04-18 21:00:00,0.0
2025-04-18 21:30:00,0.0
2025-04-18 22:00:00,0.0
2025-04-18 22:30:00,0.0
2025-04-18 23:00:00,0.0
2025-04-18 23:30:00,0.0
2025-04-19 00:00:00,0.0
2025-04-19 00:30:00,0.0
2025-04-19 01:00:00,0.0
2025-04-19 01:30:00,0.0
2025-04-19 02:00:00,0.0
2025-04-19 02:30:00,0.0
2025-04-19 03:00:00,0.0
2025-04-19 03:30:00,0.0
2025-04-19 04:00:00,0.0
2025-04-19 04:30:00,0.0
2025-04-19 05:00:00,0.0
2025-04-19 05:30:00,0.0
2025-04-19 06:00:00,0.0
2025-04-19 06:30:00,0.0
2025-04-19 07:00:00,0.0
2025-04-19 07:30:00,0.0
2025-04-19 08:00:00,0.0
2025-04-19 08:30:00,0.0
2025-04-19 09:00:00,0.0
2025-04-19 09:30:00,0.0
2025-04-19 10:00:00,0.0
2025-04-19 10:30:00,0.0
2025-04-19 11:00:00,0.0
2025-04-19 11:30:00,0.0
2025-04-19 12:00:00,0.0
2025-04-19 12:30:00,0.0
2025-04-19 13:00:00,0.0
2025-04-19 13:30:00,0.0
2025-04-19 14:00:00,0.0
2025-04-19 14:30:00,0.0
2025-04-19 15:00:00,0.0
2025-04-19 15:30:00,0.0
2025-04-19 16:00:00,0.0
2025-04-19 16:30:00,0.0
2025-04-19 17:00:00,0.0
2025-04-19 17:30:00,0.0
2025-04-19 18:00:00,0.0
2025-04-19 18:30:00,0.0
2025-04-19 19:00:00,0.0
2025-04-19 19:30:00,0.0
2025-04-19 20:00:00,0.0
2025-04-19 20:30:00,0.0
2025-04-19 21:00:00,0.0
2025-04-19 21:30:00,0.0
2025-04-19 22:00:00,0.0
2025-04-19 22:30:00,0.0
2025-04-19 23:00:00,0.0
2025-04-19 23:30:00,0.0
2025-04-20 00:00:00,0.0
2025-04-20 00:30:00,0.0
2025-04-20 01:00:00,0.0
2025-04-20 01:30:00,0.0
2025-04-20 02:00:00,0.0
2025-04-20 02:30:00,0.0
2025-04-20 03:00:00,0.0
2025-04-20 03:30:00,0.0
2025-04-20 04:00:00,0.0
2025-04-20 04:30:00,0.0
2025-04-20 05:00:00,0.0
2025-04-20 05:30:00,0.0
2025-04-20 06:00:00,0.0
2025-04-20 06:30:00,0.0
2025-04-20 07:00:00,0.0
2025-04-20 07:30:00,0.0
2025-04-20 08:00:00,0.0
2025-04-20 08:30:00,0.0
2025-04-20 09:00:00,0.0
2025-04-20 09:30:00,0.0
2025-04-20 10:00:00,0.0
2025-04-20 10:30:00,0.0
2025-04-20 11:00:00,0.0
2025-04-20 11:30:00,0.0
2025-04-20 12:00:00,0.0
2025-04-20 12:30:00,0.0
2025-04-20 13:00:00,0.0
2025-04-20 13:30:00,0.0
2025-04-20 14:00:00,0.0
2025-04-20 14:30:00,0.0
2025-04-20 15:00:00,0.0
2025-04-20 15:30:00,0.0
2025-04-20 16:00:00,0.0
2025-04-20 16:30:00,0.0
2025-04-20 17:00:00,0.0
2025-04-20 17:30:00,0.0
2025-04-20 18:00:00,0.0
2025-04-20 18:30:00,0.0
2025-04-20 19:00:00,0.0
2025-04-20 19:30:00,0.0
2025-04-20 20:00:00,0.0
2025-04-20 20:30:00,0.0
2025-04-20 21:00:00,0.0
2025-04-20 21:30:00,0.0
2025-04-20 22:00:00,0.0
2025-04-20 22:30:00,0.0
2025-04-20 23:00:00,0.0
2025-04-20 23:30:00,0.0
2025-04-21 00:00:00,0.0
2025-04-21 00:30:00,0.0
2025-04-21 01:00:00,0.0
2025-04-21 01:30:00,0.0
2025-04-21 02:00:00,0.0
2025-04-21 02:30:00,0.0
2025-04-21 03:00:00,0.0
2025-04-21 03:30:00,0.0
2025-04-21 04:00:00,0.0
2025-04-21 04:30:00,0.0
2025-04-21 05:00:00,0.0
2025-04-21 05:30:00,0.0
2025-04-21 06:00:00,0.0
2025-04-21 06:30:00,0.0
2025-04-21 07:00:00,0.0
2025-04-21 07:30:00,0.0
2025-04-21 08:00:00,0.0
2025-04-21 08:30:00,0.0
2025-04-21 09:00:00,0.0
2025-04-21 09:30:00,0.0
2025-04-21 10:00:00,0.0
2025-04-21 10:30:00,0.0
2025-04-21 11:00:00,0.0
2025-04-21 11:30:00,65.11666666666667
2025-04-21 12:00:00,180.6166666666666
2025-04-21 12:30:00,189.0
2025-04-21 13:00:00,211.88333333333318
2025-04-21 13:30:00,204.9333333333336
2025-04-21 14:00:00,171.94999999999987
2025-04-21 14:30:00,93.63333333333321
2025-04-21 15:00:00,67.18333333333327
2025-04-21 15:30:00,55.1166666666666
2025-04-21 16:00:00,60.9166666666666
2025-04-21 16:30:00,75.15000000000006
2025-04-21 17:00:00,217.6
2025-04-21 17:30:00,199.5666666666666
2025-04-21 18:00:00,145.9333333333334
2025-04-21 18:30:00,158.78333333333342
2025-04-21 19:00:00,145.78333333333342
2025-04-21 19:30:00,132.7500000000002
2025-04-21 20:00:00,116.75
2025-04-21 20:30:00,23.26666666666666
2025-04-21 21:00:00,0.0
2025-04-21 21:30:00,0.0
2025-04-21 22:00:00,0.0
2025-04-21 22:30:00,0.0
2025-04-21 23:00:00,0.0
2025-04-21 23:30:00,0.0
2025-04-22 00:00:00,0.0
2025-04-22 00:30:00,0.0
2025-04-22 01:00:00,0.0
2025-04-22 01:30:00,0.0
2025-04-22 02:00:00,0.0
2025-04-22 02:30:00,0.0
2025-04-22 03:00:00,0.0
2025-04-22 03:30:00,0.0
2025-04-22 04:00:00,0.0
2025-04-22 04:30:00,0.0
2025-04-22 05:00:00,0.0
2025-04-22 05:30:00,0.0
2025-04-22 06:00:00,0.0
2025-04-22 06:30:00,0.0
2025-04-22 07:00:00,0.0
2025-04-22 07:30:00,0.0
2025-04-22 08:00:00,0.0
2025-04-22 08:30:00,0.0
2025-04-22 09:00:00,0.0
2025-04-22 09:30:00,0.0
2025-04-22 10:00:00,0.0
2025-04-22 10:30:00,0.0
2025-04-22 11:00:00,0.0
2025-04-22 11:30:00,0.0
2025-04-22 12:00:00,0.0
2025-04-22 12:30:00,0.0
2025-04-22 13:00:00,0.0
2025-04-22 13:30:00,0.0
2025-04-22 14:00:00,0.0
2025-04-22 14:30:00,0.0
2025-04-22 15:00:00,0.0
2025-04-22 15:30:00,0.0
2025-04-22 16:00:00,0.0
2025-04-22 16:30:00,0.0
2025-04-22 17:00:00,0.0
2025-04-22 17:30:00,0.0
2025-04-22 18:00:00,0.0
2025-04-22 18:30:00,0.0
2025-04-22 19:00:00,0.0
2025-04-22 19:30:00,0.0
2025-04-22 20:00:00,0.0
2025-04-22 20:30:00,0.0
2025-04-22 21:00:00,0.0
2025-04-22 21:30:00,0.0
2025-04-22 22:00:00,0.0
2025-04-22 22:30:00,0.0
2025-04-22 23:00:00,0.0
2025-04-22 23:30:00,0.0
2025-04-23 00:00:00,0.0
2025-04-23 00:30:00,0.0
2025-04-23 01:00:00,0.0
2025-04-23 01:30:00,0.0
2025-04-23 02:00:00,0.0
2025-04-23 02:30:00,0.0
2025-04-23 03:00:00,0.0
2025-04-23 03:30:00,0.0
2025-04-23 04:00:00,0.0
2025-04-23 04:30:00,0.0
2025-04-23 05:00:00,0.0
2025-04-23 05:30:00,0.0
2025-04-23 06:00:00,0.0
2025-04-23 06:30:00,0.0
2025-04-23 07:00:00,0.0
2025-04-23 07:30:00,0.0
2025-04-23 08:00:00,0.0
2025-04-23 08:30:00,0.0
2025-04-23 09:00:00,0.0
2025-04-23 09:30:00,0.0
2025-04-23 10:00:00,0.0
2025-04-23 10:30:00,0.0
2025-04-23 11:00:00,0.0
2025-04-23 11:30:00,0.0
2025-04-23 12:00:00,0.0
2025-04-23 12:30:00,0.0
2025-04-23 13:00:00,0.0
2025-04-23 13:30:00,0.0
2025-04-23 14:00:00,0.0
2025-04-23 14:30:00,0.0
2025-04-23 15:00:00,0.0
2025-04-23 15:30:00,0.0
2025-04-23 16:00:00,0.0
2025-04-23 16:30:00,0.0
2025-04-23 17:00:00,0.0
2025-04-23 17:30:00,0.0
2025-04-23 18:00:00,0.0
2025-04-23 18:30:00,0.0
2025-04-23 19:00:00,0.0
2025-04-23 19:30:00,0.0
2025-04-23 20:00:00,0.0
2025-04-23 20:30:00,0.0
2025-04-23 21:00:00,0.0
2025-04-23 21:30:00,0.0
2025-04-23 22:00:00,0.0
2025-04-23 22:30:00,0.0
2025-04-23 23:00:00,0.0
2025-04-23 23:30:00,0.0
2025-04-24 00:00:00,0.0
2025-04-24 00:30:00,0.0
2025-04-24 01:00:00,0.0
2025-04-24 01:30:00,0.0
2025-04-24 02:00:00,0.0
2025-04-24 02:30:00,0.0
2025-04-24 03:00:00,0.0
2025-04-24 03:30:00,0.0
2025-04-24 04:00:00,0.0
2025-04-24 04:30:00,0.0
2025-04-24 05:00:00,0.0
2025-04-24 05:30:00,0.0
2025-04-24 06:00:00,0.0
2025-04-24 06:30:00,0.0
2025-04-24 07:00:00,0.0
2025-04-24 07:30:00,0.0
2025-04-24 08:00:00,0.0
2025-04-24 08:30:00,0.0
2025-04-24 09:00:00,0.0
2025-04-24 09:30:00,0.0
2025-04-24 10:00:00,0.0
2025-04-24 10:30:00,0.0
2025-04-24 11:00:00,0.0
2025-04-24 11:30:00,0.0
2025-04-24 12:00:00,0.0
2025-04-24 12:30:00,0.0
2025-04-24 13:00:00,0.0
2025-04-24 13:30:00,0.0
2025-04-24 14:00:00,0.0
2025-04-24 14:30:00,0.0
2025-04-24 15:00:00,0.0
2025-04-24 15:30:00,0.0
2025-04-24 16:00:00,0.0
2025-04-24 16:30:00,0.0
2025-04-24 17:00:00,0.0
2025-04-24 17:30:00,0.0
2025-04-24 18:00:00,0.0
2025-04-24 18:30:00,0.0
2025-04-24 19:00:00,0.0
2025-04-24 19:30:00,0.0
2025-04-24 20:00:00,0.0
2025-04-24 20:30:00,0.0
2025-04-24 21:00:00,2.666666666666666
2025-04-24 21:30:00,16.0
2025-04-24 22:00:00,15.98333333333334
2025-04-24 22:30:00,14.98333333333334
2025-04-24 23:00:00,14.0
2025-04-24 23:30:00,29.5
2025-04-25 00:00:00,36.01666666666666
2025-04-25 00:30:00,37.0
2025-04-25 01:00:00,42.95000000000002
2025-04-25 01:30:00,39.93333333333336
2025-04-25 02:00:00,38.95000000000002
2025-04-25 02:30:00,35.95000000000002
2025-04-25 03:00:00,32.96666666666668
2025-04-25 03:30:00,31.0
2025-04-25 04:00:00,30.066666666666663
2025-04-25 04:30:00,34.04999999999998
2025-04-25 05:00:00,34.06666666666664
2025-04-25 05:30:00,38.03333333333332
2025-04-25 06:00:00,41.0
2025-04-25 06:30:00,40.98333333333334
2025-04-25 07:00:00,42.166666666666686
2025-04-25 07:30:00,52.2
2025-04-25 08:00:00,69.23333333333326
2025-04-25 08:30:00,83.16666666666669
2025-04-25 09:00:00,94.23333333333314
2025-04-25 09:30:00,108.2333333333332
2025-04-25 10:00:00,123.0
2025-04-25 10:30:00,122.9833333333334
2025-04-25 11:00:00,122.0
2025-04-25 11:30:00,122.0
2025-04-25 12:00:00,121.9833333333334
2025-04-25 12:30:00,121.0
2025-04-25 13:00:00,116.0333333333332
2025-04-25 13:30:00,118.0166666666666
2025-04-25 14:00:00,120.0
2025-04-25 14:30:00,120.0333333333332
2025-04-25 15:00:00,121.04999999999981
2025-04-25 15:30:00,124.0333333333332
2025-04-25 16:00:00,124.9833333333334
2025-04-25 16:30:00,123.9833333333334
2025-04-25 17:00:00,124.9166666666668
2025-04-25 17:30:00,119.9166666666668
2025-04-25 18:00:00,113.95000000000019
2025-04-25 18:30:00,110.9333333333336
2025-04-25 19:00:00,107.0
2025-04-25 19:30:00,106.9833333333334
2025-04-25 20:00:00,83.95000000000013
2025-04-25 20:30:00,80.93333333333348
2025-04-25 21:00:00,75.0
2025-04-25 21:30:00,75.0
2025-04-25 22:00:00,73.9833333333334
2025-04-25 22:30:00,72.96666666666674
2025-04-25 23:00:00,70.04999999999993
2025-04-25 23:30:00,73.04999999999993
2025-04-26 00:00:00,74.03333333333326
2025-04-26 00:30:00,76.0166666666666
2025-04-26 01:00:00,83.19999999999993
2025-04-26 01:30:00,95.2
2025-04-26 02:00:00,101.2333333333332
2025-04-26 02:30:00,115.2499999999998
2025-04-26 03:00:00,128.21666666666658
2025-04-26 03:30:00,141.2333333333334
2025-04-26 04:00:00,154.4166666666664
2025-04-26 04:30:00,171.3166666666666
2025-04-26 05:00:00,179.71666666666658
2025-04-26 05:30:00,157.2833333333332
2025-04-26 06:00:00,107.2
2025-04-26 06:30:00,0.0
2025-04-26 07:00:00,0.0
2025-04-26 07:30:00,45.85
2025-04-26 08:00:00,71.0666666666666
2025-04-26 08:30:00,62.9166666666666
2025-04-26 09:00:00,27.8666666666666
2025-04-26 09:30:00,0.0
2025-04-26 10:00:00,0.0
2025-04-26 10:30:00,0.0
2025-04-26 11:00:00,0.0
2025-04-26 11:30:00,0.0
2025-04-26 12:00:00,0.0
2025-04-26 12:30:00,0.0
2025-04-26 13:00:00,0.0
2025-04-26 13:30:00,0.0
2025-04-26 14:00:00,0.0
2025-04-26 14:30:00,0.0
2025-04-26 15:00:00,0.0
2025-04-26 15:30:00,0.0
2025-04-26 16:00:00,66.25
2025-04-26 16:30:00,15.0
2025-04-26 17:00:00,0.0
2025-04-26 17:30:00,0.0
2025-04-26 18:00:00,0.0
2025-04-26 18:30:00,0.0
2025-04-26 19:00:00,15.35
2025-04-26 19:30:00,137.3666666666664
2025-04-26 20:00:00,205.46666666666638
2025-04-26 20:30:00,230.86666666666662
2025-04-26 21:00:00,219.9166666666668
2025-04-26 21:30:00,214.9333333333336
2025-04-26 22:00:00,142.5833333333334
2025-04-26 22:30:00,155.3
2025-04-26 23:00:00,215.8
2025-04-26 23:30:00,243.21666666666658
2025-04-27 00:00:00,252.2
2025-04-27 00:30:00,264.2
2025-04-27 01:00:00,266.1500000000002
2025-04-27 01:30:00,275.1833333333334
2025-04-27 02:00:00,281.0
2025-04-27 02:30:00,281.0166666666666
2025-04-27 03:00:00,277.1666666666668
2025-04-27 03:30:00,287.1333333333336
2025-04-27 04:00:00,293.05
2025-04-27 04:30:00,296.0499999999998
2025-04-27 05:00:00,292.9833333333334
2025-04-27 05:30:00,291.9666666666668
2025-04-27 06:00:00,287.1666666666668
2025-04-27 06:30:00,297.2
2025-04-27 07:00:00,306.0333333333332
2025-04-27 07:30:00,308.0166666666666
2025-04-27 08:00:00,293.2833333333334
2025-04-27 08:30:00,310.2833333333334
2025-04-27 09:00:00,327.1666666666668
2025-04-27 09:30:00,337.2
2025-04-27 10:00:00,349.1333333333334
2025-04-27 10:30:00,357.1000000000002
2025-04-27 11:00:00,12.71666666666666
2025-04-27 11:30:00,0.0
2025-04-27 12:00:00,0.0
2025-04-27 12:30:00,0.0
2025-04-27 13:00:00,0.0
2025-04-27 13:30:00,0.0
2025-04-27 14:00:00,0.0
2025-04-27 14:30:00,0.0
2025-04-27 15:00:00,0.0
2025-04-27 15:30:00,0.0
2025-04-27 16:00:00,0.0
2025-04-27 16:30:00,8.499999999999993
2025-04-27 17:00:00,208.6666666666666
2025-04-27 17:30:00,167.3
2025-04-27 18:00:00,125.6333333333334
2025-04-27 18:30:00,103.58333333333346
2025-04-27 19:00:00,78.76666666666674
2025-04-27 19:30:00,60.91666666666668
2025-04-27 20:00:00,68.16666666666669
2025-04-27 20:30:00,78.16666666666669
2025-04-27 21:00:00,88.08333333333326
2025-04-27 21:30:00,93.08333333333326
2025-04-27 22:00:00,97.9333333333334
2025-04-27 22:30:00,154.7666666666666
2025-04-27 23:00:00,206.5166666666668
2025-04-27 23:30:00,237.6500000000002
2025-04-28 00:00:00,267.3
2025-04-28 00:30:00,285.3000000000002
2025-04-28 01:00:00,374.7666666666668
2025-04-28 01:30:00,364.7499999999998
2025-04-28 02:00:00,377.7
2025-04-28 02:30:00,365.7166666666666
2025-04-28 03:00:00,351.7833333333334
2025-04-28 03:30:00,278.5
2025-04-28 04:00:00,203.0833333333334
2025-04-28 04:30:00,174.4999999999998
2025-04-28 05:00:00,126.6833333333332
2025-04-28 05:30:00,106.19999999999999
2025-04-28 06:00:00,0.0
2025-04-28 06:30:00,0.0
2025-04-28 07:00:00,0.0
2025-04-28 07:30:00,0.0
2025-04-28 08:00:00,0.0
2025-04-28 08:30:00,0.0
2025-04-28 09:00:00,0.0
2025-04-28 09:30:00,0.0
2025-04-28 10:00:00,0.0
2025-04-28 10:30:00,0.0
2025-04-28 11:00:00,0.0
2025-04-28 11:30:00,0.0
2025-04-28 12:00:00,0.0
2025-04-28 12:30:00,0.0
2025-04-28 13:00:00,0.0
2025-04-28 13:30:00,0.0
2025-04-28 14:00:00,0.0
2025-04-28 14:30:00,0.0
2025-04-28 15:00:00,0.0
2025-04-28 15:30:00,0.0
2025-04-28 16:00:00,0.0
2025-04-28 16:30:00,0.0
2025-04-28 17:00:00,0.0
2025-04-28 17:30:00,0.0
2025-04-28 18:00:00,0.0
2025-04-28 18:30:00,0.0
2025-04-28 19:00:00,0.0
2025-04-28 19:30:00,0.0
2025-04-28 20:00:00,0.0
2025-04-28 20:30:00,0.0
2025-04-28 21:00:00,0.0
2025-04-28 21:30:00,0.0
2025-04-28 22:00:00,0.0
2025-04-28 22:30:00,0.0
2025-04-28 23:00:00,0.0
2025-04-28 23:30:00,0.0
2025-04-29 00:00:00,0.0
2025-04-29 00:30:00,0.0
2025-04-29 01:00:00,0.0
2025-04-29 01:30:00,0.0
2025-04-29 02:00:00,0.0
2025-04-29 02:30:00,0.0
2025-04-29 03:00:00,0.0
2025-04-29 03:30:00,0.0
2025-04-29 04:00:00,0.0
2025-04-29 04:30:00,0.0
2025-04-29 05:00:00,0.0
2025-04-29 05:30:00,0.0
2025-04-29 06:00:00,0.0
2025-04-29 06:30:00,0.0
2025-04-29 07:00:00,0.0
2025-04-29 07:30:00,0.0
2025-04-29 08:00:00,0.0
2025-04-29 08:30:00,0.0
2025-04-29 09:00:00,0.0
2025-04-29 09:30:00,0.0
2025-04-29 10:00:00,0.0
2025-04-29 10:30:00,0.0
2025-04-29 11:00:00,0.0
2025-04-29 11:30:00,0.0
2025-04-29 12:00:00,0.0
2025-04-29 12:30:00,0.0
2025-04-29 13:00:00,0.0
2025-04-29 13:30:00,0.0
2025-04-29 14:00:00,0.0
2025-04-29 14:30:00,0.0
2025-04-29 15:00:00,0.0
2025-04-29 15:30:00,0.0
2025-04-29 16:00:00,0.0
2025-04-29 16:30:00,0.0
2025-04-29 17:00:00,0.0
2025-04-29 17:30:00,0.0
2025-04-29 18:00:00,0.0
2025-04-29 18:30:00,0.0
2025-04-29 19:00:00,0.0
2025-04-29 19:30:00,0.0
2025-04-29 20:00:00,0.0
2025-04-29 20:30:00,0.0
2025-04-29 21:00:00,0.0
2025-04-29 21:30:00,0.0
2025-04-29 22:00:00,0.0
2025-04-29 22:30:00,0.0
2025-04-29 23:00:00,0.0
2025-04-29 23:30:00,0.0
2025-04-30 00:00:00,0.0
2025-04-30 00:30:00,0.0
2025-04-30 01:00:00,0.0
2025-04-30 01:30:00,0.0
2025-04-30 02:00:00,0.0
2025-04-30 02:30:00,0.0
2025-04-30 03:00:00,0.0
2025-04-30 03:30:00,0.0
2025-04-30 04:00:00,0.0
2025-04-30 04:30:00,0.0
2025-04-30 05:00:00,0.0
2025-04-30 05:30:00,0.0
2025-04-30 06:00:00,0.0
2025-04-30 06:30:00,0.0
2025-04-30 07:00:00,0.0
2025-04-30 07:30:00,0.0
2025-04-30 08:00:00,0.0
2025-04-30 08:30:00,0.0
2025-04-30 09:00:00,0.0
2025-04-30 09:30:00,0.0
2025-04-30 10:00:00,0.0
2025-04-30 10:30:00,0.0
2025-04-30 11:00:00,0.0
2025-04-30 11:30:00,0.0
2025-04-30 12:00:00,0.0
2025-04-30 12:30:00,0.0
2025-04-30 13:00:00,0.0
2025-04-30 13:30:00,0.0
2025-04-30 14:00:00,0.0
2025-04-30 14:30:00,0.0
2025-04-30 15:00:00,0.0
2025-04-30 15:30:00,0.0
2025-04-30 16:00:00,0.0
2025-04-30 16:30:00,0.0
2025-04-30 17:00:00,0.0
2025-04-30 17:30:00,0.0
2025-04-30 18:00:00,0.0
2025-04-30 18:30:00,0.0
2025-04-30 19:00:00,0.0
2025-04-30 19:30:00,0.0
2025-04-30 20:00:00,0.0
2025-04-30 20:30:00,0.0
2025-04-30 21:00:00,0.0
2025-04-30 21:30:00,0.0
2025-04-30 22:00:00,0.0
2025-04-30 22:30:00,0.0
2025-04-30 23:00:00,0.0
2025-04-30 23:30:00,0.0
2025-05-01 00:00:00,0.0
2025-05-01 00:30:00,0.0
2025-05-01 01:00:00,0.0
2025-05-01 01:30:00,0.0
2025-05-01 02:00:00,0.0
2025-05-01 02:30:00,0.0
2025-05-01 03:00:00,0.0
2025-05-01 03:30:00,0.0
2025-05-01 04:00:00,0.0
2025-05-01 04:30:00,0.0
2025-05-01 05:00:00,0.0
2025-05-01 05:30:00,0.0
2025-05-01 06:00:00,0.0
2025-05-01 06:30:00,0.0
2025-05-01 07:00:00,0.0
2025-05-01 07:30:00,0.0
2025-05-01 08:00:00,0.0
2025-05-01 08:30:00,0.0
2025-05-01 09:00:00,0.0
2025-05-01 09:30:00,0.0
2025-05-01 10:00:00,0.0
2025-05-01 10:30:00,0.0
2025-05-01 11:00:00,0.0
2025-05-01 11:30:00,0.0
2025-05-01 12:00:00,0.0
2025-05-01 12:30:00,0.0
2025-05-01 13:00:00,0.0
2025-05-01 13:30:00,0.0
2025-05-01 14:00:00,0.0
2025-05-01 14:30:00,0.0
2025-05-01 15:00:00,0.0
2025-05-01 15:30:00,0.0
2025-05-01 16:00:00,0.0
2025-05-01 16:30:00,0.0
2025-05-01 17:00:00,0.0
2025-05-01 17:30:00,0.0
2025-05-01 18:00:00,0.0
2025-05-01 18:30:00,0.0
2025-05-01 19:00:00,0.0
2025-05-01 19:30:00,0.0
2025-05-01 20:00:00,0.0
2025-05-01 20:30:00,0.0
2025-05-01 21:00:00,0.0
2025-05-01 21:30:00,0.0
2025-05-01 22:00:00,0.0
2025-05-01 22:30:00,0.0
2025-05-01 23:00:00,0.0
2025-05-01 23:30:00,0.0
2025-05-02 00:00:00,0.0
2025-05-02 00:30:00,0.0
2025-05-02 01:00:00,0.0
2025-05-02 01:30:00,0.0
2025-05-02 02:00:00,0.0
2025-05-02 02:30:00,0.0
2025-05-02 03:00:00,0.0
2025-05-02 03:30:00,0.0
2025-05-02 04:00:00,0.0
2025-05-02 04:30:00,0.0
2025-05-02 05:00:00,0.0
2025-05-02 05:30:00,0.0
2025-05-02 06:00:00,0.0
2025-05-02 06:30:00,0.0
2025-05-02 07:00:00,0.0
2025-05-02 07:30:00,0.0
2025-05-02 08:00:00,0.0
2025-05-02 08:30:00,0.0
2025-05-02 09:00:00,0.0
2025-05-02 09:30:00,0.0
2025-05-02 10:00:00,0.0
2025-05-02 10:30:00,0.0
2025-05-02 11:00:00,0.0
2025-05-02 11:30:00,0.0
2025-05-02 12:00:00,0.0
2025-05-02 12:30:00,0.0
2025-05-02 13:00:00,0.0
2025-05-02 13:30:00,0.0
2025-05-02 14:00:00,0.0
2025-05-02 14:30:00,0.0
2025-05-02 15:00:00,0.0
2025-05-02 15:30:00,0.0
2025-05-02 16:00:00,0.0
2025-05-02 16:30:00,0.0
2025-05-02 17:00:00,0.0
2025-05-02 17:30:00,0.0
2025-05-02 18:00:00,0.0
2025-05-02 18:30:00,0.0
2025-05-02 19:00:00,0.0
2025-05-02 19:30:00,0.0
2025-05-02 20:00:00,0.0
2025-05-02 20:30:00,0.0
2025-05-02 21:00:00,0.0
2025-05-02 21:30:00,0.0
2025-05-02 22:00:00,0.0
2025-05-02 22:30:00,0.0
2025-05-02 23:00:00,0.0
2025-05-02 23:30:00,0.0
2025-05-03 00:00:00,0.0
2025-05-03 00:30:00,0.0
2025-05-03 01:00:00,0.0
2025-05-03 01:30:00,0.0
2025-05-03 02:00:00,0.0
2025-05-03 02:30:00,0.0
2025-05-03 03:00:00,0.0
2025-05-03 03:30:00,0.0
2025-05-03 04:00:00,0.0
2025-05-03 04:30:00,0.0
2025-05-03 05:00:00,0.0
2025-05-03 05:30:00,0.0
2025-05-03 06:00:00,0.0
2025-05-03 06:30:00,0.0
2025-05-03 07:00:00,0.0
2025-05-03 07:30:00,0.0
2025-05-03 08:00:00,0.0
2025-05-03 08:30:00,0.0
2025-05-03 09:00:00,0.0
2025-05-03 09:30:00,0.0
2025-05-03 10:00:00,0.0
2025-05-03 10:30:00,0.0
2025-05-03 11:00:00,0.0
2025-05-03 11:30:00,0.0
2025-05-03 12:00:00,0.0
2025-05-03 12:30:00,0.0
2025-05-03 13:00:00,0.0
2025-05-03 13:30:00,0.0
2025-05-03 14:00:00,0.0
2025-05-03 14:30:00,0.0
2025-05-03 15:00:00,0.0
2025-05-03 15:30:00,0.0
2025-05-03 16:00:00,0.0
2025-05-03 16:30:00,0.0
2025-05-03 17:00:00,0.0
2025-05-03 17:30:00,0.0
2025-05-03 18:00:00,0.0
2025-05-03 18:30:00,0.0
2025-05-03 19:00:00,0.0
2025-05-03 19:30:00,0.0
2025-05-03 20:00:00,0.0
2025-05-03 20:30:00,0.0
2025-05-03 21:00:00,0.0
2025-05-03 21:30:00,0.0
2025-05-03 22:00:00,0.0
2025-05-03 22:30:00,0.0
2025-05-03 23:00:00,0.0
2025-05-03 23:30:00,0.0
2025-05-04 00:00:00,0.0
2025-05-04 00:30:00,0.0
2025-05-04 01:00:00,0.0
2025-05-04 01:30:00,0.0
2025-05-04 02:00:00,0.0
2025-05-04 02:30:00,0.0
2025-05-04 03:00:00,0.0
2025-05-04 03:30:00,0.0
2025-05-04 04:00:00,0.0
2025-05-04 04:30:00,0.0
2025-05-04 05:00:00,0.0
2025-05-04 05:30:00,0.0
2025-05-04 06:00:00,0.0
2025-05-04 06:30:00,0.0
2025-05-04 07:00:00,0.0
2025-05-04 07:30:00,0.0
2025-05-04 08:00:00,0.0
2025-05-04 08:30:00,0.0
2025-05-04 09:00:00,0.0
2025-05-04 09:30:00,0.0
2025-05-04 10:00:00,0.0
2025-05-04 10:30:00,0.0
2025-05-04 11:00:00,0.0
2025-05-04 11:30:00,0.0
2025-05-04 12:00:00,0.0
2025-05-04 12:30:00,0.0
2025-05-04 13:00:00,0.0
2025-05-04 13:30:00,0.0
2025-05-04 14:00:00,0.0
2025-05-04 14:30:00,0.0
2025-05-04 15:00:00,0.0
2025-05-04 15:30:00,0.0
2025-05-04 16:00:00,0.0
2025-05-04 16:30:00,0.0
2025-05-04 17:00:00,0.0
2025-05-04 17:30:00,0.0
2025-05-04 18:00:00,0.0
2025-05-04 18:30:00,0.0
2025-05-04 19:00:00,0.0
2025-05-04 19:30:00,0.0
2025-05-04 20:00:00,0.0
2025-05-04 20:30:00,0.0
2025-05-04 21:00:00,0.0
2025-05-04 21:30:00,0.0
2025-05-04 22:00:00,0.0
2025-05-04 22:30:00,0.0
2025-05-04 23:00:00,0.0
2025-05-04 23:30:00,0.0
2025-05-05 00:00:00,0.0
2025-05-05 00:30:00,0.0
2025-05-05 01:00:00,0.0
2025-05-05 01:30:00,0.0
2025-05-05 02:00:00,0.0
2025-05-05 02:30:00,0.0
2025-05-05 03:00:00,0.0
2025-05-05 03:30:00,0.0
2025-05-05 04:00:00,0.0
2025-05-05 04:30:00,0.0
2025-05-05 05:00:00,0.0
2025-05-05 05:30:00,0.0
2025-05-05 06:00:00,0.0
2025-05-05 06:30:00,0.0
2025-05-05 07:00:00,0.0
2025-05-05 07:30:00,0.0
2025-05-05 08:00:00,0.0
2025-05-05 08:30:00,0.0
2025-05-05 09:00:00,0.0
2025-05-05 09:30:00,0.0
2025-05-05 10:00:00,0.0
2025-05-05 10:30:00,0.0
2025-05-05 11:00:00,0.0
2025-05-05 11:30:00,0.0
2025-05-05 12:00:00,0.0
2025-05-05 12:30:00,0.0
2025-05-05 13:00:00,0.0
2025-05-05 13:30:00,0.0
2025-05-05 14:00:00,0.0
2025-05-05 14:30:00,0.0
2025-05-05 15:00:00,0.0
2025-05-05 15:30:00,0.0
2025-05-05 16:00:00,0.0
2025-05-05 16:30:00,0.0
2025-05-05 17:00:00,0.0
2025-05-05 17:30:00,0.0
2025-05-05 18:00:00,0.0
2025-05-05 18:30:00,0.0
2025-05-05 19:00:00,0.0
2025-05-05 19:30:00,0.0
2025-05-05 20:00:00,0.0
2025-05-05 20:30:00,0.0
2025-05-05 21:00:00,0.0
2025-05-05 21:30:00,0.0
2025-05-05 22:00:00,0.0
2025-05-05 22:30:00,0.0
2025-05-05 23:00:00,0.0
2025-05-05 23:30:00,0.0
2025-05-06 00:00:00,0.0
2025-05-06 00:30:00,0.0
2025-05-06 01:00:00,0.0
2025-05-06 01:30:00,0.0
2025-05-06 02:00:00,0.0
2025-05-06 02:30:00,0.0
2025-05-06 03:00:00,0.0
2025-05-06 03:30:00,0.0
2025-05-06 04:00:00,0.0
2025-05-06 04:30:00,0.0
2025-05-06 05:00:00,0.0
2025-05-06 05:30:00,0.0
2025-05-06 06:00:00,0.0
2025-05-06 06:30:00,0.0
2025-05-06 07:00:00,0.0
2025-05-06 07:30:00,0.0
2025-05-06 08:00:00,0.0
2025-05-06 08:30:00,0.0
2025-05-06 09:00:00,0.0
2025-05-06 09:30:00,0.0
2025-05-06 10:00:00,0.0
2025-05-06 10:30:00,0.0
2025-05-06 11:00:00,0.0
2025-05-06 11:30:00,0.0
2025-05-06 12:00:00,0.0
2025-05-06 12:30:00,0.0
2025-05-06 13:00:00,0.0
2025-05-06 13:30:00,0.0
2025-05-06 14:00:00,0.0
2025-05-06 14:30:00,0.0
2025-05-06 15:00:00,0.0
2025-05-06 15:30:00,0.0
2025-05-06 16:00:00,0.0
2025-05-06 16:30:00,0.0
2025-05-06 17:00:00,0.0
2025-05-06 17:30:00,0.0
2025-05-06 18:00:00,0.0
2025-05-06 18:30:00,0.0
2025-05-06 19:00:00,0.0
2025-05-06 19:30:00,0.0
2025-05-06 20:00:00,0.0
2025-05-06 20:30:00,0.0
2025-05-06 21:00:00,0.0
2025-05-06 21:30:00,0.0
2025-05-06 22:00:00,0.0
2025-05-06 22:30:00,0.0
2025-05-06 23:00:00,0.0
2025-05-06 23:30:00,0.0
2025-05-07 00:00:00,0.0
2025-05-07 00:30:00,0.0
2025-05-07 01:00:00,0.0
2025-05-07 01:30:00,0.0
2025-05-07 02:00:00,0.0
2025-05-07 02:30:00,0.0
2025-05-07 03:00:00,0.0
2025-05-07 03:30:00,0.0
2025-05-07 04:00:00,0.0
2025-05-07 04:30:00,0.0
2025-05-07 05:00:00,0.0
2025-05-07 05:30:00,0.0
2025-05-07 06:00:00,0.0
2025-05-07 06:30:00,0.0
2025-05-07 07:00:00,0.0
2025-05-07 07:30:00,0.0
2025-05-07 08:00:00,0.0
2025-05-07 08:30:00,0.0
2025-05-07 09:00:00,0.0
2025-05-07 09:30:00,0.0
2025-05-07 10:00:00,0.0
2025-05-07 10:30:00,0.0
2025-05-07 11:00:00,0.0
2025-05-07 11:30:00,0.0
2025-05-07 12:00:00,0.0
2025-05-07 12:30:00,0.0
2025-05-07 13:00:00,0.0
2025-05-07 13:30:00,0.0
2025-05-07 14:00:00,0.0
2025-05-07 14:30:00,0.0
2025-05-07 15:00:00,0.0
2025-05-07 15:30:00,0.0
2025-05-07 16:00:00,0.0
2025-05-07 16:30:00,0.0
2025-05-07 17:00:00,0.0
2025-05-07 17:30:00,0.0
2025-05-07 18:00:00,0.0
2025-05-07 18:30:00,0.0
2025-05-07 19:00:00,0.0
2025-05-07 19:30:00,0.0
2025-05-07 20:00:00,0.0
2025-05-07 20:30:00,0.0
2025-05-07 21:00:00,0.0
2025-05-07 21:30:00,0.0
2025-05-07 22:00:00,0.0
2025-05-07 22:30:00,0.0
2025-05-07 23:00:00,0.0
2025-05-07 23:30:00,0.0
2025-05-08 00:00:00,0.0
2025-05-08 00:30:00,0.0
2025-05-08 01:00:00,0.0
2025-05-08 01:30:00,0.0
2025-05-08 02:00:00,0.0
2025-05-08 02:30:00,0.0
2025-05-08 03:00:00,0.0
2025-05-08 03:30:00,0.0
2025-05-08 04:00:00,0.0
2025-05-08 04:30:00,0.0
2025-05-08 05:00:00,0.0
2025-05-08 05:30:00,0.0
2025-05-08 06:00:00,0.0
2025-05-08 06:30:00,0.0
2025-05-08 07:00:00,0.0
2025-05-08 07:30:00,0.0
2025-05-08 08:00:00,0.0
2025-05-08 08:30:00,0.0
2025-05-08 09:00:00,0.0
2025-05-08 09:30:00,0.0
2025-05-08 10:00:00,0.0
2025-05-08 10:30:00,0.0
2025-05-08 11:00:00,0.0
2025-05-08 11:30:00,0.0
2025-05-08 12:00:00,0.0
2025-05-08 12:30:00,0.0
2025-05-08 13:00:00,0.0
2025-05-08 13:30:00,0.0
2025-05-08 14:00:00,0.0
2025-05-08 14:30:00,0.0
2025-05-08 15:00:00,0.0
2025-05-08 15:30:00,0.0
2025-05-08 16:00:00,0.0
2025-05-08 16:30:00,0.0
2025-05-08 17:00:00,0.0
2025-05-08 17:30:00,0.0
2025-05-08 18:00:00,0.0
2025-05-08 18:30:00,0.0
2025-05-08 19:00:00,0.0
2025-05-08 19:30:00,0.0
2025-05-08 20:00:00,0.0
2025-05-08 20:30:00,0.0
2025-05-08 21:00:00,0.0
2025-05-08 21:30:00,0.0
2025-05-08 22:00:00,0.0
2025-05-08 22:30:00,0.0
2025-05-08 23:00:00,0.0
2025-05-08 23:30:00,0.0
2025-05-09 00:00:00,0.0
2025-05-09 00:30:00,0.0
2025-05-09 01:00:00,0.0
2025-05-09 01:30:00,0.0
2025-05-09 02:00:00,0.0
2025-05-09 02:30:00,0.0
2025-05-09 03:00:00,0.0
2025-05-09 03:30:00,0.0
2025-05-09 04:00:00,0.0
2025-05-09 04:30:00,0.0
2025-05-09 05:00:00,0.0
2025-05-09 05:30:00,0.0
2025-05-09 06:00:00,0.0
2025-05-09 06:30:00,0.0
2025-05-09 07:00:00,0.0
2025-05-09 07:30:00,0.0
2025-05-09 08:00:00,0.0
2025-05-09 08:30:00,0.0
2025-05-09 09:00:00,0.0
2025-05-09 09:30:00,0.0
2025-05-09 10:00:00,0.0
2025-05-09 10:30:00,0.0
2025-05-09 11:00:00,0.0
2025-05-09 11:30:00,0.0
2025-05-09 12:00:00,0.0
2025-05-09 12:30:00,0.0
2025-05-09 13:00:00,0.0
2025-05-09 13:30:00,0.0
2025-05-09 14:00:00,0.0
2025-05-09 14:30:00,0.0
2025-05-09 15:00:00,0.0
2025-05-09 15:30:00,0.0
2025-05-09 16:00:00,0.0
2025-05-09 16:30:00,0.0
2025-05-09 17:00:00,0.0
2025-05-09 17:30:00,0.0
2025-05-09 18:00:00,0.0
2025-05-09 18:30:00,0.0
2025-05-09 19:00:00,0.0
2025-05-09 19:30:00,0.0
2025-05-09 20:00:00,0.0
2025-05-09 20:30:00,0.0
2025-05-09 21:00:00,0.0
2025-05-09 21:30:00,0.0
2025-05-09 22:00:00,0.0
2025-05-09 22:30:00,0.0
2025-05-09 23:00:00,0.0
2025-05-09 23:30:00,0.0
2025-05-10 00:00:00,0.0
2025-05-10 00:30:00,0.0
2025-05-10 01:00:00,0.0
2025-05-10 01:30:00,0.0
2025-05-10 02:00:00,0.0
2025-05-10 02:30:00,0.0
2025-05-10 03:00:00,0.0
2025-05-10 03:30:00,0.0
2025-05-10 04:00:00,0.0
2025-05-10 04:30:00,0.0
2025-05-10 05:00:00,0.0
2025-05-10 05:30:00,0.0
2025-05-10 06:00:00,0.0
2025-05-10 06:30:00,0.0
2025-05-10 07:00:00,0.0
2025-05-10 07:30:00,0.0
2025-05-10 08:00:00,0.0
2025-05-10 08:30:00,0.0
2025-05-10 09:00:00,0.0
2025-05-10 09:30:00,0.0
2025-05-10 10:00:00,0.0
2025-05-10 10:30:00,0.0
2025-05-10 11:00:00,0.0
2025-05-10 11:30:00,0.0
2025-05-10 12:00:00,0.0
2025-05-10 12:30:00,0.0
2025-05-10 13:00:00,0.0
2025-05-10 13:30:00,0.0
2025-05-10 14:00:00,0.0
2025-05-10 14:30:00,0.0
2025-05-10 15:00:00,0.0
2025-05-10 15:30:00,0.0
2025-05-10 16:00:00,0.0
2025-05-10 16:30:00,0.0
2025-05-10 17:00:00,0.0
2025-05-10 17:30:00,0.0
2025-05-10 18:00:00,0.0
2025-05-10 18:30:00,91.76666666666645
2025-05-10 19:00:00,63.216666666666804
2025-05-10 19:30:00,2.35
2025-05-10 20:00:00,0.0
2025-05-10 20:30:00,0.0
2025-05-10 21:00:00,0.0
2025-05-10 21:30:00,0.0
2025-05-10 22:00:00,0.0
2025-05-10 22:30:00,0.0
2025-05-10 23:00:00,0.0
2025-05-10 23:30:00,0.0
2025-05-11 00:00:00,0.0
2025-05-11 00:30:00,0.0
2025-05-11 01:00:00,0.0
2025-05-11 01:30:00,0.0
2025-05-11 02:00:00,0.0
2025-05-11 02:30:00,0.0
2025-05-11 03:00:00,0.0
2025-05-11 03:30:00,0.0
2025-05-11 04:00:00,12.783333333333339
2025-05-11 04:30:00,61.366666666666724
2025-05-11 05:00:00,89.31666666666666
2025-05-11 05:30:00,108.3166666666668
2025-05-11 06:00:00,126.1500000000002
2025-05-11 06:30:00,135.1833333333334
2025-05-11 07:00:00,143.0833333333332
2025-05-11 07:30:00,70.36666666666666
2025-05-11 08:00:00,0.0
2025-05-11 08:30:00,0.0
2025-05-11 09:00:00,0.0
2025-05-11 09:30:00,0.0
2025-05-11 10:00:00,0.0
2025-05-11 10:30:00,0.0
2025-05-11 11:00:00,0.0
2025-05-11 11:30:00,0.0
2025-05-11 12:00:00,0.0
2025-05-11 12:30:00,0.0
2025-05-11 13:00:00,0.0
2025-05-11 13:30:00,0.0
2025-05-11 14:00:00,0.0
2025-05-11 14:30:00,0.0
2025-05-11 15:00:00,0.0
2025-05-11 15:30:00,0.0
2025-05-11 16:00:00,59.9
2025-05-11 16:30:00,36.25
2025-05-11 17:00:00,0.7
2025-05-11 17:30:00,0.0
2025-05-11 18:00:00,0.0
2025-05-11 18:30:00,0.0
2025-05-11 19:00:00,0.0
2025-05-11 19:30:00,0.0
2025-05-11 20:00:00,0.0
2025-05-11 20:30:00,0.0
2025-05-11 21:00:00,0.0
2025-05-11 21:30:00,0.0
2025-05-11 22:00:00,0.0
2025-05-11 22:30:00,0.0
2025-05-11 23:00:00,0.0
2025-05-11 23:30:00,0.0
2025-05-12 00:00:00,0.0
2025-05-12 00:30:00,0.0
2025-05-12 01:00:00,0.0
2025-05-12 01:30:00,0.0
2025-05-12 02:00:00,0.0
2025-05-12 02:30:00,0.0
2025-05-12 03:00:00,0.0
2025-05-12 03:30:00,0.0
2025-05-12 04:00:00,0.0
2025-05-12 04:30:00,0.0
2025-05-12 05:00:00,0.0
2025-05-12 05:30:00,0.0
2025-05-12 06:00:00,0.0
2025-05-12 06:30:00,0.0
2025-05-12 07:00:00,0.0
2025-05-12 07:30:00,0.0
2025-05-12 08:00:00,0.0
2025-05-12 08:30:00,0.0
2025-05-12 09:00:00,0.0
2025-05-12 09:30:00,0.0
2025-05-12 10:00:00,0.0
2025-05-12 10:30:00,0.0
2025-05-12 11:00:00,0.0
2025-05-12 11:30:00,0.0
2025-05-12 12:00:00,0.0
2025-05-12 12:30:00,0.0
2025-05-12 13:00:00,0.0
2025-05-12 13:30:00,0.0
2025-05-12 14:00:00,0.0
2025-05-12 14:30:00,0.0
2025-05-12 15:00:00,0.0
2025-05-12 15:30:00,0.0
2025-05-12 16:00:00,0.0
2025-05-12 16:30:00,0.0
2025-05-12 17:00:00,0.0
2025-05-12 17:30:00,0.0
2025-05-12 18:00:00,0.0
2025-05-12 18:30:00,0.0
2025-05-12 19:00:00,0.0
2025-05-12 19:30:00,0.0
2025-05-12 20:00:00,0.0
2025-05-12 20:30:00,0.0
2025-05-12 21:00:00,0.0
2025-05-12 21:30:00,0.0
2025-05-12 22:00:00,0.0
2025-05-12 22:30:00,0.0
2025-05-12 23:00:00,0.0
2025-05-12 23:30:00,0.0
2025-05-13 00:00:00,0.0
2025-05-13 00:30:00,0.0
2025-05-13 01:00:00,0.0
2025-05-13 01:30:00,0.0
2025-05-13 02:00:00,0.0
2025-05-13 02:30:00,0.0
2025-05-13 03:00:00,0.0
2025-05-13 03:30:00,0.0
2025-05-13 04:00:00,0.0
2025-05-13 04:30:00,0.0
2025-05-13 05:00:00,0.0
2025-05-13 05:30:00,0.0
2025-05-13 06:00:00,0.0
2025-05-13 06:30:00,0.0
2025-05-13 07:00:00,0.0
2025-05-13 07:30:00,0.0
2025-05-13 08:00:00,0.0
2025-05-13 08:30:00,0.0
2025-05-13 09:00:00,0.0
2025-05-13 09:30:00,0.0
2025-05-13 10:00:00,0.0
2025-05-13 10:30:00,0.0
2025-05-13 11:00:00,0.0
2025-05-13 11:30:00,0.0
2025-05-13 12:00:00,0.0
2025-05-13 12:30:00,0.0
2025-05-13 13:00:00,0.0
2025-05-13 13:30:00,0.0
2025-05-13 14:00:00,0.0
2025-05-13 14:30:00,0.0
2025-05-13 15:00:00,0.0
2025-05-13 15:30:00,0.0
2025-05-13 16:00:00,0.0
2025-05-13 16:30:00,0.0
2025-05-13 17:00:00,0.0
2025-05-13 17:30:00,0.0
2025-05-13 18:00:00,0.0
2025-05-13 18:30:00,0.0
2025-05-13 19:00:00,0.0
2025-05-13 19:30:00,0.0
2025-05-13 20:00:00,0.0
2025-05-13 20:30:00,0.0
2025-05-13 21:00:00,0.0
2025-05-13 21:30:00,0.0
2025-05-13 22:00:00,0.0
2025-05-13 22:30:00,0.0
2025-05-13 23:00:00,0.0
2025-05-13 23:30:00,0.0
2025-05-14 00:00:00,0.0
2025-05-14 00:30:00,0.0
2025-05-14 01:00:00,0.0
2025-05-14 01:30:00,0.0
2025-05-14 02:00:00,0.0
2025-05-14 02:30:00,0.0
2025-05-14 03:00:00,0.0
2025-05-14 03:30:00,0.0
2025-05-14 04:00:00,0.0
2025-05-14 04:30:00,0.0
2025-05-14 05:00:00,0.0
2025-05-14 05:30:00,0.0
2025-05-14 06:00:00,0.0
2025-05-14 06:30:00,0.0
2025-05-14 07:00:00,0.0
2025-05-14 07:30:00,0.0
2025-05-14 08:00:00,0.0
2025-05-14 08:30:00,0.0
2025-05-14 09:00:00,0.0
2025-05-14 09:30:00,0.0
2025-05-14 10:00:00,0.0
2025-05-14 10:30:00,0.0
2025-05-14 11:00:00,0.0
2025-05-14 11:30:00,0.0
2025-05-14 12:00:00,0.0
2025-05-14 12:30:00,0.0
2025-05-14 13:00:00,0.0
2025-05-14 13:30:00,0.0
2025-05-14 14:00:00,0.0
2025-05-14 14:30:00,0.0
2025-05-14 15:00:00,0.0
2025-05-14 15:30:00,0.0
2025-05-14 16:00:00,0.0
2025-05-14 16:30:00,0.0
2025-05-14 17:00:00,0.0
2025-05-14 17:30:00,0.0
2025-05-14 18:00:00,0.0
2025-05-14 18:30:00,0.0
2025-05-14 19:00:00,0.0
2025-05-14 19:30:00,0.0
2025-05-14 20:00:00,0.0
2025-05-14 20:30:00,0.0
2025-05-14 21:00:00,0.0
2025-05-14 21:30:00,0.0
2025-05-14 22:00:00,0.0
2025-05-14 22:30:00,0.0
2025-05-14 23:00:00,0.0
2025-05-14 23:30:00,0.0
2025-05-15 00:00:00,0.0
2025-05-15 00:30:00,0.0
2025-05-15 01:00:00,0.0
2025-05-15 01:30:00,0.0
2025-05-15 02:00:00,0.0
2025-05-15 02:30:00,0.0
2025-05-15 03:00:00,0.0
2025-05-15 03:30:00,0.0
2025-05-15 04:00:00,0.0
2025-05-15 04:30:00,0.0
2025-05-15 05:00:00,0.0
2025-05-15 05:30:00,0.0
2025-05-15 06:00:00,0.0
2025-05-15 06:30:00,0.0
2025-05-15 07:00:00,0.0
2025-05-15 07:30:00,0.0
2025-05-15 08:00:00,0.0
2025-05-15 08:30:00,0.0
2025-05-15 09:00:00,0.0
2025-05-15 09:30:00,0.0
2025-05-15 10:00:00,0.0
2025-05-15 10:30:00,0.0
2025-05-15 11:00:00,0.0
2025-05-15 11:30:00,0.0
2025-05-15 12:00:00,0.0
2025-05-15 12:30:00,0.0
2025-05-15 13:00:00,0.0
2025-05-15 13:30:00,0.0
2025-05-15 14:00:00,0.0
2025-05-15 14:30:00,0.0
2025-05-15 15:00:00,0.0
2025-05-15 15:30:00,0.0
2025-05-15 16:00:00,0.0
2025-05-15 16:30:00,0.0
2025-05-15 17:00:00,0.0
2025-05-15 17:30:00,0.0
2025-05-15 18:00:00,0.0
2025-05-15 18:30:00,0.0
2025-05-15 19:00:00,0.0
2025-05-15 19:30:00,0.0
2025-05-15 20:00:00,0.0
2025-05-15 20:30:00,0.0
2025-05-15 21:00:00,0.0
2025-05-15 21:30:00,0.0
2025-05-15 22:00:00,0.0
2025-05-15 22:30:00,0.0
2025-05-15 23:00:00,0.0
2025-05-15 23:30:00,0.0
2025-05-16 00:00:00,0.0
2025-05-16 00:30:00,0.0
2025-05-16 01:00:00,0.0
2025-05-16 01:30:00,0.0
2025-05-16 02:00:00,0.0
2025-05-16 02:30:00,0.0
2025-05-16 03:00:00,0.0
2025-05-16 03:30:00,0.0
2025-05-16 04:00:00,0.0
2025-05-16 04:30:00,0.0
2025-05-16 05:00:00,0.0
2025-05-16 05:30:00,0.0
2025-05-16 06:00:00,0.0
2025-05-16 06:30:00,0.0
2025-05-16 07:00:00,0.0
2025-05-16 07:30:00,0.0
2025-05-16 08:00:00,0.0
2025-05-16 08:30:00,0.0
2025-05-16 09:00:00,0.0
2025-05-16 09:30:00,0.0
2025-05-16 10:00:00,0.0
2025-05-16 10:30:00,0.0
2025-05-16 11:00:00,0.0
2025-05-16 11:30:00,0.0
2025-05-16 12:00:00,0.0
2025-05-16 12:30:00,0.0
2025-05-16 13:00:00,0.0
2025-05-16 13:30:00,0.0
2025-05-16 14:00:00,0.0
2025-05-16 14:30:00,0.0
2025-05-16 15:00:00,0.0
2025-05-16 15:30:00,0.0
2025-05-16 16:00:00,0.0
2025-05-16 16:30:00,0.0
2025-05-16 17:00:00,0.0
2025-05-16 17:30:00,0.0
2025-05-16 18:00:00,0.0
2025-05-16 18:30:00,0.0
2025-05-16 19:00:00,0.0
2025-05-16 19:30:00,0.0
2025-05-16 20:00:00,0.0
2025-05-16 20:30:00,37.86666666666668
2025-05-16 21:00:00,86.89999999999986
2025-05-16 21:30:00,80.93333333333334
2025-05-16 22:00:00,69.1833333333332
2025-05-16 22:30:00,17.46666666666666
2025-05-16 23:00:00,0.0
2025-05-16 23:30:00,0.0
2025-05-17 00:00:00,0.0
2025-05-17 00:30:00,0.0
2025-05-17 01:00:00,0.0
2025-05-17 01:30:00,0.0
2025-05-17 02:00:00,0.0
2025-05-17 02:30:00,0.0
2025-05-17 03:00:00,0.0
2025-05-17 03:30:00,0.0
2025-05-17 04:00:00,0.0
2025-05-17 04:30:00,0.0
2025-05-17 05:00:00,0.0
2025-05-17 05:30:00,0.0
2025-05-17 06:00:00,0.0
2025-05-17 06:30:00,0.0
2025-05-17 07:00:00,0.0
2025-05-17 07:30:00,0.0
2025-05-17 08:00:00,0.0
2025-05-17 08:30:00,0.0
2025-05-17 09:00:00,0.0
2025-05-17 09:30:00,0.0
2025-05-17 10:00:00,0.0
2025-05-17 10:30:00,0.0
2025-05-17 11:00:00,0.0
2025-05-17 11:30:00,0.0
2025-05-17 12:00:00,0.0
2025-05-17 12:30:00,0.0
2025-05-17 13:00:00,0.0
2025-05-17 13:30:00,0.0
2025-05-17 14:00:00,0.0
2025-05-17 14:30:00,0.0
2025-05-17 15:00:00,0.0
2025-05-17 15:30:00,0.0
2025-05-17 16:00:00,0.0
2025-05-17 16:30:00,0.0
2025-05-17 17:00:00,0.0
2025-05-17 17:30:00,0.0
2025-05-17 18:00:00,0.0
2025-05-17 18:30:00,0.0
2025-05-17 19:00:00,0.0
2025-05-17 19:30:00,0.0
2025-05-17 20:00:00,0.0
2025-05-17 20:30:00,0.0
2025-05-17 21:00:00,0.0
2025-05-17 21:30:00,0.0
2025-05-17 22:00:00,0.0
2025-05-17 22:30:00,0.0
2025-05-17 23:00:00,0.0
2025-05-17 23:30:00,0.0
2025-05-18 00:00:00,0.0
2025-05-18 00:30:00,0.0
2025-05-18 01:00:00,7.6
2025-05-18 01:30:00,103.8333333333334
2025-05-18 02:00:00,154.85000000000002
2025-05-18 02:30:00,169.0666666666664
2025-05-18 03:00:00,172.1500000000002
2025-05-18 03:30:00,181.1666666666668
2025-05-18 04:00:00,189.23333333333318
2025-05-18 04:30:00,203.23333333333318
2025-05-18 05:00:00,213.2
2025-05-18 05:30:00,225.6166666666666
2025-05-18 06:00:00,284.9166666666668
2025-05-18 06:30:00,304.24999999999983
2025-05-18 07:00:00,321.0833333333332
2025-05-18 07:30:00,326.0833333333332
2025-05-18 08:00:00,351.0666666666664
2025-05-18 08:30:00,355.1
2025-05-18 09:00:00,341.3666666666668
2025-05-18 09:30:00,348.1833333333334
2025-05-18 10:00:00,360.9333333333334
2025-05-18 10:30:00,356.9333333333336
2025-05-18 11:00:00,367.8333333333332
2025-05-18 11:30:00,378.9666666666668
2025-05-18 12:00:00,376.9833333333334
2025-05-18 12:30:00,376.0
2025-05-18 13:00:00,378.0499999999998
2025-05-18 13:30:00,381.0666666666666
2025-05-18 14:00:00,382.0333333333332
2025-05-18 14:30:00,328.875
2025-05-18 15:00:00,276.3416666666668
2025-05-18 15:30:00,272.9833333333334
2025-05-18 16:00:00,271.8666666666666
2025-05-18 16:30:00,263.8833333333332
2025-05-18 17:00:00,253.81666666666678
2025-05-18 17:30:00,242.81666666666678
2025-05-18 18:00:00,195.6999999999998
2025-05-18 18:30:00,208.15
2025-05-18 19:00:00,235.3333333333332
2025-05-18 19:30:00,239.8333333333332
2025-05-18 20:00:00,243.7500000000002
2025-05-18 20:30:00,228.7166666666668
2025-05-18 21:00:00,207.70000000000022
2025-05-18 21:30:00,189.61666666666662
2025-05-18 22:00:00,168.9166666666668
2025-05-18 22:30:00,51.533333333333395
2025-05-18 23:00:00,0.0
2025-05-18 23:30:00,0.0
2025-05-19 00:00:00,0.0
2025-05-19 00:30:00,0.0
2025-05-19 01:00:00,0.0
2025-05-19 01:30:00,0.0
2025-05-19 02:00:00,0.0
2025-05-19 02:30:00,0.0
2025-05-19 03:00:00,0.0
2025-05-19 03:30:00,0.0
2025-05-19 04:00:00,0.0
2025-05-19 04:30:00,0.0
2025-05-19 05:00:00,0.0
2025-05-19 05:30:00,0.0
2025-05-19 06:00:00,0.0
2025-05-19 06:30:00,0.0
2025-05-19 07:00:00,0.0
2025-05-19 07:30:00,0.0
2025-05-19 08:00:00,0.0
2025-05-19 08:30:00,0.0
2025-05-19 09:00:00,0.0
2025-05-19 09:30:00,0.0
2025-05-19 10:00:00,0.0
2025-05-19 10:30:00,0.0
2025-05-19 11:00:00,0.0
2025-05-19 11:30:00,0.0
2025-05-19 12:00:00,0.0
2025-05-19 12:30:00,0.0
2025-05-19 13:00:00,0.0
2025-05-19 13:30:00,0.0
2025-05-19 14:00:00,0.0
2025-05-19 14:30:00,0.0
2025-05-19 15:00:00,0.0
2025-05-19 15:30:00,0.0
2025-05-19 16:00:00,0.0
2025-05-19 16:30:00,0.0
2025-05-19 17:00:00,0.0
2025-05-19 17:30:00,0.0
2025-05-19 18:00:00,0.0
2025-05-19 18:30:00,0.0
2025-05-19 19:00:00,0.0
2025-05-19 19:30:00,0.0
2025-05-19 20:00:00,0.0
2025-05-19 20:30:00,0.0
2025-05-19 21:00:00,0.0
2025-05-19 21:30:00,0.0
2025-05-19 22:00:00,0.0
2025-05-19 22:30:00,0.0
2025-05-19 23:00:00,0.0
2025-05-19 23:30:00,0.0
2025-05-20 00:00:00,0.0
2025-05-20 00:30:00,0.0
2025-05-20 01:00:00,0.0
2025-05-20 01:30:00,0.0
2025-05-20 02:00:00,0.0
2025-05-20 02:30:00,0.0
2025-05-20 03:00:00,0.0
2025-05-20 03:30:00,0.0
2025-05-20 04:00:00,0.0
2025-05-20 04:30:00,0.0
2025-05-20 05:00:00,0.0
2025-05-20 05:30:00,0.0
2025-05-20 06:00:00,0.0
2025-05-20 06:30:00,0.0
2025-05-20 07:00:00,0.0
2025-05-20 07:30:00,0.0
2025-05-20 08:00:00,0.0
2025-05-20 08:30:00,0.0
2025-05-20 09:00:00,0.0
2025-05-20 09:30:00,0.0
2025-05-20 10:00:00,0.0
2025-05-20 10:30:00,0.0
2025-05-20 11:00:00,0.0
2025-05-20 11:30:00,0.0
2025-05-20 12:00:00,0.0
2025-05-20 12:30:00,0.0
2025-05-20 13:00:00,0.0
2025-05-20 13:30:00,0.0
2025-05-20 14:00:00,0.0
2025-05-20 14:30:00,0.0
2025-05-20 15:00:00,0.0
2025-05-20 15:30:00,0.0
2025-05-20 16:00:00,0.0
2025-05-20 16:30:00,0.0
2025-05-20 17:00:00,0.0
2025-05-20 17:30:00,0.0
2025-05-20 18:00:00,0.0
2025-05-20 18:30:00,0.0
2025-05-20 19:00:00,0.0
2025-05-20 19:30:00,0.0
2025-05-20 20:00:00,0.0
2025-05-20 20:30:00,0.0
2025-05-20 21:00:00,0.0
2025-05-20 21:30:00,0.0
2025-05-20 22:00:00,0.0
2025-05-20 22:30:00,0.0
2025-05-20 23:00:00,0.0
2025-05-20 23:30:00,0.0
2025-05-21 00:00:00,0.0
2025-05-21 00:30:00,0.0
2025-05-21 01:00:00,0.0
2025-05-21 01:30:00,0.0
2025-05-21 02:00:00,0.0
2025-05-21 02:30:00,0.0
2025-05-21 03:00:00,0.0
2025-05-21 03:30:00,0.0
2025-05-21 04:00:00,0.0
2025-05-21 04:30:00,0.0
2025-05-21 05:00:00,0.0
2025-05-21 05:30:00,0.0
2025-05-21 06:00:00,0.0
2025-05-21 06:30:00,0.0
2025-05-21 07:00:00,0.0
2025-05-21 07:30:00,0.0
2025-05-21 08:00:00,0.0
2025-05-21 08:30:00,0.0
2025-05-21 09:00:00,0.0
2025-05-21 09:30:00,0.0
2025-05-21 10:00:00,0.0
2025-05-21 10:30:00,0.0
2025-05-21 11:00:00,0.0
2025-05-21 11:30:00,0.0
2025-05-21 12:00:00,0.0
2025-05-21 12:30:00,0.0
2025-05-21 13:00:00,0.0
2025-05-21 13:30:00,0.0
2025-05-21 14:00:00,0.0
2025-05-21 14:30:00,0.0
2025-05-21 15:00:00,0.0
2025-05-21 15:30:00,0.0
2025-05-21 16:00:00,0.0
2025-05-21 16:30:00,0.0
2025-05-21 17:00:00,0.0
2025-05-21 17:30:00,0.0
2025-05-21 18:00:00,0.0
2025-05-21 18:30:00,0.0
2025-05-21 19:00:00,191.11666666666662
2025-05-21 19:30:00,2.73333333333334
2025-05-21 20:00:00,0.0
2025-05-21 20:30:00,0.0
2025-05-21 21:00:00,0.0
2025-05-21 21:30:00,0.0
2025-05-21 22:00:00,0.0
2025-05-21 22:30:00,0.0
2025-05-21 23:00:00,168.6
2025-05-21 23:30:00,307.9333333333334
2025-05-22 00:00:00,226.14999999999998
2025-05-22 00:30:00,76.2666666666666
2025-05-22 01:00:00,0.0
2025-05-22 01:30:00,0.0
2025-05-22 02:00:00,0.0
2025-05-22 02:30:00,0.0
2025-05-22 03:00:00,0.0
2025-05-22 03:30:00,0.0
2025-05-22 04:00:00,0.0
2025-05-22 04:30:00,72.46666666666661
2025-05-22 05:00:00,130.0833333333334
2025-05-22 05:30:00,135.1
2025-05-22 06:00:00,81.9
2025-05-22 06:30:00,0.0
2025-05-22 07:00:00,0.0
2025-05-22 07:30:00,0.0
2025-05-22 08:00:00,0.0
2025-05-22 08:30:00,0.0
2025-05-22 09:00:00,0.0
2025-05-22 09:30:00,0.0
2025-05-22 10:00:00,0.0
2025-05-22 10:30:00,0.0
2025-05-22 11:00:00,0.0
2025-05-22 11:30:00,0.0
2025-05-22 12:00:00,0.0
2025-05-22 12:30:00,0.0
2025-05-22 13:00:00,0.0
2025-05-22 13:30:00,0.0
2025-05-22 14:00:00,0.0
2025-05-22 14:30:00,0.0
2025-05-22 15:00:00,0.0
2025-05-22 15:30:00,0.0
2025-05-22 16:00:00,0.0
2025-05-22 16:30:00,0.0
2025-05-22 17:00:00,0.0
2025-05-22 17:30:00,0.0
2025-05-22 18:00:00,0.0
2025-05-22 18:30:00,0.0
2025-05-22 19:00:00,0.0
2025-05-22 19:30:00,103.2499999999998
2025-05-22 20:00:00,159.8
2025-05-22 20:30:00,54.26666666666666
2025-05-22 21:00:00,0.0
2025-05-22 21:30:00,0.0
2025-05-22 22:00:00,0.0
2025-05-22 22:30:00,0.0
2025-05-22 23:00:00,0.0
2025-05-22 23:30:00,0.0
2025-05-23 00:00:00,0.0
2025-05-23 00:30:00,0.0
2025-05-23 01:00:00,0.0
2025-05-23 01:30:00,0.0
2025-05-23 02:00:00,0.0
2025-05-23 02:30:00,0.0
2025-05-23 03:00:00,0.0
2025-05-23 03:30:00,0.0
2025-05-23 04:00:00,0.0
2025-05-23 04:30:00,0.0
2025-05-23 05:00:00,0.0
2025-05-23 05:30:00,0.0
2025-05-23 06:00:00,0.0
2025-05-23 06:30:00,0.0
2025-05-23 07:00:00,0.0
2025-05-23 07:30:00,0.0
2025-05-23 08:00:00,0.0
2025-05-23 08:30:00,0.0
2025-05-23 09:00:00,0.0
2025-05-23 09:30:00,0.0
2025-05-23 10:00:00,0.0
2025-05-23 10:30:00,0.0
2025-05-23 11:00:00,0.0
2025-05-23 11:30:00,0.0
2025-05-23 12:00:00,0.0
2025-05-23 12:30:00,0.0
2025-05-23 13:00:00,0.0
2025-05-23 13:30:00,0.0
2025-05-23 14:00:00,0.0
2025-05-23 14:30:00,0.0
2025-05-23 15:00:00,0.0
2025-05-23 15:30:00,0.0
2025-05-23 16:00:00,0.0
2025-05-23 16:30:00,0.0
2025-05-23 17:00:00,0.0
2025-05-23 17:30:00,0.0
2025-05-23 18:00:00,0.0
2025-05-23 18:30:00,0.0
2025-05-23 19:00:00,0.0
2025-05-23 19:30:00,0.0
2025-05-23 20:00:00,0.0
2025-05-23 20:30:00,0.0
2025-05-23 21:00:00,0.0
2025-05-23 21:30:00,0.0
2025-05-23 22:00:00,0.0
2025-05-23 22:30:00,0.0
2025-05-23 23:00:00,0.0
2025-05-23 23:30:00,0.0
2025-05-24 00:00:00,0.0
2025-05-24 00:30:00,0.0
2025-05-24 01:00:00,0.0
2025-05-24 01:30:00,0.0
2025-05-24 02:00:00,0.0
2025-05-24 02:30:00,0.0
2025-05-24 03:00:00,0.0
2025-05-24 03:30:00,0.0
2025-05-24 04:00:00,0.0
2025-05-24 04:30:00,1.8333333333333321
2025-05-24 05:00:00,36.38333333333334
2025-05-24 05:30:00,28.0833333333334
2025-05-24 06:00:00,0.0
2025-05-24 06:30:00,0.0
2025-05-24 07:00:00,0.0
2025-05-24 07:30:00,0.0
2025-05-24 08:00:00,0.0
2025-05-24 08:30:00,0.0
2025-05-24 09:00:00,0.0
2025-05-24 09:30:00,0.0
2025-05-24 10:00:00,0.0
2025-05-24 10:30:00,0.0
2025-05-24 11:00:00,0.0
2025-05-24 11:30:00,0.0
2025-05-24 12:00:00,0.0
2025-05-24 12:30:00,0.0
2025-05-24 13:00:00,0.0
2025-05-24 13:30:00,0.0
2025-05-24 14:00:00,0.0
2025-05-24 14:30:00,0.0
2025-05-24 15:00:00,0.0
2025-05-24 15:30:00,0.0
2025-05-24 16:00:00,0.0
2025-05-24 16:30:00,0.0
2025-05-24 17:00:00,0.0
2025-05-24 17:30:00,0.0
2025-05-24 18:00:00,0.0
2025-05-24 18:30:00,0.0
2025-05-24 19:00:00,0.0
2025-05-24 19:30:00,0.0
2025-05-24 20:00:00,0.0
2025-05-24 20:30:00,0.0
2025-05-24 21:00:00,0.0
2025-05-24 21:30:00,0.0
2025-05-24 22:00:00,0.0
2025-05-24 22:30:00,0.0
2025-05-24 23:00:00,0.0
2025-05-24 23:30:00,0.0
2025-05-25 00:00:00,0.0
2025-05-25 00:30:00,0.0
2025-05-25 01:00:00,0.0
2025-05-25 01:30:00,0.0
2025-05-25 02:00:00,0.0
2025-05-25 02:30:00,0.0
2025-05-25 03:00:00,0.0
2025-05-25 03:30:00,0.0
2025-05-25 04:00:00,0.0
2025-05-25 04:30:00,0.0
2025-05-25 05:00:00,12.0
2025-05-25 05:30:00,107.1166666666666
2025-05-25 06:00:00,0.0
2025-05-25 06:30:00,0.0
2025-05-25 07:00:00,0.0
2025-05-25 07:30:00,0.0
2025-05-25 08:00:00,0.0
2025-05-25 08:30:00,0.0
2025-05-25 09:00:00,0.0
2025-05-25 09:30:00,0.0
2025-05-25 10:00:00,0.0
2025-05-25 10:30:00,132.3166666666666
2025-05-25 11:00:00,196.28333333333342
2025-05-25 11:30:00,208.9833333333332
2025-05-25 12:00:00,0.0
2025-05-25 12:30:00,0.0
2025-05-25 13:00:00,0.0
2025-05-25 13:30:00,0.0
2025-05-25 14:00:00,173.58333333333331
2025-05-25 14:30:00,312.8666666666668
2025-05-25 15:00:00,354.0
2025-05-25 15:30:00,0.0
2025-05-25 16:00:00,0.0
2025-05-25 16:30:00,0.0
2025-05-25 17:00:00,0.0
2025-05-25 17:30:00,432.66666666666663
2025-05-25 18:00:00,440.0
2025-05-25 18:30:00,440.0
2025-05-25 19:00:00,440.0
2025-05-25 19:30:00,440.0
2025-05-25 20:00:00,436.9333333333334
2025-05-25 20:30:00,432.9500000000002
2025-05-25 21:00:00,429.8833333333332
2025-05-25 21:30:00,422.9333333333336
2025-05-25 22:00:00,418.9166666666668
2025-05-25 22:30:00,413.9166666666668
2025-05-25 23:00:00,408.9333333333336
2025-05-25 23:30:00,404.9166666666668
2025-05-26 00:00:00,399.9500000000002
2025-05-26 00:30:00,396.9500000000002
2025-05-26 01:00:00,394.8333333333332
2025-05-26 01:30:00,384.7833333333334
2025-05-26 02:00:00,385.7166666666666
2025-05-26 02:30:00,370.7666666666666
2025-05-26 03:00:00,359.7833333333334
2025-05-26 03:30:00,346.7666666666666
2025-05-26 04:00:00,335.9833333333334
2025-05-26 04:30:00,335.0
2025-05-26 05:00:00,338.0666666666666
2025-05-26 05:30:00,342.0666666666664
2025-05-26 06:00:00,350.1166666666668
2025-05-26 06:30:00,357.1333333333334
2025-05-26 07:00:00,366.1166666666668
2025-05-26 07:30:00,373.11666666666656
2025-05-26 08:00:00,352.33333333333337
2025-05-26 08:30:00,372.3666666666668
2025-05-26 09:00:00,16.53333333333334
2025-05-26 09:30:00,0.0
2025-05-26 10:00:00,0.0
2025-05-26 10:30:00,0.0
2025-05-26 11:00:00,0.0
2025-05-26 11:30:00,297.9432098765434
2025-05-26 12:00:00,382.0166666666666
2025-05-26 12:30:00,398.8333333333332
2025-05-26 13:00:00,27.23333333333332
2025-05-26 13:30:00,0.0
2025-05-26 14:00:00,418.82683777777777
2025-05-26 14:30:00,435.0166666666666
2025-05-26 15:00:00,30.00938538194446
2025-05-26 15:30:00,27.21666666666666
2025-05-26 16:00:00,432.9666666666668
2025-05-26 16:30:00,430.9666666666668
2025-05-26 17:00:00,428.9500000000002
2025-05-26 17:30:00,425.9666666666668
2025-05-26 18:00:00,423.9333333333336
2025-05-26 18:30:00,421.9666666666668
2025-05-26 19:00:00,419.9833333333334
2025-05-26 19:30:00,418.9666666666668
2025-05-26 20:00:00,415.9666666666668
2025-05-26 20:30:00,413.9666666666668
2025-05-26 21:00:00,412.9500000000002
2025-05-26 21:30:00,409.9666666666668
2025-05-26 22:00:00,408.0333333333332
2025-05-26 22:30:00,410.0333333333332
2025-05-26 23:00:00,412.9833333333334
2025-05-26 23:30:00,412.0
2025-05-27 00:00:00,412.9666666666668
2025-05-27 00:30:00,410.9500000000002
2025-05-27 01:00:00,410.0
2025-05-27 01:30:00,410.0166666666666
2025-05-27 02:00:00,400.0
2025-05-27 02:30:00,400.0
2025-05-27 03:00:00,399.9833333333334
2025-05-27 03:30:00,398.9500000000002
2025-05-27 04:00:00,395.0166666666666
2025-05-27 04:30:00,396.0499999999998
2025-05-27 05:00:00,392.1666666666668
2025-05-27 05:30:00,400.0833333333332
2025-05-27 06:00:00,405.0166666666666
2025-05-27 06:30:00,406.0333333333332
2025-05-27 07:00:00,408.1500000000002
2025-05-27 07:30:00,417.1666666666666
2025-05-27 08:00:00,425.0333333333332
2025-05-27 08:30:00,427.0499999999998
2025-05-27 09:00:00,430.0
2025-05-27 09:30:00,430.0166666666666
2025-05-27 10:00:00,432.0166666666666
2025-05-27 10:30:00,433.0333333333332
2025-05-27 11:00:00,434.0333333333332
2025-05-27 11:30:00,436.0166666666666
2025-05-27 12:00:00,437.0
2025-05-27 12:30:00,437.0499999999998
2025-05-27 13:00:00,439.9666666666668
2025-05-27 13:30:00,437.9833333333334
2025-05-27 14:00:00,436.9666666666668
2025-05-27 14:30:00,434.9333333333336
2025-05-27 15:00:00,431.91666666666663
2025-05-27 15:30:00,426.9500000000002
2025-05-27 16:00:00,423.9666666666668
2025-05-27 16:30:00,322.03333333333353
2025-05-27 17:00:00,411.8166666666666
2025-05-27 17:30:00,252.61666666666662
2025-05-27 18:00:00,301.9833333333334
2025-05-27 18:30:00,304.8833333333334
2025-05-27 19:00:00,299.9333333333334
2025-05-27 19:30:00,245.3166666666666
2025-05-27 20:00:00,202.95
2025-05-27 20:30:00,104.63333333333325
2025-05-27 21:00:00,93.9833333333334
2025-05-27 21:30:00,92.9833333333334
2025-05-27 22:00:00,178.71666666666658
2025-05-27 22:30:00,197.55833333333325
2025-05-27 23:00:00,391.1416666666666
2025-05-27 23:30:00,392.0166666666666
2025-05-28 00:00:00,391.9833333333334
2025-05-28 00:30:00,391.0
2025-05-28 01:00:00,388.9500000000002
2025-05-28 01:30:00,385.9833333333334
2025-05-28 02:00:00,374.9166666666668
2025-05-28 02:30:00,369.9333333333334
2025-05-28 03:00:00,367.7833333333334
2025-05-28 03:30:00,354.7666666666666
2025-05-28 04:00:00,343.9333333333334
2025-05-28 04:30:00,339.9500000000002
2025-05-28 05:00:00,340.9833333333334
2025-05-28 05:30:00,339.9500000000002
2025-05-28 06:00:00,339.0
2025-05-28 06:30:00,339.0
2025-05-28 07:00:00,341.0333333333332
2025-05-28 07:30:00,343.0166666666666
2025-05-28 08:00:00,353.0499999999998
2025-05-28 08:30:00,356.0666666666666
2025-05-28 09:00:00,360.9833333333334
2025-05-28 09:30:00,360.0
2025-05-28 10:00:00,360.9666666666668
2025-05-28 10:30:00,358.95
2025-05-28 11:00:00,359.0333333333332
2025-05-28 11:30:00,360.9833333333334
2025-05-28 12:00:00,363.0166666666666
2025-05-28 12:30:00,364.0
2025-05-28 13:00:00,350.9666666666668
2025-05-28 13:30:00,348.9166666666668
2025-05-28 14:00:00,340.9333333333336
2025-05-28 14:30:00,330.7500000000002
2025-05-28 15:00:00,323.9500000000002
2025-05-28 15:30:00,320.9500000000002
2025-05-28 16:00:00,318.68333333333317
2025-05-28 16:30:00,255.75
2025-05-28 17:00:00,12.56666666666666
2025-05-28 17:30:00,0.0
2025-05-28 18:00:00,0.0
2025-05-28 18:30:00,0.0
2025-05-28 19:00:00,0.0
2025-05-28 19:30:00,0.0
2025-05-28 20:00:00,0.0
2025-05-28 20:30:00,0.0
2025-05-28 21:00:00,0.0
2025-05-28 21:30:00,0.0
2025-05-28 22:00:00,0.0
2025-05-28 22:30:00,0.0
2025-05-28 23:00:00,0.0
2025-05-28 23:30:00,0.0
2025-05-29 00:00:00,0.0
2025-05-29 00:30:00,0.0
2025-05-29 01:00:00,0.0
2025-05-29 01:30:00,0.0
2025-05-29 02:00:00,0.0
2025-05-29 02:30:00,0.0
2025-05-29 03:00:00,0.0
2025-05-29 03:30:00,0.0
2025-05-29 04:00:00,0.0
2025-05-29 04:30:00,0.0
2025-05-29 05:00:00,0.0
2025-05-29 05:30:00,0.0
2025-05-29 06:00:00,0.0
2025-05-29 06:30:00,0.0
2025-05-29 07:00:00,0.0
2025-05-29 07:30:00,8.7
2025-05-29 08:00:00,42.43333333333332
2025-05-29 08:30:00,68.41666666666674
2025-05-29 09:00:00,92.9166666666666
2025-05-29 09:30:00,2.45
2025-05-29 10:00:00,0.0
2025-05-29 10:30:00,0.0
2025-05-29 11:00:00,0.0
2025-05-29 11:30:00,0.0
2025-05-29 12:00:00,0.0
2025-05-29 12:30:00,0.0
2025-05-29 13:00:00,0.0
2025-05-29 13:30:00,0.0
2025-05-29 14:00:00,0.0
2025-05-29 14:30:00,0.0
2025-05-29 15:00:00,0.0
2025-05-29 15:30:00,0.0
2025-05-29 16:00:00,0.0
2025-05-29 16:30:00,0.0
2025-05-29 17:00:00,40.48333333333334
2025-05-29 17:30:00,66.65000000000008
2025-05-29 18:00:00,45.633333333333326
2025-05-29 18:30:00,58.033333333333346
2025-05-29 19:00:00,49.1
2025-05-29 19:30:00,55.08333333333332
2025-05-29 20:00:00,79.11666666666673
2025-05-29 20:30:00,86.08333333333326
2025-05-29 21:00:00,91.3500000000002
2025-05-29 21:30:00,111.8333333333334
2025-05-29 22:00:00,39.06666666666674
2025-05-29 22:30:00,0.0
2025-05-29 23:00:00,0.0
2025-05-29 23:30:00,0.0
2025-05-30 00:00:00,0.0
2025-05-30 00:30:00,0.0
2025-05-30 01:00:00,0.0
2025-05-30 01:30:00,0.0
2025-05-30 02:00:00,0.0
2025-05-30 02:30:00,0.0
2025-05-30 03:00:00,0.0
2025-05-30 03:30:00,0.0
2025-05-30 04:00:00,0.0
2025-05-30 04:30:00,0.0
2025-05-30 05:00:00,0.0
2025-05-30 05:30:00,0.0
2025-05-30 06:00:00,0.0
2025-05-30 06:30:00,0.0
2025-05-30 07:00:00,0.0
2025-05-30 07:30:00,0.0
2025-05-30 08:00:00,0.0
2025-05-30 08:30:00,0.0
2025-05-30 09:00:00,0.0
2025-05-30 09:30:00,0.0
2025-05-30 10:00:00,0.0
2025-05-30 10:30:00,0.0
2025-05-30 11:00:00,0.0
2025-05-30 11:30:00,0.0
2025-05-30 12:00:00,0.0
2025-05-30 12:30:00,0.0
2025-05-30 13:00:00,0.0
2025-05-30 13:30:00,0.0
2025-05-30 14:00:00,0.0
2025-05-30 14:30:00,0.0
2025-05-30 15:00:00,0.0
2025-05-30 15:30:00,0.0
2025-05-30 16:00:00,0.0
2025-05-30 16:30:00,0.0
2025-05-30 17:00:00,0.0
2025-05-30 17:30:00,0.0
2025-05-30 18:00:00,0.0
2025-05-30 18:30:00,0.0
2025-05-30 19:00:00,0.0
2025-05-30 19:30:00,0.0
2025-05-30 20:00:00,0.0
2025-05-30 20:30:00,0.0
2025-05-30 21:00:00,0.0
2025-05-30 21:30:00,0.0
2025-05-30 22:00:00,0.0
2025-05-30 22:30:00,0.0
2025-05-30 23:00:00,0.0
2025-05-30 23:30:00,0.0
2025-05-31 00:00:00,0.0
2025-05-31 00:30:00,0.0
2025-05-31 01:00:00,0.0
2025-05-31 01:30:00,0.0
2025-05-31 02:00:00,0.0
2025-05-31 02:30:00,7.166666666666666
2025-05-31 03:00:00,6.9
2025-05-31 03:30:00,0.2666666666666666
2025-05-31 04:00:00,0.0
2025-05-31 04:30:00,0.0
2025-05-31 05:00:00,0.0
2025-05-31 05:30:00,0.0
2025-05-31 06:00:00,0.0
2025-05-31 06:30:00,0.0
2025-05-31 07:00:00,0.0
2025-05-31 07:30:00,0.0
2025-05-31 08:00:00,0.0
2025-05-31 08:30:00,0.0
2025-05-31 09:00:00,0.0
2025-05-31 09:30:00,0.0
2025-05-31 10:00:00,0.0
2025-05-31 10:30:00,0.833333333333334
2025-05-31 11:00:00,222.8833333333334
2025-05-31 11:30:00,286.43333333333317
2025-05-31 12:00:00,312.3333333333336
2025-05-31 12:30:00,12.2
2025-05-31 13:00:00,340.2666666666666
2025-05-31 13:30:00,434.9726666666668
2025-05-31 14:00:00,376.875
2025-05-31 14:30:00,15.08333333333334
2025-05-31 15:00:00,376.2500000000002
2025-05-31 15:30:00,0.0
2025-05-31 16:00:00,379.8833333333332
2025-05-31 16:30:00,392.9000000000002
2025-05-31 17:00:00,368.8
2025-05-31 17:30:00,356.8333333333332
2025-05-31 18:00:00,348.7833333333334
2025-05-31 18:30:00,335.7833333333334
2025-05-31 19:00:00,323.6
2025-05-31 19:30:00,299.6
2025-05-31 20:00:00,291.4333333333334
2025-05-31 20:30:00,257.15
2025-05-31 21:00:00,217.7333333333334
2025-05-31 21:30:00,201.55
2025-05-31 22:00:00,182.3333333333332
2025-05-31 22:30:00,200.3166666666668
2025-05-31 23:00:00,217.85
2025-05-31 23:30:00,208.8833333333332
2025-06-01 00:00:00,200.15
2025-06-01 00:30:00,209.1333333333336
2025-06-01 01:00:00,223.23333333333318
2025-06-01 01:30:00,237.2
2025-06-01 02:00:00,255.38333333333338
2025-06-01 02:30:00,278.3833333333334
2025-06-01 03:00:00,301.23333333333323
2025-06-01 03:30:00,315.23333333333323
2025-06-01 04:00:00,331.0833333333332
2025-06-01 04:30:00,336.0499999999998
2025-06-01 05:00:00,332.88333333333344
2025-06-01 05:30:00,325.8666666666664
2025-06-01 06:00:00,318.9833333333334
2025-06-01 06:30:00,318.0
2025-06-01 07:00:00,317.95
2025-06-01 07:30:00,314.9500000000002
2025-06-01 08:00:00,343.9833333333334
2025-06-01 08:30:00,342.9833333333334
2025-06-01 09:00:00,12.399999999999999
2025-06-01 09:30:00,270.01666666666677
2025-06-01 10:00:00,331.483355
2025-06-01 10:30:00,13.800000000000006
2025-06-01 11:00:00,329.6666666666664
2025-06-01 11:30:00,339.8833333333332
2025-06-01 12:00:00,8.71666666666665
2025-06-01 12:30:00,2.8000000000000003
2025-06-01 13:00:00,2.5666666666666664
2025-06-01 13:30:00,2.4
2025-06-01 14:00:00,2.6
2025-06-01 14:30:00,0.0
2025-06-01 15:00:00,296.65
2025-06-01 15:30:00,349.1333333333334
2025-06-01 16:00:00,357.0499999999998
2025-06-01 16:30:00,360.0166666666666
2025-06-01 17:00:00,360.8833333333334
2025-06-01 17:30:00,355.7833333333334
2025-06-01 18:00:00,346.9000000000002
2025-06-01 18:30:00,372.7000000000002
2025-06-01 19:00:00,348.5666666666666
2025-06-01 19:30:00,387.0833333333332
2025-06-01 20:00:00,414.37612749999977
2025-06-01 20:30:00,424.0666666666666
2025-06-01 21:00:00,428.0
2025-06-01 21:30:00,428.0
2025-06-01 22:00:00,428.0
2025-06-01 22:30:00,428.0
2025-06-01 23:00:00,428.0
2025-06-01 23:30:00,428.0
2025-06-02 00:00:00,428.0
2025-06-02 00:30:00,428.0
2025-06-02 01:00:00,428.0
2025-06-02 01:30:00,427.9833333333334
2025-06-02 02:00:00,426.9666666666668
2025-06-02 02:30:00,424.9333333333334
2025-06-02 03:00:00,420.8666666666666
2025-06-02 03:30:00,412.83333333333337
2025-06-02 04:00:00,403.7166666666668
2025-06-02 04:30:00,386.6
2025-06-02 05:00:00,373.4333333333334
2025-06-02 05:30:00,347.55
2025-06-02 06:00:00,323.56666666666683
2025-06-02 06:30:00,297.5833333333334
2025-06-02 07:00:00,272.7833333333334
2025-06-02 07:30:00,259.75000000000017
2025-06-02 08:00:00,242.8166666666666
2025-06-02 08:30:00,231.8333333333332
2025-06-02 09:00:00,220.7666666666666
2025-06-02 09:30:00,208.7166666666666
2025-06-02 10:00:00,195.4666666666668
2025-06-02 10:30:00,213.2666666666666
2025-06-02 11:00:00,228.4166666666666
2025-06-02 11:30:00,253.4333333333332
2025-06-02 12:00:00,277.0666666666666
2025-06-02 12:30:00,281.05
2025-06-02 13:00:00,276.2
2025-06-02 13:30:00,288.1666666666668
2025-06-02 14:00:00,301.68333333333317
2025-06-02 14:30:00,316.1
2025-06-02 15:00:00,323.0499999999998
2025-06-02 15:30:00,326.0333333333332
2025-06-02 16:00:00,329.9500000000002
2025-06-02 16:30:00,327.0
2025-06-02 17:00:00,322.85
2025-06-02 17:30:00,313.86666666666656
2025-06-02 18:00:00,304.1500000000002
2025-06-02 18:30:00,313.1500000000002
2025-06-02 19:00:00,323.5666666666666
2025-06-02 19:30:00,357.7166666666666
2025-06-02 20:00:00,405.2166666666668
2025-06-02 20:30:00,416.2
2025-06-02 21:00:00,428.08333333333337
2025-06-02 21:30:00,433.0833333333332
2025-06-02 22:00:00,438.0
2025-06-02 22:30:00,421.5
2025-06-02 23:00:00,0.0
2025-06-02 23:30:00,0.0
2025-06-03 00:00:00,0.0
2025-06-03 00:30:00,0.0
2025-06-03 01:00:00,0.0
2025-06-03 01:30:00,0.0
2025-06-03 02:00:00,0.0
2025-06-03 02:30:00,0.0
2025-06-03 03:00:00,0.0
2025-06-03 03:30:00,0.0
2025-06-03 04:00:00,0.0
2025-06-03 04:30:00,0.0
2025-06-03 05:00:00,0.0
2025-06-03 05:30:00,294.0
2025-06-03 06:00:00,402.4
2025-06-03 06:30:00,440.0
2025-06-03 07:00:00,440.0
2025-06-03 07:30:00,440.0
2025-06-03 08:00:00,439.9666666666668
2025-06-03 08:30:00,0.0
2025-06-03 09:00:00,0.0
2025-06-03 09:30:00,27.09999999999998
2025-06-03 10:00:00,426.11666666666656
2025-06-03 10:30:00,27.21666666666668
2025-06-03 11:00:00,0.0
2025-06-03 11:30:00,0.0
2025-06-03 12:00:00,0.0
2025-06-03 12:30:00,0.0
2025-06-03 13:00:00,0.0
2025-06-03 13:30:00,0.0
2025-06-03 14:00:00,0.0
2025-06-03 14:30:00,0.0
2025-06-03 15:00:00,0.0
2025-06-03 15:30:00,0.0
2025-06-03 16:00:00,0.0
2025-06-03 16:30:00,27.39999999999998
2025-06-03 17:00:00,444.0
2025-06-03 17:30:00,444.0
2025-06-03 18:00:00,440.0
2025-06-03 18:30:00,457.51822916666663
2025-06-03 19:00:00,457.2684922222222
2025-06-03 19:30:00,457.2684922222222
2025-06-03 20:00:00,456.8522505555556
2025-06-03 20:30:00,456.8522505555556
2025-06-03 21:00:00,440.0
2025-06-03 21:30:00,440.0
2025-06-03 22:00:00,440.0
2025-06-03 22:30:00,440.0
2025-06-03 23:00:00,440.0
2025-06-03 23:30:00,440.0
2025-06-04 00:00:00,440.0
2025-06-04 00:30:00,440.0
2025-06-04 01:00:00,440.0
2025-06-04 01:30:00,440.0
2025-06-04 02:00:00,431.0
2025-06-04 02:30:00,431.0
2025-06-04 03:00:00,431.0
2025-06-04 03:30:00,431.0
2025-06-04 04:00:00,431.0
2025-06-04 04:30:00,431.0
2025-06-04 05:00:00,431.0
2025-06-04 05:30:00,431.0
2025-06-04 06:00:00,431.0
2025-06-04 06:30:00,431.0
2025-06-04 07:00:00,411.4
2025-06-04 07:30:00,400.3666666666666
2025-06-04 08:00:00,429.2
2025-06-04 08:30:00,431.0
2025-06-04 09:00:00,431.0
2025-06-04 09:30:00,431.0
2025-06-04 10:00:00,431.0
2025-06-04 10:30:00,431.0
2025-06-04 11:00:00,431.0
2025-06-04 11:30:00,410.8666666666666
2025-06-04 12:00:00,329.0
2025-06-04 12:30:00,380.8
2025-06-04 13:00:00,231.7
2025-06-04 13:30:00,13.63333333333334
2025-06-04 14:00:00,209.8333333333334
2025-06-04 14:30:00,431.5
2025-06-04 15:00:00,440.0
2025-06-04 15:30:00,440.0
2025-06-04 16:00:00,440.0
2025-06-04 16:30:00,440.0
2025-06-04 17:00:00,440.0
2025-06-04 17:30:00,440.0
2025-06-04 18:00:00,439.9666666666668
2025-06-04 18:30:00,437.9833333333334
2025-06-04 19:00:00,437.0
2025-06-04 19:30:00,436.9666666666668
2025-06-04 20:00:00,436.9333333333336
2025-06-04 20:30:00,432.9833333333334
2025-06-04 21:00:00,432.0
2025-06-04 21:30:00,431.9666666666668
2025-06-04 22:00:00,430.0333333333332
2025-06-04 22:30:00,432.0
2025-06-04 23:00:00,432.0
2025-06-04 23:30:00,432.0166666666666
2025-06-05 00:00:00,433.0
2025-06-05 00:30:00,433.0333333333332
2025-06-05 01:00:00,436.9833333333334
2025-06-05 01:30:00,435.9833333333334
2025-06-05 02:00:00,436.0
2025-06-05 02:30:00,436.0166666666666
2025-06-05 03:00:00,436.9833333333334
2025-06-05 03:30:00,435.9833333333334
2025-06-05 04:00:00,434.0166666666666
2025-06-05 04:30:00,435.0
2025-06-05 05:00:00,434.9666666666668
2025-06-05 05:30:00,432.9833333333334
2025-06-05 06:00:00,432.0
2025-06-05 06:30:00,431.9833333333334
2025-06-05 07:00:00,430.9666666666668
2025-06-05 07:30:00,428.9500000000002
2025-06-05 08:00:00,425.9333333333336
2025-06-05 08:30:00,421.9666666666668
2025-06-05 09:00:00,420.9666666666668
2025-06-05 09:30:00,418.9666666666668
2025-06-05 10:00:00,416.83333333333337
2025-06-05 10:30:00,408.8333333333332
2025-06-05 11:00:00,400.8166666666664
2025-06-05 11:30:00,391.9
2025-06-05 12:00:00,384.8333333333332
2025-06-05 12:30:00,376.9166666666668
2025-06-05 13:00:00,362.7833333333334
2025-06-05 13:30:00,349.75
2025-06-05 14:00:00,343.8
2025-06-05 14:30:00,331.76666666666677
2025-06-05 15:00:00,317.8
2025-06-05 15:30:00,305.75000000000017
2025-06-05 16:00:00,287.8
2025-06-05 16:30:00,275.8166666666666
2025-06-05 17:00:00,118.26666666666661
2025-06-05 17:30:00,0.0
2025-06-05 18:00:00,0.0
2025-06-05 18:30:00,0.0
2025-06-05 19:00:00,0.0
2025-06-05 19:30:00,0.0
2025-06-05 20:00:00,0.0
2025-06-05 20:30:00,0.0
2025-06-05 21:00:00,0.0
2025-06-05 21:30:00,0.0
2025-06-05 22:00:00,0.0
2025-06-05 22:30:00,0.0
2025-06-05 23:00:00,0.0
2025-06-05 23:30:00,0.0
2025-06-06 00:00:00,0.0
2025-06-06 00:30:00,0.0
2025-06-06 01:00:00,0.0
2025-06-06 01:30:00,0.0
2025-06-06 02:00:00,0.0
2025-06-06 02:30:00,0.0
2025-06-06 03:00:00,0.0
2025-06-06 03:30:00,0.0
2025-06-06 04:00:00,0.0
2025-06-06 04:30:00,0.0
2025-06-06 05:00:00,0.0
2025-06-06 05:30:00,0.0
2025-06-06 06:00:00,0.0
2025-06-06 06:30:00,0.0
2025-06-06 07:00:00,0.0
2025-06-06 07:30:00,0.0
2025-06-06 08:00:00,0.0
2025-06-06 08:30:00,0.0
2025-06-06 09:00:00,0.0
2025-06-06 09:30:00,0.0
2025-06-06 10:00:00,0.0
2025-06-06 10:30:00,0.0
2025-06-06 11:00:00,0.0
2025-06-06 11:30:00,0.0
2025-06-06 12:00:00,0.0
2025-06-06 12:30:00,0.0
2025-06-06 13:00:00,0.0
2025-06-06 13:30:00,0.0
2025-06-06 14:00:00,0.0
2025-06-06 14:30:00,0.0
2025-06-06 15:00:00,0.0
2025-06-06 15:30:00,0.0
2025-06-06 16:00:00,0.0
2025-06-06 16:30:00,0.0
2025-06-06 17:00:00,0.0
2025-06-06 17:30:00,0.0
2025-06-06 18:00:00,0.0
2025-06-06 18:30:00,0.0
2025-06-06 19:00:00,0.0
2025-06-06 19:30:00,0.0
2025-06-06 20:00:00,0.0
2025-06-06 20:30:00,0.0
2025-06-06 21:00:00,0.0
2025-06-06 21:30:00,0.0
2025-06-06 22:00:00,0.0
2025-06-06 22:30:00,0.0
2025-06-06 23:00:00,0.0
2025-06-06 23:30:00,0.0
2025-06-07 00:00:00,0.0
2025-06-07 00:30:00,0.0
2025-06-07 01:00:00,0.0
2025-06-07 01:30:00,0.0
2025-06-07 02:00:00,0.0
2025-06-07 02:30:00,0.0
2025-06-07 03:00:00,0.0
2025-06-07 03:30:00,0.0
2025-06-07 04:00:00,0.0
2025-06-07 04:30:00,0.0
2025-06-07 05:00:00,0.0
2025-06-07 05:30:00,0.0
2025-06-07 06:00:00,0.0
2025-06-07 06:30:00,0.0
2025-06-07 07:00:00,0.0
2025-06-07 07:30:00,0.0
2025-06-07 08:00:00,0.0
2025-06-07 08:30:00,0.0
2025-06-07 09:00:00,0.0
2025-06-07 09:30:00,0.0
2025-06-07 10:00:00,0.0
2025-06-07 10:30:00,0.0
2025-06-07 11:00:00,0.0
2025-06-07 11:30:00,0.0
2025-06-07 12:00:00,0.0
2025-06-07 12:30:00,0.0
2025-06-07 13:00:00,0.0
2025-06-07 13:30:00,0.0
2025-06-07 14:00:00,0.0
2025-06-07 14:30:00,0.0
2025-06-07 15:00:00,0.0
2025-06-07 15:30:00,0.0
2025-06-07 16:00:00,0.0
2025-06-07 16:30:00,0.0
2025-06-07 17:00:00,0.0
2025-06-07 17:30:00,0.0
2025-06-07 18:00:00,0.0
2025-06-07 18:30:00,0.0
2025-06-07 19:00:00,0.0
2025-06-07 19:30:00,0.0
2025-06-07 20:00:00,0.0
2025-06-07 20:30:00,0.0
2025-06-07 21:00:00,0.0
2025-06-07 21:30:00,0.0
2025-06-07 22:00:00,0.0
2025-06-07 22:30:00,0.0
2025-06-07 23:00:00,0.0
2025-06-07 23:30:00,0.0
2025-06-08 00:00:00,0.0
2025-06-08 00:30:00,0.0
2025-06-08 01:00:00,0.0
2025-06-08 01:30:00,0.0
2025-06-08 02:00:00,0.0
2025-06-08 02:30:00,0.0
2025-06-08 03:00:00,0.0
2025-06-08 03:30:00,0.0
2025-06-08 04:00:00,0.0
2025-06-08 04:30:00,0.0
2025-06-08 05:00:00,0.0
2025-06-08 05:30:00,0.0
2025-06-08 06:00:00,0.0
2025-06-08 06:30:00,0.0
2025-06-08 07:00:00,0.0
2025-06-08 07:30:00,0.0
2025-06-08 08:00:00,0.0
2025-06-08 08:30:00,0.0
2025-06-08 09:00:00,0.0
2025-06-08 09:30:00,0.0
2025-06-08 10:00:00,0.0
2025-06-08 10:30:00,0.0
2025-06-08 11:00:00,0.0
2025-06-08 11:30:00,0.0
2025-06-08 12:00:00,0.0
2025-06-08 12:30:00,0.0
2025-06-08 13:00:00,0.0
2025-06-08 13:30:00,0.0
2025-06-08 14:00:00,0.0
2025-06-08 14:30:00,0.0
2025-06-08 15:00:00,0.0
2025-06-08 15:30:00,0.0
2025-06-08 16:00:00,0.0
2025-06-08 16:30:00,0.0
2025-06-08 17:00:00,0.0
2025-06-08 17:30:00,0.0
2025-06-08 18:00:00,0.0
2025-06-08 18:30:00,0.0
2025-06-08 19:00:00,0.0
2025-06-08 19:30:00,0.0
2025-06-08 20:00:00,0.0
2025-06-08 20:30:00,0.0
2025-06-08 21:00:00,0.0
2025-06-08 21:30:00,0.0
2025-06-08 22:00:00,0.0
2025-06-08 22:30:00,0.0
2025-06-08 23:00:00,0.0
2025-06-08 23:30:00,0.0
2025-06-09 00:00:00,0.0
2025-06-09 00:30:00,0.0
2025-06-09 01:00:00,0.0
2025-06-09 01:30:00,0.0
2025-06-09 02:00:00,0.0
2025-06-09 02:30:00,0.0
2025-06-09 03:00:00,0.0
2025-06-09 03:30:00,0.0
2025-06-09 04:00:00,0.0
2025-06-09 04:30:00,0.0
2025-06-09 05:00:00,0.0
2025-06-09 05:30:00,0.0
2025-06-09 06:00:00,0.0
2025-06-09 06:30:00,0.0
2025-06-09 07:00:00,0.0
2025-06-09 07:30:00,0.0
2025-06-09 08:00:00,0.0
2025-06-09 08:30:00,0.0
2025-06-09 09:00:00,0.0
2025-06-09 09:30:00,0.0
2025-06-09 10:00:00,0.0
2025-06-09 10:30:00,0.0
2025-06-09 11:00:00,0.0
2025-06-09 11:30:00,0.0
2025-06-09 12:00:00,0.0
2025-06-09 12:30:00,0.0
2025-06-09 13:00:00,0.0
2025-06-09 13:30:00,0.0
2025-06-09 14:00:00,0.0
2025-06-09 14:30:00,0.0
2025-06-09 15:00:00,0.0
2025-06-09 15:30:00,0.0
2025-06-09 16:00:00,0.0
2025-06-09 16:30:00,0.0
2025-06-09 17:00:00,0.0
2025-06-09 17:30:00,0.0
2025-06-09 18:00:00,0.0
2025-06-09 18:30:00,0.0
2025-06-09 19:00:00,0.0
2025-06-09 19:30:00,0.0
2025-06-09 20:00:00,0.0
2025-06-09 20:30:00,0.0
2025-06-09 21:00:00,0.0
2025-06-09 21:30:00,0.0
2025-06-09 22:00:00,0.0
2025-06-09 22:30:00,0.0
2025-06-09 23:00:00,0.0
2025-06-09 23:30:00,0.0
2025-06-10 00:00:00,0.0
2025-06-10 00:30:00,0.0
2025-06-10 01:00:00,0.0
2025-06-10 01:30:00,0.0
2025-06-10 02:00:00,0.0
2025-06-10 02:30:00,0.0
2025-06-10 03:00:00,0.0
2025-06-10 03:30:00,0.0
2025-06-10 04:00:00,0.0
2025-06-10 04:30:00,0.0
2025-06-10 05:00:00,0.0
2025-06-10 05:30:00,0.0
2025-06-10 06:00:00,0.0
2025-06-10 06:30:00,0.0
2025-06-10 07:00:00,0.0
2025-06-10 07:30:00,0.0
2025-06-10 08:00:00,0.0
2025-06-10 08:30:00,0.0
2025-06-10 09:00:00,0.0
2025-06-10 09:30:00,0.0
2025-06-10 10:00:00,0.0
2025-06-10 10:30:00,0.0
2025-06-10 11:00:00,0.0
2025-06-10 11:30:00,0.0
2025-06-10 12:00:00,0.0
2025-06-10 12:30:00,0.0
2025-06-10 13:00:00,0.0
2025-06-10 13:30:00,0.0
2025-06-10 14:00:00,0.0
2025-06-10 14:30:00,0.0
2025-06-10 15:00:00,0.0
2025-06-10 15:30:00,0.0
2025-06-10 16:00:00,0.0
2025-06-10 16:30:00,0.0
2025-06-10 17:00:00,0.0
2025-06-10 17:30:00,0.0
2025-06-10 18:00:00,0.0
2025-06-10 18:30:00,0.0
2025-06-10 19:00:00,0.0
2025-06-10 19:30:00,0.0
2025-06-10 20:00:00,0.0
2025-06-10 20:30:00,0.0
2025-06-10 21:00:00,0.0
2025-06-10 21:30:00,0.0
2025-06-10 22:00:00,0.0
2025-06-10 22:30:00,0.0
2025-06-10 23:00:00,0.0
2025-06-10 23:30:00,0.0
2025-06-11 00:00:00,0.0
2025-06-11 00:30:00,0.0
2025-06-11 01:00:00,0.0
2025-06-11 01:30:00,0.0
2025-06-11 02:00:00,0.0
2025-06-11 02:30:00,0.0
2025-06-11 03:00:00,0.0
2025-06-11 03:30:00,0.0
2025-06-11 04:00:00,0.0
2025-06-11 04:30:00,0.0
2025-06-11 05:00:00,0.0
2025-06-11 05:30:00,0.0
2025-06-11 06:00:00,0.0
2025-06-11 06:30:00,0.0
2025-06-11 07:00:00,0.0
2025-06-11 07:30:00,0.0
2025-06-11 08:00:00,0.0
2025-06-11 08:30:00,0.0
2025-06-11 09:00:00,0.0
2025-06-11 09:30:00,0.0
2025-06-11 10:00:00,0.0
2025-06-11 10:30:00,0.0
2025-06-11 11:00:00,0.0
2025-06-11 11:30:00,0.0
2025-06-11 12:00:00,0.0
2025-06-11 12:30:00,0.0
2025-06-11 13:00:00,0.0
2025-06-11 13:30:00,0.0
2025-06-11 14:00:00,0.0
2025-06-11 14:30:00,0.0
2025-06-11 15:00:00,0.0
2025-06-11 15:30:00,0.0
2025-06-11 16:00:00,37.63333333333326
2025-06-11 16:30:00,104.48333333333319
2025-06-11 17:00:00,168.14999999999998
2025-06-11 17:30:00,229.8666666666666
2025-06-11 18:00:00,243.0833333333332
2025-06-11 18:30:00,248.1
2025-06-11 19:00:00,251.9833333333334
2025-06-11 19:30:00,251.0
2025-06-11 20:00:00,268.0
2025-06-11 20:30:00,268.0166666666666
2025-06-11 21:00:00,268.0666666666664
2025-06-11 21:30:00,272.0833333333332
2025-06-11 22:00:00,276.0
2025-06-11 22:30:00,276.0499999999998
2025-06-11 23:00:00,277.1166666666668
2025-06-11 23:30:00,284.1
2025-06-12 00:00:00,289.0333333333332
2025-06-12 00:30:00,291.05
2025-06-12 01:00:00,292.0166666666666
2025-06-12 01:30:00,293.0166666666666
2025-06-12 02:00:00,298.9
2025-06-12 02:30:00,292.91666666666663
2025-06-12 03:00:00,285.1666666666668
2025-06-12 03:30:00,295.1833333333334
2025-06-12 04:00:00,303.1333333333336
2025-06-12 04:30:00,311.1
2025-06-12 05:00:00,314.1666666666668
2025-06-12 05:30:00,324.1500000000002
2025-06-12 06:00:00,335.0833333333332
2025-06-12 06:30:00,340.0833333333332
2025-06-12 07:00:00,347.0499999999998
2025-06-12 07:30:00,350.0333333333332
2025-06-12 08:00:00,356.23333333333323
2025-06-12 08:30:00,370.2
2025-06-12 09:00:00,383.1166666666668
2025-06-12 09:30:00,390.1333333333336
2025-06-12 10:00:00,398.0166666666666
2025-06-12 10:30:00,399.0166666666666
2025-06-12 11:00:00,400.0333333333332
2025-06-12 11:30:00,402.0499999999998
2025-06-12 12:00:00,404.0499999999998
2025-06-12 12:30:00,407.0166666666666
2025-06-12 13:00:00,408.9833333333334
2025-06-12 13:30:00,408.0
2025-06-12 14:00:00,409.0
2025-06-12 14:30:00,409.0166666666666
2025-06-12 15:00:00,410.0166666666666
2025-06-12 15:30:00,411.0166666666666
2025-06-12 16:00:00,411.9500000000002
2025-06-12 16:30:00,408.9833333333334
2025-06-12 17:00:00,403.9666666666668
2025-06-12 17:30:00,401.9666666666668
2025-06-12 18:00:00,399.9
2025-06-12 18:30:00,393.9500000000002
2025-06-12 19:00:00,389.0
2025-06-12 19:30:00,389.0166666666666
2025-06-12 20:00:00,382.9500000000002
2025-06-12 20:30:00,379.9833333333334
2025-06-12 21:00:00,377.9833333333334
2025-06-12 21:30:00,376.9666666666668
2025-06-12 22:00:00,375.1
2025-06-12 22:30:00,377.0666666666664
2025-06-12 23:00:00,382.0166666666666
2025-06-12 23:30:00,383.0666666666664
2025-06-13 00:00:00,386.0
2025-06-13 00:30:00,385.9666666666668
2025-06-13 01:00:00,392.1
2025-06-13 01:30:00,398.1333333333336
2025-06-13 02:00:00,407.0333333333332
2025-06-13 02:30:00,409.0333333333332
2025-06-13 03:00:00,412.0499999999998
2025-06-13 03:30:00,415.0333333333332
2025-06-13 04:00:00,417.0
2025-06-13 04:30:00,417.0
2025-06-13 05:00:00,412.9666666666668
2025-06-13 05:30:00,411.0
2025-06-13 06:00:00,411.0
2025-06-13 06:30:00,411.0
2025-06-13 07:00:00,410.9500000000002
2025-06-13 07:30:00,407.9333333333336
2025-06-13 08:00:00,401.9166666666668
2025-06-13 08:30:00,396.9166666666668
2025-06-13 09:00:00,389.9166666666668
2025-06-13 09:30:00,384.9
2025-06-13 10:00:00,378.8333333333332
2025-06-13 10:30:00,368.7999999999998
2025-06-13 11:00:00,358.9
2025-06-13 11:30:00,352.9166666666668
2025-06-13 12:00:00,347.9833333333334
2025-06-13 12:30:00,346.9166666666668
2025-06-13 13:00:00,351.8666666666666
2025-06-13 13:30:00,0.0
2025-06-13 14:00:00,335.2583333333334
2025-06-13 14:30:00,83.00833333333341
2025-06-13 15:00:00,0.0
2025-06-13 15:30:00,0.0
2025-06-13 16:00:00,0.0
2025-06-13 16:30:00,0.0
2025-06-13 17:00:00,0.0
2025-06-13 17:30:00,0.0
2025-06-13 18:00:00,0.0
2025-06-13 18:30:00,0.0
2025-06-13 19:00:00,0.0
2025-06-13 19:30:00,0.0
2025-06-13 20:00:00,0.0
2025-06-13 20:30:00,0.0
2025-06-13 21:00:00,48.13333333333334
2025-06-13 21:30:00,155.7166666666668
2025-06-13 22:00:00,136.8166666666666
2025-06-13 22:30:00,125.8166666666666
2025-06-13 23:00:00,73.05
2025-06-13 23:30:00,0.0
2025-06-14 00:00:00,0.0
2025-06-14 00:30:00,0.0
2025-06-14 01:00:00,0.0
2025-06-14 01:30:00,0.0
2025-06-14 02:00:00,0.0
2025-06-14 02:30:00,0.0
2025-06-14 03:00:00,0.0
2025-06-14 03:30:00,0.0
2025-06-14 04:00:00,0.0
2025-06-14 04:30:00,0.0
2025-06-14 05:00:00,0.0
2025-06-14 05:30:00,0.0
2025-06-14 06:00:00,0.0
2025-06-14 06:30:00,0.0
2025-06-14 07:00:00,0.0
2025-06-14 07:30:00,0.0
2025-06-14 08:00:00,0.0
2025-06-14 08:30:00,0.0
2025-06-14 09:00:00,0.0
2025-06-14 09:30:00,0.0
2025-06-14 10:00:00,0.0
2025-06-14 10:30:00,0.0
2025-06-14 11:00:00,0.0
2025-06-14 11:30:00,0.0
2025-06-14 12:00:00,0.0
2025-06-14 12:30:00,0.0
2025-06-14 13:00:00,0.0
2025-06-14 13:30:00,0.0
2025-06-14 14:00:00,0.0
2025-06-14 14:30:00,0.0
2025-06-14 15:00:00,0.0
2025-06-14 15:30:00,0.0
2025-06-14 16:00:00,0.0
2025-06-14 16:30:00,0.0
2025-06-14 17:00:00,0.0
2025-06-14 17:30:00,0.0
2025-06-14 18:00:00,0.0
2025-06-14 18:30:00,0.0
2025-06-14 19:00:00,0.0
2025-06-14 19:30:00,0.0
2025-06-14 20:00:00,0.0
2025-06-14 20:30:00,0.0
2025-06-14 21:00:00,0.0
2025-06-14 21:30:00,0.0
2025-06-14 22:00:00,0.0
2025-06-14 22:30:00,0.0
2025-06-14 23:00:00,0.0
2025-06-14 23:30:00,0.0
2025-06-15 00:00:00,0.0
2025-06-15 00:30:00,24.58333333333334
2025-06-15 01:00:00,25.88333333333334
2025-06-15 01:30:00,18.9
2025-06-15 02:00:00,20.9
2025-06-15 02:30:00,14.9
2025-06-15 03:00:00,8.933333333333342
2025-06-15 03:30:00,4.533333333333336
2025-06-15 04:00:00,2.3
2025-06-15 04:30:00,0.0
2025-06-15 05:00:00,0.0
2025-06-15 05:30:00,0.0
2025-06-15 06:00:00,0.0
2025-06-15 06:30:00,0.0
2025-06-15 07:00:00,0.0
2025-06-15 07:30:00,0.0
2025-06-15 08:00:00,0.0
2025-06-15 08:30:00,0.0
2025-06-15 09:00:00,0.0
2025-06-15 09:30:00,0.0
2025-06-15 10:00:00,0.0
2025-06-15 10:30:00,0.0
2025-06-15 11:00:00,0.0
2025-06-15 11:30:00,0.0
2025-06-15 12:00:00,0.0
2025-06-15 12:30:00,0.0
2025-06-15 13:00:00,0.0
2025-06-15 13:30:00,0.0
2025-06-15 14:00:00,0.0
2025-06-15 14:30:00,0.0
2025-06-15 15:00:00,0.0
2025-06-15 15:30:00,0.0
2025-06-15 16:00:00,0.0
2025-06-15 16:30:00,46.36666666666666
2025-06-15 17:00:00,252.8499999999998
2025-06-15 17:30:00,243.8499999999998
2025-06-15 18:00:00,233.7333333333334
2025-06-15 18:30:00,221.7333333333334
2025-06-15 19:00:00,209.1833333333334
2025-06-15 19:30:00,218.2
2025-06-15 20:00:00,201.1833333333334
2025-06-15 20:30:00,212.20000000000022
2025-06-15 21:00:00,222.2666666666666
2025-06-15 21:30:00,236.2833333333332
2025-06-15 22:00:00,251.1666666666668
2025-06-15 22:30:00,261.1500000000002
2025-06-15 23:00:00,269.2833333333332
2025-06-15 23:30:00,286.2666666666664
2025-06-16 00:00:00,302.1000000000002
2025-06-16 00:30:00,308.1
2025-06-16 01:00:00,301.66666666666663
2025-06-16 01:30:00,281.68333333333317
2025-06-16 02:00:00,266.7833333333334
2025-06-16 02:30:00,253.8
2025-06-16 03:00:00,239.7
2025-06-16 03:30:00,227.8166666666666
2025-06-16 04:00:00,216.1166666666666
2025-06-16 04:30:00,179.3333333333332
2025-06-16 05:00:00,143.78333333333342
2025-06-16 05:30:00,130.8
2025-06-16 06:00:00,117.9833333333334
2025-06-16 06:30:00,116.9666666666668
2025-06-16 07:00:00,116.9666666666666
2025-06-16 07:30:00,175.85
2025-06-16 08:00:00,224.55
2025-06-16 08:30:00,257.55
2025-06-16 09:00:00,289.5
2025-06-16 09:30:00,319.5500000000002
2025-06-16 10:00:00,353.0833333333332
2025-06-16 10:30:00,358.0499999999998
2025-06-16 11:00:00,363.1
2025-06-16 11:30:00,369.1
2025-06-16 12:00:00,374.0666666666664
2025-06-16 12:30:00,378.0833333333332
2025-06-16 13:00:00,381.0166666666666
2025-06-16 13:30:00,382.0166666666666
2025-06-16 14:00:00,382.9166666666668
2025-06-16 14:30:00,377.9166666666668
2025-06-16 15:00:00,373.8666666666666
2025-06-16 15:30:00,365.8666666666666
2025-06-16 16:00:00,358.76666666666677
2025-06-16 16:30:00,344.75000000000017
2025-06-16 17:00:00,336.5166666666666
2025-06-16 17:30:00,307.48333333333323
2025-06-16 18:00:00,236.3
2025-06-16 18:30:00,192.7333333333332
2025-06-16 19:00:00,174.5166666666666
2025-06-16 19:30:00,151.4166666666668
2025-06-16 20:00:00,153.71666666666655
2025-06-16 20:30:00,140.43333333333322
2025-06-16 21:00:00,105.56666666666673
2025-06-16 21:30:00,90.56666666666659
2025-06-16 22:00:00,65.35000000000002
2025-06-16 22:30:00,86.3333333333334
2025-06-16 23:00:00,105.38333333333341
2025-06-16 23:30:00,128.3666666666668
2025-06-17 00:00:00,150.78333333333342
2025-06-17 00:30:00,221.1833333333334
2025-06-17 01:00:00,301.41666666666663
2025-06-17 01:30:00,326.4
2025-06-17 02:00:00,349.23333333333323
2025-06-17 02:30:00,363.23333333333323
2025-06-17 03:00:00,376.1166666666668
2025-06-17 03:30:00,383.1333333333334
2025-06-17 04:00:00,389.9500000000002
2025-06-17 04:30:00,386.9666666666668
2025-06-17 05:00:00,387.3166666666666
2025-06-17 05:30:00,350.3666666666668
2025-06-17 06:00:00,312.6833333333332
2025-06-17 06:30:00,293.68333333333317
2025-06-17 07:00:00,276.0
2025-06-17 07:30:00,229.1333333333334
2025-06-17 08:00:00,195.0
2025-06-17 08:30:00,230.3
2025-06-17 09:00:00,159.96666666666658
2025-06-17 09:30:00,93.65
2025-06-17 10:00:00,23.1
2025-06-17 10:30:00,0.0
2025-06-17 11:00:00,0.0
2025-06-17 11:30:00,0.0
2025-06-17 12:00:00,0.0
2025-06-17 12:30:00,0.0
2025-06-17 13:00:00,0.0
2025-06-17 13:30:00,0.95
2025-06-17 14:00:00,59.9166666666666
2025-06-17 14:30:00,202.8333333333332
2025-06-17 15:00:00,233.78333333333342
2025-06-17 15:30:00,220.75
2025-06-17 16:00:00,203.89999999999998
2025-06-17 16:30:00,197.9500000000002
2025-06-17 17:00:00,191.7500000000002
2025-06-17 17:30:00,176.75
2025-06-17 18:00:00,160.6666666666668
2025-06-17 18:30:00,142.6999999999998
2025-06-17 19:00:00,123.8666666666666
2025-06-17 19:30:00,114.5999999999998
2025-06-17 20:00:00,68.0333333333332
2025-06-17 20:30:00,78.86666666666666
2025-06-17 21:00:00,69.98333333333335
2025-06-17 21:30:00,68.9833333333334
2025-06-17 22:00:00,66.3333333333334
2025-06-17 22:30:00,86.33333333333334
2025-06-17 23:00:00,106.1500000000002
2025-06-17 23:30:00,101.08333333333354
2025-06-18 00:00:00,91.10000000000021
2025-06-18 00:30:00,103.35000000000007
2025-06-18 01:00:00,148.36666666666662
2025-06-18 01:30:00,164.2833333333332
2025-06-18 02:00:00,172.6
2025-06-18 02:30:00,198.4666666666668
2025-06-18 03:00:00,222.61666666666662
2025-06-18 03:30:00,259.5833333333332
2025-06-18 04:00:00,294.1333333333332
2025-06-18 04:30:00,302.0999999999998
2025-06-18 05:00:00,307.9
2025-06-18 05:30:00,302.8999999999998
2025-06-18 06:00:00,299.1
2025-06-18 06:30:00,305.0666666666666
2025-06-18 07:00:00,311.2166666666666
2025-06-18 07:30:00,322.0166666666666
2025-06-18 08:00:00,250.2166666666666
2025-06-18 08:30:00,263.2166666666666
2025-06-18 09:00:00,276.1500000000002
2025-06-18 09:30:00,279.35
2025-06-18 10:00:00,200.0166666666666
2025-06-18 10:30:00,201.0166666666666
2025-06-18 11:00:00,201.0
2025-06-18 11:30:00,201.0166666666666
2025-06-18 12:00:00,202.03333333333342
2025-06-18 12:30:00,204.05
2025-06-18 13:00:00,205.0166666666666
2025-06-18 13:30:00,206.0333333333332
2025-06-18 14:00:00,208.0
2025-06-18 14:30:00,208.0166666666666
2025-06-18 15:00:00,208.0166666666666
2025-06-18 15:30:00,209.0
2025-06-18 16:00:00,208.9833333333334
2025-06-18 16:30:00,207.9833333333334
2025-06-18 17:00:00,206.95
2025-06-18 17:30:00,131.1333333333332
2025-06-18 18:00:00,19.8
2025-06-18 18:30:00,0.0
2025-06-18 19:00:00,0.0
2025-06-18 19:30:00,0.0
2025-06-18 20:00:00,0.0
2025-06-18 20:30:00,0.0
2025-06-18 21:00:00,0.0
2025-06-18 21:30:00,0.0
2025-06-18 22:00:00,0.0
2025-06-18 22:30:00,0.0
2025-06-18 23:00:00,0.0
2025-06-18 23:30:00,0.0
2025-06-19 00:00:00,0.0
2025-06-19 00:30:00,0.0
2025-06-19 01:00:00,0.0
2025-06-19 01:30:00,0.0
2025-06-19 02:00:00,0.0
2025-06-19 02:30:00,0.0
2025-06-19 03:00:00,0.0
2025-06-19 03:30:00,0.0
2025-06-19 04:00:00,0.0
2025-06-19 04:30:00,0.0
2025-06-19 05:00:00,0.0
2025-06-19 05:30:00,0.0
2025-06-19 06:00:00,0.0
2025-06-19 06:30:00,0.0
2025-06-19 07:00:00,0.0
2025-06-19 07:30:00,0.0
2025-06-19 08:00:00,0.0
2025-06-19 08:30:00,0.0
2025-06-19 09:00:00,0.0
2025-06-19 09:30:00,0.0
2025-06-19 10:00:00,0.0
2025-06-19 10:30:00,0.0
2025-06-19 11:00:00,0.0
2025-06-19 11:30:00,0.0
2025-06-19 12:00:00,0.0
2025-06-19 12:30:00,0.0
2025-06-19 13:00:00,0.0
2025-06-19 13:30:00,0.0
2025-06-19 14:00:00,0.0
2025-06-19 14:30:00,0.0
2025-06-19 15:00:00,0.0
2025-06-19 15:30:00,0.0
2025-06-19 16:00:00,0.0
2025-06-19 16:30:00,0.0
2025-06-19 17:00:00,0.0
2025-06-19 17:30:00,0.0
2025-06-19 18:00:00,0.0
2025-06-19 18:30:00,0.0
2025-06-19 19:00:00,0.0
2025-06-19 19:30:00,0.0
2025-06-19 20:00:00,0.0
2025-06-19 20:30:00,0.0
2025-06-19 21:00:00,0.0
2025-06-19 21:30:00,0.0
2025-06-19 22:00:00,0.0
2025-06-19 22:30:00,0.0
2025-06-19 23:00:00,0.0
2025-06-19 23:30:00,0.0
2025-06-20 00:00:00,0.0
2025-06-20 00:30:00,0.0
2025-06-20 01:00:00,0.0
2025-06-20 01:30:00,0.0
2025-06-20 02:00:00,60.816666666666606
2025-06-20 02:30:00,79.21666666666661
2025-06-20 03:00:00,34.8
2025-06-20 03:30:00,0.0
2025-06-20 04:00:00,0.0
2025-06-20 04:30:00,0.0
2025-06-20 05:00:00,0.0
2025-06-20 05:30:00,0.0
2025-06-20 06:00:00,0.0
2025-06-20 06:30:00,0.0
2025-06-20 07:00:00,0.0
2025-06-20 07:30:00,0.0
2025-06-20 08:00:00,0.0
2025-06-20 08:30:00,0.0
2025-06-20 09:00:00,0.0
2025-06-20 09:30:00,0.0
2025-06-20 10:00:00,0.0
2025-06-20 10:30:00,0.0
2025-06-20 11:00:00,0.0
2025-06-20 11:30:00,0.0
2025-06-20 12:00:00,0.0
2025-06-20 12:30:00,0.0
2025-06-20 13:00:00,0.0
2025-06-20 13:30:00,0.0
2025-06-20 14:00:00,0.0
2025-06-20 14:30:00,0.0
2025-06-20 15:00:00,0.0
2025-06-20 15:30:00,0.0
2025-06-20 16:00:00,0.0
2025-06-20 16:30:00,0.0
2025-06-20 17:00:00,0.0
2025-06-20 17:30:00,0.0
2025-06-20 18:00:00,0.0
2025-06-20 18:30:00,0.0
2025-06-20 19:00:00,0.0
2025-06-20 19:30:00,0.0
2025-06-20 20:00:00,0.0
2025-06-20 20:30:00,0.0
2025-06-20 21:00:00,0.0
2025-06-20 21:30:00,0.0
2025-06-20 22:00:00,0.0
2025-06-20 22:30:00,0.0
2025-06-20 23:00:00,0.0
2025-06-20 23:30:00,0.0
2025-06-21 00:00:00,0.0
2025-06-21 00:30:00,0.0
2025-06-21 01:00:00,0.0
2025-06-21 01:30:00,0.0
2025-06-21 02:00:00,0.0
2025-06-21 02:30:00,0.0
2025-06-21 03:00:00,0.0
2025-06-21 03:30:00,0.0
2025-06-21 04:00:00,0.0
2025-06-21 04:30:00,0.0
2025-06-21 05:00:00,0.0
2025-06-21 05:30:00,0.0
2025-06-21 06:00:00,0.0
2025-06-21 06:30:00,0.0
2025-06-21 07:00:00,0.0
2025-06-21 07:30:00,0.0
2025-06-21 08:00:00,0.0
2025-06-21 08:30:00,7.35
2025-06-21 09:00:00,109.4
2025-06-21 09:30:00,133.45
2025-06-21 10:00:00,159.5666666666666
2025-06-21 10:30:00,181.3666666666668
2025-06-21 11:00:00,203.3500000000002
2025-06-21 11:30:00,224.5666666666666
2025-06-21 12:00:00,245.4166666666666
2025-06-21 12:30:00,270.4333333333332
2025-06-21 13:00:00,289.2166666666666
2025-06-21 13:30:00,302.2
2025-06-21 14:00:00,313.24999999999983
2025-06-21 14:30:00,328.2166666666666
2025-06-21 15:00:00,343.24999999999983
2025-06-21 15:30:00,358.2333333333334
2025-06-21 16:00:00,371.1666666666668
2025-06-21 16:30:00,381.1500000000002
2025-06-21 17:00:00,386.1333333333334
2025-06-21 17:30:00,394.1166666666668
2025-06-21 18:00:00,401.0666666666664
2025-06-21 18:30:00,405.05
2025-06-21 19:00:00,409.0333333333332
2025-06-21 19:30:00,411.0333333333332
2025-06-21 20:00:00,411.0499999999998
2025-06-21 20:30:00,414.0166666666666
2025-06-21 21:00:00,415.0333333333332
2025-06-21 21:30:00,417.0166666666666
2025-06-21 22:00:00,234.6166666666666
2025-06-21 22:30:00,74.0666666666666
2025-06-21 23:00:00,0.0
2025-06-21 23:30:00,0.0
2025-06-22 00:00:00,0.0
2025-06-22 00:30:00,0.0
2025-06-22 01:00:00,0.0
2025-06-22 01:30:00,135.65
2025-06-22 02:00:00,215.7666666666668
2025-06-22 02:30:00,201.78333333333342
2025-06-22 03:00:00,186.28333333333342
2025-06-22 03:30:00,236.5666666666666
2025-06-22 04:00:00,3.783333333333332
2025-06-22 04:30:00,0.0
2025-06-22 05:00:00,0.0
2025-06-22 05:30:00,0.0
2025-06-22 06:00:00,0.0
2025-06-22 06:30:00,0.0
2025-06-22 07:00:00,0.0
2025-06-22 07:30:00,0.0
2025-06-22 08:00:00,0.0
2025-06-22 08:30:00,0.0
2025-06-22 09:00:00,0.0
2025-06-22 09:30:00,0.0
2025-06-22 10:00:00,0.0
2025-06-22 10:30:00,0.0
2025-06-22 11:00:00,0.0
2025-06-22 11:30:00,0.0
2025-06-22 12:00:00,0.0
2025-06-22 12:30:00,0.0
2025-06-22 13:00:00,0.0
2025-06-22 13:30:00,0.0
2025-06-22 14:00:00,0.0
2025-06-22 14:30:00,0.0
2025-06-22 15:00:00,0.0
2025-06-22 15:30:00,0.0
2025-06-22 16:00:00,0.0
2025-06-22 16:30:00,0.0
2025-06-22 17:00:00,2.700000000000002
2025-06-22 17:30:00,162.3499999999998
2025-06-22 18:00:00,145.11666666666662
2025-06-22 18:30:00,152.11666666666662
2025-06-22 19:00:00,157.6333333333332
2025-06-22 19:30:00,185.4833333333332
2025-06-22 20:00:00,221.0499999999998
2025-06-22 20:30:00,224.0499999999998
2025-06-22 21:00:00,224.1500000000002
2025-06-22 21:30:00,233.1333333333336
2025-06-22 22:00:00,239.4166666666666
2025-06-22 22:30:00,264.4333333333332
2025-06-22 23:00:00,287.2833333333332
2025-06-22 23:30:00,304.3
2025-06-23 00:00:00,324.1500000000002
2025-06-23 00:30:00,333.1500000000002
2025-06-23 01:00:00,328.2666666666664
2025-06-23 01:30:00,344.2666666666666
2025-06-23 02:00:00,354.1333333333334
2025-06-23 02:30:00,362.1166666666668
2025-06-23 03:00:00,369.9666666666668
2025-06-23 03:30:00,368.0
2025-06-23 04:00:00,367.65
2025-06-23 04:30:00,346.66666666666663
2025-06-23 05:00:00,329.8
2025-06-23 05:30:00,317.76666666666677
2025-06-23 06:00:00,304.8666666666666
2025-06-23 06:30:00,296.8833333333332
2025-06-23 07:00:00,288.3833333333332
2025-06-23 07:30:00,250.9166666666666
2025-06-23 08:00:00,221.4
2025-06-23 08:30:00,172.1833333333332
2025-06-23 09:00:00,123.5
2025-06-23 09:30:00,92.5333333333334
2025-06-23 10:00:00,64.16666666666669
2025-06-23 10:30:00,74.18333333333334
2025-06-23 11:00:00,85.15000000000006
2025-06-23 11:30:00,1.566666666666666
2025-06-23 12:00:00,127.8333333333334
2025-06-23 12:30:00,130.3833333333332
2025-06-23 13:00:00,2.55
2025-06-23 13:30:00,10.85
2025-06-23 14:00:00,251.0
2025-06-23 14:30:00,325.731
2025-06-23 15:00:00,251.0833333333332
2025-06-23 15:30:00,273.589654722222
2025-06-23 16:00:00,277.8236783333334
2025-06-23 16:30:00,300.7471777777778
2025-06-23 17:00:00,328.5893883333332
2025-06-23 17:30:00,345.5503494444444
2025-06-23 18:00:00,365.2061749999998
2025-06-23 18:30:00,377.2881055555554
2025-06-23 19:00:00,389.2641319444444
2025-06-23 19:30:00,391.96033916666636
2025-06-23 20:00:00,387.2420544444444
2025-06-23 20:30:00,392.7776069444446
2025-06-23 21:00:00,399.2549833333332
2025-06-23 21:30:00,402.774272222222
2025-06-23 22:00:00,406.3685822222224
2025-06-23 22:30:00,402.6005116666668
2025-06-23 23:00:00,399.6151850000002
2025-06-23 23:30:00,393.590875
2025-06-24 00:00:00,386.460448888889
2025-06-24 00:30:00,379.23167611111097
2025-06-24 01:00:00,371.64718
2025-06-24 01:30:00,475.8401266666666
2025-06-24 02:00:00,368.4626816666666
2025-06-24 02:30:00,319.4833333333334
2025-06-24 03:00:00,289.4666666666666
2025-06-24 03:30:00,257.3999999999998
2025-06-24 04:00:00,225.7166666666668
2025-06-24 04:30:00,212.76666666666682
2025-06-24 05:00:00,208.6333333333332
2025-06-24 05:30:00,186.3666666666668
2025-06-24 06:00:00,164.6333333333332
2025-06-24 06:30:00,142.6166666666666
2025-06-24 07:00:00,121.7666666666668
2025-06-24 07:30:00,107.7666666666668
2025-06-24 08:00:00,63.84999999999998
2025-06-24 08:30:00,46.95
2025-06-24 09:00:00,9.33333333333334
2025-06-24 09:30:00,0.0
2025-06-24 10:00:00,0.0
2025-06-24 10:30:00,0.0
2025-06-24 11:00:00,0.0
2025-06-24 11:30:00,0.0
2025-06-24 12:00:00,0.0
2025-06-24 12:30:00,0.0
2025-06-24 13:00:00,0.0
2025-06-24 13:30:00,0.0
2025-06-24 14:00:00,0.0
2025-06-24 14:30:00,0.0
2025-06-24 15:00:00,0.0
2025-06-24 15:30:00,0.0
2025-06-24 16:00:00,0.0
2025-06-24 16:30:00,0.0
2025-06-24 17:00:00,0.0
2025-06-24 17:30:00,0.0
2025-06-24 18:00:00,0.0
2025-06-24 18:30:00,0.0
2025-06-24 19:00:00,0.0
2025-06-24 19:30:00,0.0
2025-06-24 20:00:00,0.0
2025-06-24 20:30:00,0.0
2025-06-24 21:00:00,0.0
2025-06-24 21:30:00,0.0
2025-06-24 22:00:00,0.0
2025-06-24 22:30:00,0.0
2025-06-24 23:00:00,0.0
2025-06-24 23:30:00,0.0
2025-06-25 00:00:00,0.0
2025-06-25 00:30:00,0.0
2025-06-25 01:00:00,0.0
2025-06-25 01:30:00,0.0
2025-06-25 02:00:00,0.0
2025-06-25 02:30:00,0.0
2025-06-25 03:00:00,0.0
2025-06-25 03:30:00,0.0
2025-06-25 04:00:00,0.0
2025-06-25 04:30:00,0.0
2025-06-25 05:00:00,0.0
2025-06-25 05:30:00,0.0
2025-06-25 06:00:00,0.0
2025-06-25 06:30:00,0.0
2025-06-25 07:00:00,0.0
2025-06-25 07:30:00,0.0
2025-06-25 08:00:00,0.0
2025-06-25 08:30:00,0.0
2025-06-25 09:00:00,0.0
2025-06-25 09:30:00,0.0
2025-06-25 10:00:00,0.0
2025-06-25 10:30:00,0.0
2025-06-25 11:00:00,0.0
2025-06-25 11:30:00,0.0
2025-06-25 12:00:00,0.0
2025-06-25 12:30:00,0.0
2025-06-25 13:00:00,0.0
2025-06-25 13:30:00,0.0
2025-06-25 14:00:00,0.0
2025-06-25 14:30:00,0.0
2025-06-25 15:00:00,15.81666666666666
2025-06-25 15:30:00,47.06666666666664
2025-06-25 16:00:00,52.03333333333332
2025-06-25 16:30:00,54.08333333333332
2025-06-25 17:00:00,61.13333333333334
2025-06-25 17:30:00,69.15000000000002
2025-06-25 18:00:00,76.08333333333331
2025-06-25 18:30:00,81.0833333333332
2025-06-25 19:00:00,85.13333333333347
2025-06-25 19:30:00,93.11666666666666
2025-06-25 20:00:00,102.95000000000019
2025-06-25 20:30:00,99.9666666666668
2025-06-25 21:00:00,96.95000000000013
2025-06-25 21:30:00,94.0
2025-06-25 22:00:00,63.33333333333334
2025-06-25 22:30:00,0.0
2025-06-25 23:00:00,0.0
2025-06-25 23:30:00,0.0
2025-06-26 00:00:00,0.0
2025-06-26 00:30:00,0.0
2025-06-26 01:00:00,0.0
2025-06-26 01:30:00,0.0
2025-06-26 02:00:00,0.0
2025-06-26 02:30:00,0.0
2025-06-26 03:00:00,0.0
2025-06-26 03:30:00,0.0
2025-06-26 04:00:00,0.0
2025-06-26 04:30:00,0.0
2025-06-26 05:00:00,174.1333333333334
2025-06-26 05:30:00,256.1
2025-06-26 06:00:00,244.04999999999978
2025-06-26 06:30:00,208.7666666666666
2025-06-26 07:00:00,145.84999999999988
2025-06-26 07:30:00,180.8166666666666
2025-06-26 08:00:00,197.78333333333342
2025-06-26 08:30:00,184.8
2025-06-26 09:00:00,170.88333333333318
2025-06-26 09:30:00,163.9166666666668
2025-06-26 10:00:00,156.9833333333334
2025-06-26 10:30:00,182.4166666666666
2025-06-26 11:00:00,200.7
2025-06-26 11:30:00,186.65
2025-06-26 12:00:00,170.6833333333332
2025-06-26 12:30:00,151.6833333333332
2025-06-26 13:00:00,166.4333333333334
2025-06-26 13:30:00,3.0666666666666638
2025-06-26 14:00:00,0.0
2025-06-26 14:30:00,0.0
2025-06-26 15:00:00,0.0
2025-06-26 15:30:00,0.0
2025-06-26 16:00:00,236.0
2025-06-26 16:30:00,236.0
2025-06-26 17:00:00,236.0666666666666
2025-06-26 17:30:00,240.04999999999978
2025-06-26 18:00:00,242.95000000000022
2025-06-26 18:30:00,275.0333333333334
2025-06-26 19:00:00,275.9
2025-06-26 19:30:00,269.8666666666666
2025-06-26 20:00:00,251.0333333333332
2025-06-26 20:30:00,253.0166666666666
2025-06-26 21:00:00,251.9666666666668
2025-06-26 21:30:00,222.5
2025-06-26 22:00:00,195.79999999999978
2025-06-26 22:30:00,226.3666666666664
2025-06-26 23:00:00,246.1333333333336
2025-06-26 23:30:00,254.1666666666668
2025-06-27 00:00:00,261.1500000000002
2025-06-27 00:30:00,270.1500000000002
2025-06-27 01:00:00,282.7833333333334
2025-06-27 01:30:00,278.3833333333334
2025-06-27 02:00:00,258.0333333333332
2025-06-27 02:30:00,260.0166666666666
2025-06-27 03:00:00,259.0499999999998
2025-06-27 03:30:00,262.0499999999998
2025-06-27 04:00:00,263.0
2025-06-27 04:30:00,262.9833333333334
2025-06-27 05:00:00,258.0333333333332
2025-06-27 05:30:00,260.0499999999998
2025-06-27 06:00:00,260.0
2025-06-27 06:30:00,260.0
2025-06-27 07:00:00,255.8333333333332
2025-06-27 07:30:00,245.78333333333342
2025-06-27 08:00:00,208.3833333333332
2025-06-27 08:30:00,169.8666666666666
2025-06-27 09:00:00,163.8833333333332
2025-06-27 09:30:00,119.53333333333339
2025-06-27 10:00:00,92.9166666666666
2025-06-27 10:30:00,87.2666666666666
2025-06-27 11:00:00,44.0
2025-06-27 11:30:00,106.7833333333334
2025-06-27 12:00:00,111.0666666666666
2025-06-27 12:30:00,84.4833333333332
2025-06-27 13:00:00,0.0
2025-06-27 13:30:00,0.0
2025-06-27 14:00:00,0.0
2025-06-27 14:30:00,0.0
2025-06-27 15:00:00,111.1166666666666
2025-06-27 15:30:00,132.8333333333332
2025-06-27 16:00:00,122.9333333333336
2025-06-27 16:30:00,118.9333333333336
2025-06-27 17:00:00,114.8333333333332
2025-06-27 17:30:00,104.8499999999998
2025-06-27 18:00:00,95.7833333333334
2025-06-27 18:30:00,82.76666666666674
2025-06-27 19:00:00,69.35000000000002
2025-06-27 19:30:00,107.35
2025-06-27 20:00:00,129.4833333333332
2025-06-27 20:30:00,158.5499999999998
2025-06-27 21:00:00,186.4833333333334
2025-06-27 21:30:00,211.6
2025-06-27 22:00:00,232.85
2025-06-27 22:30:00,283.8333333333334
2025-06-27 23:00:00,333.58333333333337
2025-06-27 23:30:00,368.7166666666666
2025-06-28 00:00:00,403.1833333333332
2025-06-28 00:30:00,412.1666666666668
2025-06-28 01:00:00,428.0166666666666
2025-06-28 01:30:00,27.15
2025-06-28 02:00:00,0.0
2025-06-28 02:30:00,0.0
2025-06-28 03:00:00,163.7999999999998
2025-06-28 03:30:00,0.0
2025-06-28 04:00:00,27.2
2025-06-28 04:30:00,432.0
2025-06-28 05:00:00,432.0
2025-06-28 05:30:00,432.0
2025-06-28 06:00:00,431.9833333333334
2025-06-28 06:30:00,430.9666666666668
2025-06-28 07:00:00,429.0333333333332
2025-06-28 07:30:00,415.08333333333337
2025-06-28 08:00:00,0.0
2025-06-28 08:30:00,0.0
2025-06-28 09:00:00,0.0
2025-06-28 09:30:00,0.0
2025-06-28 10:00:00,0.0
2025-06-28 10:30:00,0.0
2025-06-28 11:00:00,0.0
2025-06-28 11:30:00,0.0
2025-06-28 12:00:00,0.0
2025-06-28 12:30:00,0.0
2025-06-28 13:00:00,0.0
2025-06-28 13:30:00,0.0
2025-06-28 14:00:00,0.0
2025-06-28 14:30:00,0.0
2025-06-28 15:00:00,0.0
2025-06-28 15:30:00,0.0
2025-06-28 16:00:00,0.0
2025-06-28 16:30:00,0.0
2025-06-28 17:00:00,0.0
2025-06-28 17:30:00,27.2
2025-06-28 18:00:00,432.0
2025-06-28 18:30:00,432.0
2025-06-28 19:00:00,432.0
2025-06-28 19:30:00,432.0
2025-06-28 20:00:00,432.0
2025-06-28 20:30:00,432.0
2025-06-28 21:00:00,432.0
2025-06-28 21:30:00,432.0
2025-06-28 22:00:00,432.0
2025-06-28 22:30:00,432.0
2025-06-28 23:00:00,432.0
2025-06-28 23:30:00,369.0169455555556
2025-06-29 00:00:00,384.0
2025-06-29 00:30:00,384.0
2025-06-29 01:00:00,384.0
2025-06-29 01:30:00,407.2
2025-06-29 02:00:00,432.0
2025-06-29 02:30:00,432.0
2025-06-29 03:00:00,432.0
2025-06-29 03:30:00,432.0
2025-06-29 04:00:00,432.0
2025-06-29 04:30:00,432.0
2025-06-29 05:00:00,432.0
2025-06-29 05:30:00,432.0
2025-06-29 06:00:00,432.0
2025-06-29 06:30:00,432.0
2025-06-29 07:00:00,432.0
2025-06-29 07:30:00,432.0
2025-06-29 08:00:00,432.0
2025-06-29 08:30:00,432.0
2025-06-29 09:00:00,432.0
2025-06-29 09:30:00,432.0
2025-06-29 10:00:00,432.0
2025-06-29 10:30:00,432.0
2025-06-29 11:00:00,431.9833333333334
2025-06-29 11:30:00,431.0
2025-06-29 12:00:00,431.0
2025-06-29 12:30:00,431.0
2025-06-29 13:00:00,430.9500000000002
2025-06-29 13:30:00,427.9833333333334
2025-06-29 14:00:00,197.40000000000006
2025-06-29 14:30:00,22.75
2025-06-29 15:00:00,0.0
2025-06-29 15:30:00,0.0
2025-06-29 16:00:00,0.0
2025-06-29 16:30:00,0.0
2025-06-29 17:00:00,0.0
2025-06-29 17:30:00,0.0
2025-06-29 18:00:00,0.0
2025-06-29 18:30:00,0.433333333333334
2025-06-29 19:00:00,123.1333333333332
2025-06-29 19:30:00,143.35
2025-06-29 20:00:00,108.5833333333332
2025-06-29 20:30:00,83.60000000000005
2025-06-29 21:00:00,59.81666666666666
2025-06-29 21:30:00,48.833333333333314
2025-06-29 22:00:00,39.13333333333336
2025-06-29 22:30:00,47.11666666666668
2025-06-29 23:00:00,54.40000000000002
2025-06-29 23:30:00,78.43333333333334
2025-06-30 00:00:00,90.5833333333332
2025-06-30 00:30:00,133.46666666666658
2025-06-30 01:00:00,137.1666666666668
2025-06-30 01:30:00,189.4166666666666
2025-06-30 02:00:00,229.88333333333318
2025-06-30 02:30:00,280.8666666666668
2025-06-30 03:00:00,333.35
2025-06-30 03:30:00,354.4666666666668
2025-06-30 04:00:00,375.8166666666666
2025-06-30 04:30:00,364.8333333333332
2025-06-30 05:00:00,354.9
2025-06-30 05:30:00,348.9166666666668
2025-06-30 06:00:00,343.0
2025-06-30 06:30:00,343.0166666666666
2025-06-30 07:00:00,345.0166666666666
2025-06-30 07:30:00,345.9833333333334
2025-06-30 08:00:00,370.0
2025-06-30 08:30:00,369.9666666666668
2025-06-30 09:00:00,367.0333333333332
2025-06-30 09:30:00,369.0166666666666
2025-06-30 10:00:00,369.08333333333337
2025-06-30 10:30:00,374.0666666666666
2025-06-30 11:00:00,377.0833333333332
2025-06-30 11:30:00,382.0833333333332
2025-06-30 12:00:00,384.9666666666668
2025-06-30 12:30:00,382.9666666666668
2025-06-30 13:00:00,401.9333333333334
2025-06-30 13:30:00,360.4500000000002
2025-06-30 14:00:00,144.7
2025-06-30 14:30:00,0.0
2025-06-30 15:00:00,64.9
2025-06-30 15:30:00,47.79999999999994
2025-06-30 16:00:00,79.2
2025-06-30 16:30:00,0.0
2025-06-30 17:00:00,0.0
2025-06-30 17:30:00,0.0
2025-06-30 18:00:00,0.0
2025-06-30 18:30:00,0.0
2025-06-30 19:00:00,0.0
2025-06-30 19:30:00,0.0
2025-06-30 20:00:00,0.0
2025-06-30 20:30:00,0.0
2025-06-30 21:00:00,18.48333333333336
2025-06-30 21:30:00,108.7666666666668
2025-06-30 22:00:00,83.0333333333332
2025-06-30 22:30:00,0.0
2025-06-30 23:00:00,0.0
2025-06-30 23:30:00,0.0
2025-07-01 00:00:00,0.0
2025-07-01 00:30:00,0.0
2025-07-01 01:00:00,0.0
2025-07-01 01:30:00,0.0
2025-07-01 02:00:00,0.0
2025-07-01 02:30:00,0.0
2025-07-01 03:00:00,0.0
2025-07-01 03:30:00,0.0
2025-07-01 04:00:00,0.0
2025-07-01 04:30:00,0.0
2025-07-01 05:00:00,0.0
2025-07-01 05:30:00,0.0
2025-07-01 06:00:00,0.0
2025-07-01 06:30:00,0.0
2025-07-01 07:00:00,0.0
2025-07-01 07:30:00,0.0
2025-07-01 08:00:00,0.0
2025-07-01 08:30:00,0.0
2025-07-01 09:00:00,0.0
2025-07-01 09:30:00,0.0
2025-07-01 10:00:00,0.0
2025-07-01 10:30:00,0.0
2025-07-01 11:00:00,0.0
2025-07-01 11:30:00,0.0
2025-07-01 12:00:00,0.0
2025-07-01 12:30:00,0.0
2025-07-01 13:00:00,0.0
2025-07-01 13:30:00,0.0
2025-07-01 14:00:00,0.0
2025-07-01 14:30:00,0.0
2025-07-01 15:00:00,0.0
2025-07-01 15:30:00,0.0
2025-07-01 16:00:00,0.0
2025-07-01 16:30:00,0.0
2025-07-01 17:00:00,0.0
2025-07-01 17:30:00,0.0
2025-07-01 18:00:00,0.0
2025-07-01 18:30:00,0.0
2025-07-01 19:00:00,0.0
2025-07-01 19:30:00,0.0
2025-07-01 20:00:00,0.0
2025-07-01 20:30:00,0.0
2025-07-01 21:00:00,0.0
2025-07-01 21:30:00,0.0
2025-07-01 22:00:00,0.0
2025-07-01 22:30:00,0.0
2025-07-01 23:00:00,0.0
2025-07-01 23:30:00,0.0
2025-07-02 00:00:00,0.0
2025-07-02 00:30:00,0.0
2025-07-02 01:00:00,0.0
2025-07-02 01:30:00,0.0
2025-07-02 02:00:00,0.0
2025-07-02 02:30:00,0.0
2025-07-02 03:00:00,0.0
2025-07-02 03:30:00,0.0
2025-07-02 04:00:00,0.0
2025-07-02 04:30:00,0.0
2025-07-02 05:00:00,0.0
2025-07-02 05:30:00,0.0
2025-07-02 06:00:00,0.0
2025-07-02 06:30:00,0.0
2025-07-02 07:00:00,0.0
2025-07-02 07:30:00,0.0
2025-07-02 08:00:00,0.0
2025-07-02 08:30:00,0.0
2025-07-02 09:00:00,0.0
2025-07-02 09:30:00,0.0
2025-07-02 10:00:00,0.0
2025-07-02 10:30:00,0.0
2025-07-02 11:00:00,0.0
2025-07-02 11:30:00,0.0
2025-07-02 12:00:00,0.0
2025-07-02 12:30:00,0.0
2025-07-02 13:00:00,0.0
2025-07-02 13:30:00,0.0
2025-07-02 14:00:00,0.0
2025-07-02 14:30:00,0.0
2025-07-02 15:00:00,0.0
2025-07-02 15:30:00,0.0
2025-07-02 16:00:00,0.0
2025-07-02 16:30:00,0.0
2025-07-02 17:00:00,0.0
2025-07-02 17:30:00,0.0
2025-07-02 18:00:00,0.0
2025-07-02 18:30:00,0.0
2025-07-02 19:00:00,0.0
2025-07-02 19:30:00,0.0
2025-07-02 20:00:00,0.0
2025-07-02 20:30:00,0.0
2025-07-02 21:00:00,0.0
2025-07-02 21:30:00,0.0
2025-07-02 22:00:00,0.0
2025-07-02 22:30:00,0.0
2025-07-02 23:00:00,0.0
2025-07-02 23:30:00,0.0
2025-07-03 00:00:00,0.0
2025-07-03 00:30:00,0.0
2025-07-03 01:00:00,0.0
2025-07-03 01:30:00,0.0
2025-07-03 02:00:00,0.0
2025-07-03 02:30:00,0.0
2025-07-03 03:00:00,0.0
2025-07-03 03:30:00,0.0
2025-07-03 04:00:00,0.0
2025-07-03 04:30:00,0.0
2025-07-03 05:00:00,0.0
2025-07-03 05:30:00,0.0
2025-07-03 06:00:00,0.0
2025-07-03 06:30:00,0.0
2025-07-03 07:00:00,0.0
2025-07-03 07:30:00,0.0
2025-07-03 08:00:00,0.0
2025-07-03 08:30:00,0.0
2025-07-03 09:00:00,0.0
2025-07-03 09:30:00,0.0
2025-07-03 10:00:00,0.0
2025-07-03 10:30:00,0.0
2025-07-03 11:00:00,17.25
2025-07-03 11:30:00,123.28333333333319
2025-07-03 12:00:00,138.3166666666666
2025-07-03 12:30:00,157.3
2025-07-03 13:00:00,183.35
2025-07-03 13:30:00,202.3833333333336
2025-07-03 14:00:00,206.1833333333334
2025-07-03 14:30:00,215.1500000000002
2025-07-03 15:00:00,221.3666666666668
2025-07-03 15:30:00,241.3
2025-07-03 16:00:00,255.9166666666668
2025-07-03 16:30:00,250.9166666666668
2025-07-03 17:00:00,254.9833333333334
2025-07-03 17:30:00,254.0
2025-07-03 18:00:00,250.7333333333334
2025-07-03 18:30:00,234.7
2025-07-03 19:00:00,217.5333333333334
2025-07-03 19:30:00,191.4333333333332
2025-07-03 20:00:00,196.70000000000002
2025-07-03 20:30:00,182.6666666666668
2025-07-03 21:00:00,165.8166666666666
2025-07-03 21:30:00,154.8166666666666
2025-07-03 22:00:00,143.11666666666662
2025-07-03 22:30:00,150.10000000000002
2025-07-03 23:00:00,155.1666666666668
2025-07-03 23:30:00,165.1666666666668
2025-07-04 00:00:00,173.76666666666682
2025-07-04 00:30:00,159.7333333333334
2025-07-04 01:00:00,140.0333333333332
2025-07-04 01:30:00,142.0333333333332
2025-07-04 02:00:00,146.1833333333334
2025-07-04 02:30:00,157.1500000000002
2025-07-04 03:00:00,164.89999999999998
2025-07-04 03:30:00,158.89999999999998
2025-07-04 04:00:00,153.1333333333334
2025-07-04 04:30:00,161.1666666666668
2025-07-04 05:00:00,157.9833333333334
2025-07-04 05:30:00,156.9833333333334
2025-07-04 06:00:00,154.9500000000002
2025-07-04 06:30:00,151.9833333333334
2025-07-04 07:00:00,149.88333333333338
2025-07-04 07:30:00,142.9166666666668
2025-07-04 08:00:00,136.0166666666666
2025-07-04 08:30:00,137.0166666666666
2025-07-04 09:00:00,137.11666666666682
2025-07-04 09:30:00,144.10000000000002
2025-07-04 10:00:00,150.10000000000002
2025-07-04 10:30:00,150.95000000000002
2025-07-04 11:00:00,117.0
2025-07-04 11:30:00,1.950000000000002
2025-07-04 12:00:00,0.0
2025-07-04 12:30:00,0.0
2025-07-04 13:00:00,0.0
2025-07-04 13:30:00,0.0
2025-07-04 14:00:00,0.0
2025-07-04 14:30:00,0.0
2025-07-04 15:00:00,0.0
2025-07-04 15:30:00,0.0
2025-07-04 16:00:00,214.6166666666664
2025-07-04 16:30:00,218.8333333333332
2025-07-04 17:00:00,193.8333333333332
2025-07-04 17:30:00,183.8166666666666
2025-07-04 18:00:00,170.6833333333334
2025-07-04 18:30:00,155.7333333333334
2025-07-04 19:00:00,137.55
2025-07-04 19:30:00,110.5166666666666
2025-07-04 20:00:00,110.6333333333332
2025-07-04 20:30:00,88.69999999999987
2025-07-04 21:00:00,69.61666666666666
2025-07-04 21:30:00,46.63333333333334
2025-07-04 22:00:00,24.88333333333334
2025-07-04 22:30:00,17.86666666666666
2025-07-04 23:00:00,10.0
2025-07-04 23:30:00,10.0
2025-07-05 00:00:00,10.0
2025-07-05 00:30:00,10.0
2025-07-05 01:00:00,8.03333333333332
2025-07-05 01:30:00,10.01666666666666
2025-07-05 02:00:00,4.0
2025-07-05 02:30:00,4.033333333333331
2025-07-05 03:00:00,4.5
2025-07-05 03:30:00,3.0166666666666657
2025-07-05 04:00:00,2.9833333333333343
2025-07-05 04:30:00,1.366666666666668
2025-07-05 05:00:00,0.0
2025-07-05 05:30:00,0.0
2025-07-05 06:00:00,0.0
2025-07-05 06:30:00,0.0
2025-07-05 07:00:00,0.0
2025-07-05 07:30:00,0.0
2025-07-05 08:00:00,0.0
2025-07-05 08:30:00,0.0
2025-07-05 09:00:00,0.0
2025-07-05 09:30:00,0.0
2025-07-05 10:00:00,0.0
2025-07-05 10:30:00,0.0
2025-07-05 11:00:00,0.0
2025-07-05 11:30:00,0.0
2025-07-05 12:00:00,0.0
2025-07-05 12:30:00,22.91666666666666
2025-07-05 13:00:00,48.98333333333334
2025-07-05 13:30:00,75.98333333333333
2025-07-05 14:00:00,145.11666666666662
2025-07-05 14:30:00,152.1333333333336
2025-07-05 15:00:00,157.1333333333334
2025-07-05 15:30:00,0.0
2025-07-05 16:00:00,2.95
2025-07-05 16:30:00,177.0333333333332
2025-07-05 17:00:00,179.0499999999998
2025-07-05 17:30:00,191.10000000000002
2025-07-05 18:00:00,195.3333333333334
2025-07-05 18:30:00,209.1833333333334
2025-07-05 19:00:00,219.25
2025-07-05 19:30:00,234.2666666666666
2025-07-05 20:00:00,241.8666666666666
2025-07-05 20:30:00,233.89999999999998
2025-07-05 21:00:00,225.89999999999998
2025-07-05 21:30:00,219.89999999999998
2025-07-05 22:00:00,211.9333333333336
2025-07-05 22:30:00,207.9333333333336
2025-07-05 23:00:00,118.53333333333346
2025-07-05 23:30:00,0.0
2025-07-06 00:00:00,0.0
2025-07-06 00:30:00,0.0
2025-07-06 01:00:00,0.0
2025-07-06 01:30:00,0.0
2025-07-06 02:00:00,0.0
2025-07-06 02:30:00,0.0
2025-07-06 03:00:00,0.0
2025-07-06 03:30:00,0.0
2025-07-06 04:00:00,0.0
2025-07-06 04:30:00,0.0
2025-07-06 05:00:00,0.0
2025-07-06 05:30:00,0.0
2025-07-06 06:00:00,0.0
2025-07-06 06:30:00,0.0
2025-07-06 07:00:00,0.0
2025-07-06 07:30:00,0.0
2025-07-06 08:00:00,0.0
2025-07-06 08:30:00,0.0
2025-07-06 09:00:00,0.0
2025-07-06 09:30:00,0.0
2025-07-06 10:00:00,0.0
2025-07-06 10:30:00,0.0
2025-07-06 11:00:00,0.0
2025-07-06 11:30:00,0.0
2025-07-06 12:00:00,0.0
2025-07-06 12:30:00,0.0
2025-07-06 13:00:00,0.0
2025-07-06 13:30:00,0.0
2025-07-06 14:00:00,0.0
2025-07-06 14:30:00,0.0
2025-07-06 15:00:00,0.0
2025-07-06 15:30:00,0.0
2025-07-06 16:00:00,0.0
2025-07-06 16:30:00,0.0
2025-07-06 17:00:00,0.0
2025-07-06 17:30:00,0.0
2025-07-06 18:00:00,0.0
2025-07-06 18:30:00,2.43333333333334
2025-07-06 19:00:00,145.0
2025-07-06 19:30:00,201.1333333333336
2025-07-06 20:00:00,191.6833333333334
2025-07-06 20:30:00,174.7500000000002
2025-07-06 21:00:00,158.8166666666666
2025-07-06 21:30:00,147.8333333333332
2025-07-06 22:00:00,137.9500000000002
2025-07-06 22:30:00,134.9500000000002
2025-07-06 23:00:00,130.8499999999998
2025-07-06 23:30:00,121.8499999999998
2025-07-07 00:00:00,112.8833333333332
2025-07-07 00:30:00,105.9
2025-07-07 01:00:00,114.0166666666666
2025-07-07 01:30:00,115.0333333333332
2025-07-07 02:00:00,114.1166666666668
2025-07-07 02:30:00,121.1166666666668
2025-07-07 03:00:00,129.0166666666666
2025-07-07 03:30:00,130.0333333333332
2025-07-07 04:00:00,133.8666666666664
2025-07-07 04:30:00,125.8666666666666
2025-07-07 05:00:00,119.9333333333336
2025-07-07 05:30:00,115.9166666666668
2025-07-07 06:00:00,111.0166666666666
2025-07-07 06:30:00,111.9833333333334
2025-07-07 07:00:00,110.94999999999999
2025-07-07 07:30:00,107.9333333333336
2025-07-07 08:00:00,111.9333333333336
2025-07-07 08:30:00,107.9333333333334
2025-07-07 09:00:00,103.9666666666668
2025-07-07 09:30:00,101.9833333333334
2025-07-07 10:00:00,99.2
2025-07-07 10:30:00,111.2
2025-07-07 11:00:00,123.0666666666664
2025-07-07 11:30:00,138.2
2025-07-07 12:00:00,147.4999999999998
2025-07-07 12:30:00,0.0
2025-07-07 13:00:00,101.4999999999998
2025-07-07 13:30:00,156.3
2025-07-07 14:00:00,6.666666666666666
2025-07-07 14:30:00,223.2666666666664
2025-07-07 15:00:00,10.46666666666666
2025-07-07 15:30:00,10.86666666666668
2025-07-07 16:00:00,252.04999999999978
2025-07-07 16:30:00,255.0833333333332
2025-07-07 17:00:00,260.0499999999998
2025-07-07 17:30:00,263.0166666666666
2025-07-07 18:00:00,263.9666666666668
2025-07-07 18:30:00,261.9333333333334
2025-07-07 19:00:00,257.8666666666664
2025-07-07 19:30:00,249.8666666666664
2025-07-07 20:00:00,241.9500000000002
2025-07-07 20:30:00,258.0
2025-07-07 21:00:00,254.93333333333362
2025-07-07 21:30:00,250.93333333333362
2025-07-07 22:00:00,244.6166666666666
2025-07-07 22:30:00,221.3166666666666
2025-07-07 23:00:00,194.6333333333332
2025-07-07 23:30:00,172.6333333333332
2025-07-08 00:00:00,149.7333333333336
2025-07-08 00:30:00,133.7500000000002
2025-07-08 01:00:00,108.95
2025-07-08 01:30:00,105.95
2025-07-08 02:00:00,99.8833333333332
2025-07-08 02:30:00,92.9166666666668
2025-07-08 03:00:00,86.88333333333333
2025-07-08 03:30:00,77.19999999999986
2025-07-08 04:00:00,55.86666666666666
2025-07-08 04:30:00,47.899999999999984
2025-07-08 05:00:00,41.93333333333334
2025-07-08 05:30:00,37.89999999999998
2025-07-08 06:00:00,31.950000000000017
2025-07-08 06:30:00,28.950000000000017
2025-07-08 07:00:00,25.950000000000017
2025-07-08 07:30:00,9.71666666666666
2025-07-08 08:00:00,0.0
2025-07-08 08:30:00,0.0
2025-07-08 09:00:00,0.0
2025-07-08 09:30:00,0.0
2025-07-08 10:00:00,0.0
2025-07-08 10:30:00,0.0
2025-07-08 11:00:00,0.0
2025-07-08 11:30:00,0.0
2025-07-08 12:00:00,0.0
2025-07-08 12:30:00,0.0
2025-07-08 13:00:00,0.0
2025-07-08 13:30:00,0.0
2025-07-08 14:00:00,0.0
2025-07-08 14:30:00,0.0
2025-07-08 15:00:00,0.0
2025-07-08 15:30:00,0.0
2025-07-08 16:00:00,0.0
2025-07-08 16:30:00,0.0
2025-07-08 17:00:00,0.0
2025-07-08 17:30:00,0.0
2025-07-08 18:00:00,0.0
2025-07-08 18:30:00,0.0
2025-07-08 19:00:00,0.0
2025-07-08 19:30:00,0.0
2025-07-08 20:00:00,0.0
2025-07-08 20:30:00,0.0
2025-07-08 21:00:00,0.0
2025-07-08 21:30:00,0.0
2025-07-08 22:00:00,0.0
2025-07-08 22:30:00,0.0
2025-07-08 23:00:00,0.0
2025-07-08 23:30:00,0.0
2025-07-09 00:00:00,0.0
2025-07-09 00:30:00,0.0
2025-07-09 01:00:00,20.3
2025-07-09 01:30:00,45.1
2025-07-09 02:00:00,66.8333333333332
2025-07-09 02:30:00,56.85
2025-07-09 03:00:00,47.9666666666668
2025-07-09 03:30:00,45.95
2025-07-09 04:00:00,42.933333333333266
2025-07-09 04:30:00,38.949999999999946
2025-07-09 05:00:00,30.066666666666677
2025-07-09 05:30:00,34.06666666666668
2025-07-09 06:00:00,38.0
2025-07-09 06:30:00,25.96666666666666
2025-07-09 07:00:00,0.0
2025-07-09 07:30:00,0.0
2025-07-09 08:00:00,0.0
2025-07-09 08:30:00,0.0
2025-07-09 09:00:00,0.0
2025-07-09 09:30:00,0.0
2025-07-09 10:00:00,0.0
2025-07-09 10:30:00,0.0
2025-07-09 11:00:00,0.0
2025-07-09 11:30:00,0.0
2025-07-09 12:00:00,0.0
2025-07-09 12:30:00,0.0
2025-07-09 13:00:00,0.0
2025-07-09 13:30:00,0.0
2025-07-09 14:00:00,28.2833333333334
2025-07-09 14:30:00,10.45
2025-07-09 15:00:00,0.0
2025-07-09 15:30:00,0.0
2025-07-09 16:00:00,0.0
2025-07-09 16:30:00,0.0
2025-07-09 17:00:00,31.5
2025-07-09 17:30:00,118.0166666666666
2025-07-09 18:00:00,119.0666666666668
2025-07-09 18:30:00,28.5
2025-07-09 19:00:00,0.0
2025-07-09 19:30:00,39.4166666666666
2025-07-09 20:00:00,18.33333333333334
2025-07-09 20:30:00,0.0
2025-07-09 21:00:00,0.0
2025-07-09 21:30:00,0.0
2025-07-09 22:00:00,0.0
2025-07-09 22:30:00,0.0
2025-07-09 23:00:00,0.0
2025-07-09 23:30:00,0.0
2025-07-10 00:00:00,0.0
2025-07-10 00:30:00,0.0
2025-07-10 01:00:00,128.98333333333335
2025-07-10 01:30:00,221.06666666666638
2025-07-10 02:00:00,206.11666666666662
2025-07-10 02:30:00,128.9833333333334
2025-07-10 03:00:00,206.1833333333334
2025-07-10 03:30:00,225.95000000000022
2025-07-10 04:00:00,222.8166666666666
2025-07-10 04:30:00,213.88333333333318
2025-07-10 05:00:00,204.0499999999998
2025-07-10 05:30:00,207.0666666666664
2025-07-10 06:00:00,209.9333333333336
2025-07-10 06:30:00,205.9333333333334
2025-07-10 07:00:00,201.2666666666664
2025-07-10 07:30:00,217.3666666666666
2025-07-10 08:00:00,224.3833333333334
2025-07-10 08:30:00,243.3500000000002
2025-07-10 09:00:00,262.24999999999983
2025-07-10 09:30:00,283.23333333333323
2025-07-10 10:00:00,298.3833333333334
2025-07-10 10:30:00,321.3833333333334
2025-07-10 11:00:00,344.0833333333332
2025-07-10 11:30:00,342.9166666666666
2025-07-10 12:00:00,340.3166666666666
2025-07-10 12:30:00,355.0333333333332
2025-07-10 13:00:00,345.0
2025-07-10 13:30:00,350.8666666666664
2025-07-10 14:00:00,342.9500000000002
2025-07-10 14:30:00,339.9333333333336
2025-07-10 15:00:00,320.0333333333332
2025-07-10 15:30:00,322.0166666666666
2025-07-10 16:00:00,324.8166666666666
2025-07-10 16:30:00,262.54999999999984
2025-07-10 17:00:00,233.9333333333334
2025-07-10 17:30:00,229.9166666666666
2025-07-10 18:00:00,224.9333333333334
2025-07-10 18:30:00,220.9333333333334
2025-07-10 19:00:00,215.7833333333334
2025-07-10 19:30:00,202.7666666666666
2025-07-10 20:00:00,210.70000000000002
2025-07-10 20:30:00,192.71666666666658
2025-07-10 21:00:00,79.14999999999993
2025-07-10 21:30:00,47.9166666666666
2025-07-10 22:00:00,97.8166666666666
2025-07-10 22:30:00,171.8166666666666
2025-07-10 23:00:00,158.89999999999998
2025-07-10 23:30:00,152.89999999999998
2025-07-11 00:00:00,146.9166666666668
2025-07-11 00:30:00,141.9333333333336
2025-07-11 01:00:00,151.10000000000002
2025-07-11 01:30:00,148.8166666666666
2025-07-11 02:00:00,74.21666666666667
2025-07-11 02:30:00,0.0
2025-07-11 03:00:00,0.0
2025-07-11 03:30:00,0.0
2025-07-11 04:00:00,0.0
2025-07-11 04:30:00,0.0
2025-07-11 05:00:00,0.0
2025-07-11 05:30:00,0.0
2025-07-11 06:00:00,0.0
2025-07-11 06:30:00,0.0
2025-07-11 07:00:00,0.0
2025-07-11 07:30:00,0.0
2025-07-11 08:00:00,0.0
2025-07-11 08:30:00,0.0
2025-07-11 09:00:00,0.0
2025-07-11 09:30:00,0.0
2025-07-11 10:00:00,0.0
2025-07-11 10:30:00,0.0
2025-07-11 11:00:00,0.0
2025-07-11 11:30:00,0.0
2025-07-11 12:00:00,0.0
2025-07-11 12:30:00,0.0
2025-07-11 13:00:00,0.0
2025-07-11 13:30:00,0.0
2025-07-11 14:00:00,0.0
2025-07-11 14:30:00,0.0
2025-07-11 15:00:00,0.0
2025-07-11 15:30:00,0.0
2025-07-11 16:00:00,0.0
2025-07-11 16:30:00,0.0
2025-07-11 17:00:00,0.0
2025-07-11 17:30:00,0.0
2025-07-11 18:00:00,0.0
2025-07-11 18:30:00,0.0
2025-07-11 19:00:00,0.0
2025-07-11 19:30:00,0.0
2025-07-11 20:00:00,0.0
2025-07-11 20:30:00,0.0
2025-07-11 21:00:00,0.0
2025-07-11 21:30:00,32.3
2025-07-11 22:00:00,38.13333333333336
2025-07-11 22:30:00,46.13333333333336
2025-07-11 23:00:00,54.21666666666666
2025-07-11 23:30:00,67.25000000000006
2025-07-12 00:00:00,80.26666666666665
2025-07-12 00:30:00,96.2666666666666
2025-07-12 01:00:00,19.12202416666668
2025-07-12 01:30:00,0.0
2025-07-12 02:00:00,0.0
2025-07-12 02:30:00,0.0
2025-07-12 03:00:00,0.0
2025-07-12 03:30:00,0.0
2025-07-12 04:00:00,0.0
2025-07-12 04:30:00,0.0
2025-07-12 05:00:00,0.0
2025-07-12 05:30:00,0.0
2025-07-12 06:00:00,0.0
2025-07-12 06:30:00,0.0
2025-07-12 07:00:00,0.0
2025-07-12 07:30:00,0.0
2025-07-12 08:00:00,0.0
2025-07-12 08:30:00,0.0
2025-07-12 09:00:00,0.0
2025-07-12 09:30:00,0.0
2025-07-12 10:00:00,0.0
2025-07-12 10:30:00,0.0
2025-07-12 11:00:00,0.0
2025-07-12 11:30:00,0.0
2025-07-12 12:00:00,0.0
2025-07-12 12:30:00,0.0
2025-07-12 13:00:00,0.0
2025-07-12 13:30:00,0.0
2025-07-12 14:00:00,0.0
2025-07-12 14:30:00,0.0
2025-07-12 15:00:00,0.0
2025-07-12 15:30:00,0.0
2025-07-12 16:00:00,0.0
2025-07-12 16:30:00,0.0
2025-07-12 17:00:00,0.0
2025-07-12 17:30:00,0.0
2025-07-12 18:00:00,0.0
2025-07-12 18:30:00,0.0
2025-07-12 19:00:00,0.0
2025-07-12 19:30:00,0.0
2025-07-12 20:00:00,0.0
2025-07-12 20:30:00,0.0
2025-07-12 21:00:00,0.0
2025-07-12 21:30:00,0.0
2025-07-12 22:00:00,0.0
2025-07-12 22:30:00,0.0
2025-07-12 23:00:00,0.0
2025-07-12 23:30:00,0.0
2025-07-13 00:00:00,0.0
2025-07-13 00:30:00,0.0
2025-07-13 01:00:00,0.0
2025-07-13 01:30:00,0.0
2025-07-13 02:00:00,0.0
2025-07-13 02:30:00,0.0
2025-07-13 03:00:00,0.0
2025-07-13 03:30:00,0.0
2025-07-13 04:00:00,0.0
2025-07-13 04:30:00,0.0
2025-07-13 05:00:00,0.0
2025-07-13 05:30:00,0.0
2025-07-13 06:00:00,0.0
2025-07-13 06:30:00,0.0
2025-07-13 07:00:00,0.0
2025-07-13 07:30:00,0.0
2025-07-13 08:00:00,0.0
2025-07-13 08:30:00,0.0
2025-07-13 09:00:00,0.0
2025-07-13 09:30:00,0.0
2025-07-13 10:00:00,0.0
2025-07-13 10:30:00,0.0
2025-07-13 11:00:00,0.0
2025-07-13 11:30:00,0.0
2025-07-13 12:00:00,0.0
2025-07-13 12:30:00,0.0
2025-07-13 13:00:00,0.0
2025-07-13 13:30:00,0.0
2025-07-13 14:00:00,0.0
2025-07-13 14:30:00,0.0
2025-07-13 15:00:00,0.0
2025-07-13 15:30:00,0.0
2025-07-13 16:00:00,0.0
2025-07-13 16:30:00,0.0
2025-07-13 17:00:00,0.0
2025-07-13 17:30:00,0.0
2025-07-13 18:00:00,0.0
2025-07-13 18:30:00,0.0
2025-07-13 19:00:00,0.0
2025-07-13 19:30:00,0.0
2025-07-13 20:00:00,0.0
2025-07-13 20:30:00,0.0
2025-07-13 21:00:00,0.0
2025-07-13 21:30:00,0.0
2025-07-13 22:00:00,0.0
2025-07-13 22:30:00,0.0
2025-07-13 23:00:00,0.0
2025-07-13 23:30:00,0.0
2025-07-14 00:00:00,0.4833333333333334
2025-07-14 00:30:00,29.166666666666682
2025-07-14 01:00:00,48.95000000000002
2025-07-14 01:30:00,45.95000000000002
2025-07-14 02:00:00,46.93333333333336
2025-07-14 02:30:00,0.7166666666666675
2025-07-14 03:00:00,0.0
2025-07-14 03:30:00,0.0
2025-07-14 04:00:00,24.38333333333334
2025-07-14 04:30:00,22.86666666666666
2025-07-14 05:00:00,15.0
2025-07-14 05:30:00,14.95000000000002
2025-07-14 06:00:00,2.383333333333334
2025-07-14 06:30:00,0.0
2025-07-14 07:00:00,0.0
2025-07-14 07:30:00,0.0
2025-07-14 08:00:00,0.0
2025-07-14 08:30:00,5.149999999999994
2025-07-14 09:00:00,8.0
2025-07-14 09:30:00,8.0
2025-07-14 10:00:00,8.0
2025-07-14 10:30:00,8.0
2025-07-14 11:00:00,8.01666666666666
2025-07-14 11:30:00,9.0
2025-07-14 12:00:00,9.0
2025-07-14 12:30:00,9.0
2025-07-14 13:00:00,10.066666666666661
2025-07-14 13:30:00,9.63333333333334
2025-07-14 14:00:00,0.0
2025-07-14 14:30:00,0.0
2025-07-14 15:00:00,0.0
2025-07-14 15:30:00,0.0
2025-07-14 16:00:00,0.0
2025-07-14 16:30:00,0.0
2025-07-14 17:00:00,0.0
2025-07-14 17:30:00,0.0
2025-07-14 18:00:00,0.0
2025-07-14 18:30:00,0.0
2025-07-14 19:00:00,0.0
2025-07-14 19:30:00,0.0
2025-07-14 20:00:00,0.0
2025-07-14 20:30:00,0.0
2025-07-14 21:00:00,0.0
2025-07-14 21:30:00,0.0
2025-07-14 22:00:00,0.0
2025-07-14 22:30:00,0.0
2025-07-14 23:00:00,0.0
2025-07-14 23:30:00,0.0
2025-07-15 00:00:00,0.0
2025-07-15 00:30:00,0.0
2025-07-15 01:00:00,0.0
2025-07-15 01:30:00,0.0
2025-07-15 02:00:00,0.0
2025-07-15 02:30:00,0.0
2025-07-15 03:00:00,0.0
2025-07-15 03:30:00,0.0
2025-07-15 04:00:00,0.0
2025-07-15 04:30:00,0.0
2025-07-15 05:00:00,0.0
2025-07-15 05:30:00,0.0
2025-07-15 06:00:00,0.0
2025-07-15 06:30:00,0.0
2025-07-15 07:00:00,0.0
2025-07-15 07:30:00,0.0
2025-07-15 08:00:00,0.0
2025-07-15 08:30:00,0.0
2025-07-15 09:00:00,0.0
2025-07-15 09:30:00,0.0
2025-07-15 10:00:00,0.0
2025-07-15 10:30:00,0.0
2025-07-15 11:00:00,0.0
2025-07-15 11:30:00,0.0
2025-07-15 12:00:00,0.0
2025-07-15 12:30:00,0.0
2025-07-15 13:00:00,0.0
2025-07-15 13:30:00,0.0
2025-07-15 14:00:00,0.0
2025-07-15 14:30:00,0.0
2025-07-15 15:00:00,0.0
2025-07-15 15:30:00,0.0
2025-07-15 16:00:00,16.28333333333334
2025-07-15 16:30:00,76.69999999999987
2025-07-15 17:00:00,60.833333333333314
2025-07-15 17:30:00,50.8
2025-07-15 18:00:00,38.86666666666664
2025-07-15 18:30:00,30.866666666666678
2025-07-15 19:00:00,23.333333333333318
2025-07-15 19:30:00,2.2
2025-07-15 20:00:00,0.0
2025-07-15 20:30:00,0.0
2025-07-15 21:00:00,0.0
2025-07-15 21:30:00,0.0
2025-07-15 22:00:00,0.0
2025-07-15 22:30:00,0.0
2025-07-15 23:00:00,0.0
2025-07-15 23:30:00,0.0
2025-07-16 00:00:00,0.0
2025-07-16 00:30:00,0.0
2025-07-16 01:00:00,0.0
2025-07-16 01:30:00,0.0
2025-07-16 02:00:00,0.0
2025-07-16 02:30:00,0.0
2025-07-16 03:00:00,0.0
2025-07-16 03:30:00,0.0
2025-07-16 04:00:00,0.0
2025-07-16 04:30:00,0.0
2025-07-16 05:00:00,0.0
2025-07-16 05:30:00,0.0
2025-07-16 06:00:00,0.0
2025-07-16 06:30:00,0.0
2025-07-16 07:00:00,0.0
2025-07-16 07:30:00,0.0
2025-07-16 08:00:00,0.0
2025-07-16 08:30:00,0.0
2025-07-16 09:00:00,0.0
2025-07-16 09:30:00,0.0
2025-07-16 10:00:00,0.0
2025-07-16 10:30:00,0.0
2025-07-16 11:00:00,0.0
2025-07-16 11:30:00,0.0
2025-07-16 12:00:00,0.0
2025-07-16 12:30:00,0.0
2025-07-16 13:00:00,0.0
2025-07-16 13:30:00,0.0
2025-07-16 14:00:00,0.0
2025-07-16 14:30:00,0.0
2025-07-16 15:00:00,0.0
2025-07-16 15:30:00,0.0
2025-07-16 16:00:00,0.0
2025-07-16 16:30:00,0.0
2025-07-16 17:00:00,0.0
2025-07-16 17:30:00,0.0
2025-07-16 18:00:00,0.0
2025-07-16 18:30:00,0.0
2025-07-16 19:00:00,0.0
2025-07-16 19:30:00,0.0
2025-07-16 20:00:00,0.0
2025-07-16 20:30:00,0.0
2025-07-16 21:00:00,0.0
2025-07-16 21:30:00,0.0
2025-07-16 22:00:00,0.0
2025-07-16 22:30:00,0.0
2025-07-16 23:00:00,0.0
2025-07-16 23:30:00,0.0
2025-07-17 00:00:00,0.0
2025-07-17 00:30:00,0.0
2025-07-17 01:00:00,0.0
2025-07-17 01:30:00,0.0
2025-07-17 02:00:00,0.0
2025-07-17 02:30:00,0.0
2025-07-17 03:00:00,0.0
2025-07-17 03:30:00,0.0
2025-07-17 04:00:00,0.0
2025-07-17 04:30:00,0.0
2025-07-17 05:00:00,0.0
2025-07-17 05:30:00,0.0
2025-07-17 06:00:00,0.0
2025-07-17 06:30:00,0.0
2025-07-17 07:00:00,0.0
2025-07-17 07:30:00,0.0
2025-07-17 08:00:00,0.0
2025-07-17 08:30:00,0.0
2025-07-17 09:00:00,0.0
2025-07-17 09:30:00,0.0
2025-07-17 10:00:00,0.0
2025-07-17 10:30:00,0.0
2025-07-17 11:00:00,0.0
2025-07-17 11:30:00,0.0
2025-07-17 12:00:00,0.0
2025-07-17 12:30:00,0.0
2025-07-17 13:00:00,0.0
2025-07-17 13:30:00,0.0
2025-07-17 14:00:00,0.0
2025-07-17 14:30:00,0.0
2025-07-17 15:00:00,0.0
2025-07-17 15:30:00,8.316666666666666
2025-07-17 16:00:00,10.98333333333334
2025-07-17 16:30:00,9.98333333333334
2025-07-17 17:00:00,6.0
2025-07-17 17:30:00,5.983333333333334
2025-07-17 18:00:00,4.016666666666666
2025-07-17 18:30:00,5.0
2025-07-17 19:00:00,5.049999999999992
2025-07-17 19:30:00,8.033333333333326
2025-07-17 20:00:00,7.0666666666666655
2025-07-17 20:30:00,11.06666666666664
2025-07-17 21:00:00,15.116666666666681
2025-07-17 21:30:00,22.08333333333332
2025-07-17 22:00:00,27.166666666666682
2025-07-17 22:30:00,37.1
2025-07-17 23:00:00,43.15000000000002
2025-07-17 23:30:00,52.13333333333336
2025-07-18 00:00:00,59.116666666666674
2025-07-18 00:30:00,66.08333333333337
2025-07-18 01:00:00,77.1333333333334
2025-07-18 01:30:00,85.11666666666679
2025-07-18 02:00:00,90.16666666666674
2025-07-18 02:30:00,100.1166666666668
2025-07-18 03:00:00,106.15000000000019
2025-07-18 03:30:00,115.15
2025-07-18 04:00:00,123.1833333333334
2025-07-18 04:30:00,134.1666666666666
2025-07-18 05:00:00,143.2
2025-07-18 05:30:00,155.1500000000002
2025-07-18 06:00:00,162.25
2025-07-18 06:30:00,175.23333333333318
2025-07-18 07:00:00,188.3333333333332
2025-07-18 07:30:00,106.65
2025-07-18 08:00:00,96.2833333333334
2025-07-18 08:30:00,110.43333333333328
2025-07-18 09:00:00,258.1666666666668
2025-07-18 09:30:00,349.8666666666668
2025-07-18 10:00:00,202.4333333333334
2025-07-18 10:30:00,222.7833333333334
2025-07-18 11:00:00,198.0333333333332
2025-07-18 11:30:00,277.41666666666663
2025-07-18 12:00:00,388.25
2025-07-18 12:30:00,412.1
2025-07-18 13:00:00,418.0
2025-07-18 13:30:00,417.9833333333334
2025-07-18 14:00:00,416.7666666666666
2025-07-18 14:30:00,85.00000000000006
2025-07-18 15:00:00,0.0
2025-07-18 15:30:00,0.0
2025-07-18 16:00:00,0.0
2025-07-18 16:30:00,0.0
2025-07-18 17:00:00,0.0
2025-07-18 17:30:00,0.0
2025-07-18 18:00:00,0.0
2025-07-18 18:30:00,109.81666666666666
2025-07-18 19:00:00,73.60000000000007
2025-07-18 19:30:00,0.0
2025-07-18 20:00:00,0.0
2025-07-18 20:30:00,0.0
2025-07-18 21:00:00,0.0
2025-07-18 21:30:00,0.0
2025-07-18 22:00:00,0.0
2025-07-18 22:30:00,0.0
2025-07-18 23:00:00,0.0
2025-07-18 23:30:00,0.0
2025-07-19 00:00:00,0.0
2025-07-19 00:30:00,0.0
2025-07-19 01:00:00,0.0
2025-07-19 01:30:00,0.0
2025-07-19 02:00:00,0.0
2025-07-19 02:30:00,0.0
2025-07-19 03:00:00,0.0
2025-07-19 03:30:00,0.0
2025-07-19 04:00:00,0.0
2025-07-19 04:30:00,0.0
2025-07-19 05:00:00,0.0
2025-07-19 05:30:00,0.0
2025-07-19 06:00:00,0.0
2025-07-19 06:30:00,0.0
2025-07-19 07:00:00,0.0
2025-07-19 07:30:00,0.0
2025-07-19 08:00:00,0.0
2025-07-19 08:30:00,0.0
2025-07-19 09:00:00,0.0
2025-07-19 09:30:00,0.0
2025-07-19 10:00:00,0.0
2025-07-19 10:30:00,0.0
2025-07-19 11:00:00,0.0
2025-07-19 11:30:00,0.0
2025-07-19 12:00:00,0.0
2025-07-19 12:30:00,0.0
2025-07-19 13:00:00,0.0
2025-07-19 13:30:00,63.1333333333334
2025-07-19 14:00:00,30.08333333333334
2025-07-19 14:30:00,94.6166666666666
2025-07-19 15:00:00,135.8166666666666
2025-07-19 15:30:00,144.8333333333332
2025-07-19 16:00:00,132.9166666666668
2025-07-19 16:30:00,137.9666666666668
2025-07-19 17:00:00,153.1000000000002
2025-07-19 17:30:00,119.9166666666668
2025-07-19 18:00:00,115.0166666666666
2025-07-19 18:30:00,116.0166666666666
2025-07-19 19:00:00,116.89999999999999
2025-07-19 19:30:00,110.5166666666668
2025-07-19 20:00:00,103.93333333333354
2025-07-19 20:30:00,99.95000000000013
2025-07-19 21:00:00,94.91666666666669
2025-07-19 21:30:00,89.9
2025-07-19 22:00:00,83.10000000000012
2025-07-19 22:30:00,89.08333333333331
2025-07-19 23:00:00,93.0166666666666
2025-07-19 23:30:00,94.0166666666666
2025-07-20 00:00:00,94.19999999999993
2025-07-20 00:30:00,106.18333333333334
2025-07-20 01:00:00,122.0333333333332
2025-07-20 01:30:00,124.0333333333332
2025-07-20 02:00:00,124.0666666666666
2025-07-20 02:30:00,128.0833333333332
2025-07-20 03:00:00,132.9666666666668
2025-07-20 03:30:00,130.89999999999998
2025-07-20 04:00:00,126.9666666666668
2025-07-20 04:30:00,124.9833333333334
2025-07-20 05:00:00,123.0666666666666
2025-07-20 05:30:00,127.04999999999981
2025-07-20 06:00:00,131.1333333333334
2025-07-20 06:30:00,139.1333333333334
2025-07-20 07:00:00,147.0333333333332
2025-07-20 07:30:00,125.3999999999998
2025-07-20 08:00:00,80.33333333333334
2025-07-20 08:30:00,0.0
2025-07-20 09:00:00,0.0
2025-07-20 09:30:00,0.0
2025-07-20 10:00:00,0.0
2025-07-20 10:30:00,0.0
2025-07-20 11:00:00,0.0
2025-07-20 11:30:00,0.0
2025-07-20 12:00:00,0.0
2025-07-20 12:30:00,0.0
2025-07-20 13:00:00,0.0
2025-07-20 13:30:00,0.0
2025-07-20 14:00:00,0.0
2025-07-20 14:30:00,0.0
2025-07-20 15:00:00,68.26666666666668
2025-07-20 15:30:00,217.68333333333356
2025-07-20 16:00:00,275.8666666666666
2025-07-20 16:30:00,100.48333333333326
2025-07-20 17:00:00,125.55000000000021
2025-07-20 17:30:00,202.6333333333334
2025-07-20 18:00:00,152.9333333333332
2025-07-20 18:30:00,148.9
2025-07-20 19:00:00,149.1
2025-07-20 19:30:00,128.3666666666668
2025-07-20 20:00:00,103.45000000000006
2025-07-20 20:30:00,142.1333333333336
2025-07-20 21:00:00,81.28333333333346
2025-07-20 21:30:00,70.26666666666668
2025-07-20 22:00:00,182.20000000000022
2025-07-20 22:30:00,192.2
2025-07-20 23:00:00,190.6833333333332
2025-07-20 23:30:00,93.28333333333339
2025-07-21 00:00:00,36.25
2025-07-21 00:30:00,28.05
2025-07-21 01:00:00,60.35
2025-07-21 01:30:00,98.21666666666667
2025-07-21 02:00:00,201.0833333333332
2025-07-21 02:30:00,178.75
2025-07-21 03:00:00,168.4833333333332
2025-07-21 03:30:00,30.3166666666666
2025-07-21 04:00:00,0.0
2025-07-21 04:30:00,0.0
2025-07-21 05:00:00,0.0
2025-07-21 05:30:00,0.0
2025-07-21 06:00:00,0.0
2025-07-21 06:30:00,0.0
2025-07-21 07:00:00,0.0
2025-07-21 07:30:00,0.0
2025-07-21 08:00:00,0.0
2025-07-21 08:30:00,0.0
2025-07-21 09:00:00,0.0
2025-07-21 09:30:00,0.0
2025-07-21 10:00:00,0.0
2025-07-21 10:30:00,0.0
2025-07-21 11:00:00,0.0
2025-07-21 11:30:00,0.0
2025-07-21 12:00:00,0.0
2025-07-21 12:30:00,0.0
2025-07-21 13:00:00,0.0
2025-07-21 13:30:00,0.0
2025-07-21 14:00:00,0.0
2025-07-21 14:30:00,0.0
2025-07-21 15:00:00,0.0
2025-07-21 15:30:00,0.0
2025-07-21 16:00:00,0.0
2025-07-21 16:30:00,0.0
2025-07-21 17:00:00,0.0
2025-07-21 17:30:00,0.0
2025-07-21 18:00:00,0.0
2025-07-21 18:30:00,0.0
2025-07-21 19:00:00,0.0
2025-07-21 19:30:00,0.0
2025-07-21 20:00:00,0.0
2025-07-21 20:30:00,0.0
2025-07-21 21:00:00,0.0
2025-07-21 21:30:00,0.0
2025-07-21 22:00:00,0.0
2025-07-21 22:30:00,0.0
2025-07-21 23:00:00,0.0
2025-07-21 23:30:00,0.0
2025-07-22 00:00:00,0.0
2025-07-22 00:30:00,0.0
2025-07-22 01:00:00,0.0
2025-07-22 01:30:00,0.0
2025-07-22 02:00:00,0.0
2025-07-22 02:30:00,0.0
2025-07-22 03:00:00,0.0
2025-07-22 03:30:00,0.0
2025-07-22 04:00:00,0.0
2025-07-22 04:30:00,0.0
2025-07-22 05:00:00,0.0
2025-07-22 05:30:00,0.0
2025-07-22 06:00:00,0.0
2025-07-22 06:30:00,0.0
2025-07-22 07:00:00,0.0
2025-07-22 07:30:00,0.0
2025-07-22 08:00:00,0.0
2025-07-22 08:30:00,0.0
2025-07-22 09:00:00,0.0
2025-07-22 09:30:00,0.0
2025-07-22 10:00:00,0.0
2025-07-22 10:30:00,0.0
2025-07-22 11:00:00,0.0
2025-07-22 11:30:00,0.0
2025-07-22 12:00:00,0.0
2025-07-22 12:30:00,0.0
2025-07-22 13:00:00,0.0
2025-07-22 13:30:00,0.0
2025-07-22 14:00:00,0.0
2025-07-22 14:30:00,0.0
2025-07-22 15:00:00,0.0
2025-07-22 15:30:00,0.0
2025-07-22 16:00:00,0.0
2025-07-22 16:30:00,0.0
2025-07-22 17:00:00,0.0
2025-07-22 17:30:00,0.0
2025-07-22 18:00:00,0.0
2025-07-22 18:30:00,0.0
2025-07-22 19:00:00,0.0
2025-07-22 19:30:00,0.0
2025-07-22 20:00:00,0.0
2025-07-22 20:30:00,0.0
2025-07-22 21:00:00,0.0
2025-07-22 21:30:00,0.0
2025-07-22 22:00:00,0.0
2025-07-22 22:30:00,0.0
2025-07-22 23:00:00,0.0
2025-07-22 23:30:00,0.0
2025-07-23 00:00:00,0.0
2025-07-23 00:30:00,0.0
2025-07-23 01:00:00,0.0
2025-07-23 01:30:00,0.0
2025-07-23 02:00:00,0.0
2025-07-23 02:30:00,0.0
2025-07-23 03:00:00,0.0
2025-07-23 03:30:00,0.0
2025-07-23 04:00:00,0.0
2025-07-23 04:30:00,0.0
2025-07-23 05:00:00,0.0
2025-07-23 05:30:00,0.0
2025-07-23 06:00:00,0.0
2025-07-23 06:30:00,0.0
2025-07-23 07:00:00,0.0
2025-07-23 07:30:00,0.0
2025-07-23 08:00:00,0.0
2025-07-23 08:30:00,0.0
2025-07-23 09:00:00,0.0
2025-07-23 09:30:00,0.0
2025-07-23 10:00:00,0.0
2025-07-23 10:30:00,0.0
2025-07-23 11:00:00,0.0
2025-07-23 11:30:00,0.0
2025-07-23 12:00:00,0.0
2025-07-23 12:30:00,0.0
2025-07-23 13:00:00,0.0
2025-07-23 13:30:00,0.0
2025-07-23 14:00:00,0.0
2025-07-23 14:30:00,0.0
2025-07-23 15:00:00,0.0
2025-07-23 15:30:00,0.0
2025-07-23 16:00:00,0.0
2025-07-23 16:30:00,0.0
2025-07-23 17:00:00,0.0
2025-07-23 17:30:00,0.0
2025-07-23 18:00:00,0.0
2025-07-23 18:30:00,0.0
2025-07-23 19:00:00,0.0
2025-07-23 19:30:00,0.0
2025-07-23 20:00:00,0.0
2025-07-23 20:30:00,0.0
2025-07-23 21:00:00,0.0
2025-07-23 21:30:00,0.0
2025-07-23 22:00:00,0.0
2025-07-23 22:30:00,0.0
2025-07-23 23:00:00,0.0
2025-07-23 23:30:00,0.0
2025-07-24 00:00:00,0.0
2025-07-24 00:30:00,0.0
2025-07-24 01:00:00,0.0
2025-07-24 01:30:00,0.0
2025-07-24 02:00:00,0.0
2025-07-24 02:30:00,0.0
2025-07-24 03:00:00,0.0
2025-07-24 03:30:00,0.0
2025-07-24 04:00:00,0.0
2025-07-24 04:30:00,0.0
2025-07-24 05:00:00,0.0
2025-07-24 05:30:00,0.0
2025-07-24 06:00:00,0.0
2025-07-24 06:30:00,0.0
2025-07-24 07:00:00,0.0
2025-07-24 07:30:00,0.0
2025-07-24 08:00:00,0.0
2025-07-24 08:30:00,0.0
2025-07-24 09:00:00,0.0
2025-07-24 09:30:00,0.0
2025-07-24 10:00:00,0.0
2025-07-24 10:30:00,0.0
2025-07-24 11:00:00,0.0
2025-07-24 11:30:00,0.0
2025-07-24 12:00:00,0.0
2025-07-24 12:30:00,0.0
2025-07-24 13:00:00,0.0
2025-07-24 13:30:00,0.0
2025-07-24 14:00:00,0.0
2025-07-24 14:30:00,0.0
2025-07-24 15:00:00,0.0
2025-07-24 15:30:00,0.0
2025-07-24 16:00:00,0.0
2025-07-24 16:30:00,0.0
2025-07-24 17:00:00,0.0
2025-07-24 17:30:00,0.0
2025-07-24 18:00:00,0.0
2025-07-24 18:30:00,0.0
2025-07-24 19:00:00,0.0
2025-07-24 19:30:00,0.0
2025-07-24 20:00:00,0.0
2025-07-24 20:30:00,0.0
2025-07-24 21:00:00,0.0
2025-07-24 21:30:00,0.0
2025-07-24 22:00:00,0.0
2025-07-24 22:30:00,0.0
2025-07-24 23:00:00,0.0
2025-07-24 23:30:00,0.0
2025-07-25 00:00:00,0.0
2025-07-25 00:30:00,0.0
2025-07-25 01:00:00,0.0
2025-07-25 01:30:00,0.0
2025-07-25 02:00:00,0.0
2025-07-25 02:30:00,0.0
2025-07-25 03:00:00,0.0
2025-07-25 03:30:00,0.0
2025-07-25 04:00:00,0.0
2025-07-25 04:30:00,0.0
2025-07-25 05:00:00,0.0
2025-07-25 05:30:00,0.0
2025-07-25 06:00:00,0.0
2025-07-25 06:30:00,0.0
2025-07-25 07:00:00,0.0
2025-07-25 07:30:00,0.0
2025-07-25 08:00:00,0.0
2025-07-25 08:30:00,0.0
2025-07-25 09:00:00,0.0
2025-07-25 09:30:00,0.0
2025-07-25 10:00:00,0.0
2025-07-25 10:30:00,0.0
2025-07-25 11:00:00,0.0
2025-07-25 11:30:00,0.0
2025-07-25 12:00:00,0.0
2025-07-25 12:30:00,0.0
2025-07-25 13:00:00,0.0
2025-07-25 13:30:00,0.0
2025-07-25 14:00:00,0.0
2025-07-25 14:30:00,0.0
2025-07-25 15:00:00,0.0
2025-07-25 15:30:00,0.0
2025-07-25 16:00:00,0.0
2025-07-25 16:30:00,0.0
2025-07-25 17:00:00,0.0
2025-07-25 17:30:00,0.0
2025-07-25 18:00:00,0.0
2025-07-25 18:30:00,0.0
2025-07-25 19:00:00,0.0
2025-07-25 19:30:00,0.0
2025-07-25 20:00:00,0.0
2025-07-25 20:30:00,0.0
2025-07-25 21:00:00,0.0
2025-07-25 21:30:00,0.0
2025-07-25 22:00:00,0.0
2025-07-25 22:30:00,0.0
2025-07-25 23:00:00,0.0
2025-07-25 23:30:00,0.0
2025-07-26 00:00:00,0.0
2025-07-26 00:30:00,0.0
2025-07-26 01:00:00,0.0
2025-07-26 01:30:00,0.0
2025-07-26 02:00:00,0.0
2025-07-26 02:30:00,0.0
2025-07-26 03:00:00,0.0
2025-07-26 03:30:00,0.0
2025-07-26 04:00:00,0.0
2025-07-26 04:30:00,0.0
2025-07-26 05:00:00,0.0
2025-07-26 05:30:00,0.0
2025-07-26 06:00:00,0.0
2025-07-26 06:30:00,0.0
2025-07-26 07:00:00,0.0
2025-07-26 07:30:00,0.0
2025-07-26 08:00:00,0.0
2025-07-26 08:30:00,0.0
2025-07-26 09:00:00,0.0
2025-07-26 09:30:00,0.0
2025-07-26 10:00:00,0.0
2025-07-26 10:30:00,0.0
2025-07-26 11:00:00,0.0
2025-07-26 11:30:00,0.0
2025-07-26 12:00:00,0.0
2025-07-26 12:30:00,0.0
2025-07-26 13:00:00,0.0
2025-07-26 13:30:00,0.0
2025-07-26 14:00:00,0.0
2025-07-26 14:30:00,0.0
2025-07-26 15:00:00,0.0
2025-07-26 15:30:00,0.0
2025-07-26 16:00:00,0.0
2025-07-26 16:30:00,0.0
2025-07-26 17:00:00,0.0
2025-07-26 17:30:00,0.0
2025-07-26 18:00:00,0.0
2025-07-26 18:30:00,0.0
2025-07-26 19:00:00,0.0
2025-07-26 19:30:00,0.0
2025-07-26 20:00:00,0.0
2025-07-26 20:30:00,0.0
2025-07-26 21:00:00,0.0
2025-07-26 21:30:00,0.0
2025-07-26 22:00:00,0.0
2025-07-26 22:30:00,0.0
2025-07-26 23:00:00,0.0
2025-07-26 23:30:00,0.0
2025-07-27 00:00:00,0.0
2025-07-27 00:30:00,0.0
2025-07-27 01:00:00,0.0
2025-07-27 01:30:00,0.0
2025-07-27 02:00:00,0.0
2025-07-27 02:30:00,0.0
2025-07-27 03:00:00,0.0
2025-07-27 03:30:00,0.0
2025-07-27 04:00:00,0.0
2025-07-27 04:30:00,0.0
2025-07-27 05:00:00,0.0
2025-07-27 05:30:00,0.0
2025-07-27 06:00:00,0.0
2025-07-27 06:30:00,0.0
2025-07-27 07:00:00,0.0
2025-07-27 07:30:00,0.0
2025-07-27 08:00:00,0.0
2025-07-27 08:30:00,0.0
2025-07-27 09:00:00,0.0
2025-07-27 09:30:00,0.0
2025-07-27 10:00:00,0.0
2025-07-27 10:30:00,0.0
2025-07-27 11:00:00,0.0
2025-07-27 11:30:00,0.0
2025-07-27 12:00:00,0.0
2025-07-27 12:30:00,0.0
2025-07-27 13:00:00,0.0
2025-07-27 13:30:00,0.0
2025-07-27 14:00:00,0.0
2025-07-27 14:30:00,0.0
2025-07-27 15:00:00,0.0
2025-07-27 15:30:00,0.0
2025-07-27 16:00:00,0.0
2025-07-27 16:30:00,0.0
2025-07-27 17:00:00,0.0
2025-07-27 17:30:00,0.0
2025-07-27 18:00:00,0.0
2025-07-27 18:30:00,0.0
2025-07-27 19:00:00,0.0
2025-07-27 19:30:00,0.0
2025-07-27 20:00:00,0.0
2025-07-27 20:30:00,0.0
2025-07-27 21:00:00,0.0
2025-07-27 21:30:00,0.0
2025-07-27 22:00:00,0.0
2025-07-27 22:30:00,0.0
2025-07-27 23:00:00,0.0
2025-07-27 23:30:00,0.0
2025-07-28 00:00:00,0.0
2025-07-28 00:30:00,0.0
2025-07-28 01:00:00,0.0
2025-07-28 01:30:00,0.0
2025-07-28 02:00:00,0.0
2025-07-28 02:30:00,0.0
2025-07-28 03:00:00,0.0
2025-07-28 03:30:00,0.0
2025-07-28 04:00:00,0.0
2025-07-28 04:30:00,0.0
2025-07-28 05:00:00,0.0
2025-07-28 05:30:00,0.0
2025-07-28 06:00:00,0.0
2025-07-28 06:30:00,0.0
2025-07-28 07:00:00,0.0
2025-07-28 07:30:00,0.0
2025-07-28 08:00:00,0.0
2025-07-28 08:30:00,0.0
2025-07-28 09:00:00,0.0
2025-07-28 09:30:00,0.0
2025-07-28 10:00:00,0.0
2025-07-28 10:30:00,0.0
2025-07-28 11:00:00,0.0
2025-07-28 11:30:00,0.0
2025-07-28 12:00:00,0.0
2025-07-28 12:30:00,0.0
2025-07-28 13:00:00,0.0
2025-07-28 13:30:00,0.0
2025-07-28 14:00:00,0.0
2025-07-28 14:30:00,0.0
2025-07-28 15:00:00,0.0
2025-07-28 15:30:00,0.0
2025-07-28 16:00:00,0.0
2025-07-28 16:30:00,0.0
2025-07-28 17:00:00,0.0
2025-07-28 17:30:00,0.0
2025-07-28 18:00:00,0.0
2025-07-28 18:30:00,0.0
2025-07-28 19:00:00,0.0
2025-07-28 19:30:00,0.0
2025-07-28 20:00:00,0.0
2025-07-28 20:30:00,0.0
2025-07-28 21:00:00,0.0
2025-07-28 21:30:00,0.0
2025-07-28 22:00:00,0.0
2025-07-28 22:30:00,0.0
2025-07-28 23:00:00,0.0
2025-07-28 23:30:00,0.0
2025-07-29 00:00:00,0.0
2025-07-29 00:30:00,0.0
2025-07-29 01:00:00,0.0
2025-07-29 01:30:00,0.0
2025-07-29 02:00:00,0.0
2025-07-29 02:30:00,0.0
2025-07-29 03:00:00,0.0
2025-07-29 03:30:00,0.0
2025-07-29 04:00:00,0.0
2025-07-29 04:30:00,0.0
2025-07-29 05:00:00,0.0
2025-07-29 05:30:00,0.0
2025-07-29 06:00:00,0.0
2025-07-29 06:30:00,0.0
2025-07-29 07:00:00,0.0
2025-07-29 07:30:00,0.0
2025-07-29 08:00:00,0.0
2025-07-29 08:30:00,0.0
2025-07-29 09:00:00,0.0
2025-07-29 09:30:00,0.0
2025-07-29 10:00:00,0.0
2025-07-29 10:30:00,0.0
2025-07-29 11:00:00,0.0
2025-07-29 11:30:00,0.0
2025-07-29 12:00:00,0.0
2025-07-29 12:30:00,0.0
2025-07-29 13:00:00,0.0
2025-07-29 13:30:00,0.0
2025-07-29 14:00:00,0.0
2025-07-29 14:30:00,0.0
2025-07-29 15:00:00,0.0
2025-07-29 15:30:00,0.0
2025-07-29 16:00:00,0.0
2025-07-29 16:30:00,0.0
2025-07-29 17:00:00,0.0
2025-07-29 17:30:00,0.0
2025-07-29 18:00:00,0.0
2025-07-29 18:30:00,0.0
2025-07-29 19:00:00,0.0
2025-07-29 19:30:00,0.0
2025-07-29 20:00:00,0.0
2025-07-29 20:30:00,0.0
2025-07-29 21:00:00,0.0
2025-07-29 21:30:00,0.0
2025-07-29 22:00:00,0.0
2025-07-29 22:30:00,0.0
2025-07-29 23:00:00,0.0
2025-07-29 23:30:00,0.0
2025-07-30 00:00:00,0.0
2025-07-30 00:30:00,0.0
2025-07-30 01:00:00,0.0
2025-07-30 01:30:00,0.0
2025-07-30 02:00:00,0.0
2025-07-30 02:30:00,0.0
2025-07-30 03:00:00,0.0
2025-07-30 03:30:00,0.0
2025-07-30 04:00:00,0.0
2025-07-30 04:30:00,0.0
2025-07-30 05:00:00,0.0
2025-07-30 05:30:00,0.0
2025-07-30 06:00:00,0.0
2025-07-30 06:30:00,0.0
2025-07-30 07:00:00,0.0
2025-07-30 07:30:00,0.0
2025-07-30 08:00:00,0.0
2025-07-30 08:30:00,0.0
2025-07-30 09:00:00,0.0
2025-07-30 09:30:00,0.0
2025-07-30 10:00:00,0.0
2025-07-30 10:30:00,0.0
2025-07-30 11:00:00,0.0
2025-07-30 11:30:00,0.0
2025-07-30 12:00:00,0.0
2025-07-30 12:30:00,0.0
2025-07-30 13:00:00,0.0
2025-07-30 13:30:00,0.0
2025-07-30 14:00:00,0.0
2025-07-30 14:30:00,0.0
2025-07-30 15:00:00,0.0
2025-07-30 15:30:00,0.0
2025-07-30 16:00:00,0.0
2025-07-30 16:30:00,0.0
2025-07-30 17:00:00,0.0
2025-07-30 17:30:00,0.0
2025-07-30 18:00:00,0.0
2025-07-30 18:30:00,0.0
2025-07-30 19:00:00,0.0
2025-07-30 19:30:00,0.0
2025-07-30 20:00:00,0.0
2025-07-30 20:30:00,0.0
2025-07-30 21:00:00,0.0
2025-07-30 21:30:00,0.0
2025-07-30 22:00:00,0.0
2025-07-30 22:30:00,0.0
2025-07-30 23:00:00,0.0
2025-07-30 23:30:00,0.0
2025-07-31 00:00:00,0.0
2025-07-31 00:30:00,0.0
2025-07-31 01:00:00,0.0
2025-07-31 01:30:00,0.0
2025-07-31 02:00:00,0.0
2025-07-31 02:30:00,0.0
2025-07-31 03:00:00,0.0
2025-07-31 03:30:00,0.0
2025-07-31 04:00:00,0.0
2025-07-31 04:30:00,0.0
2025-07-31 05:00:00,0.0
2025-07-31 05:30:00,0.0
2025-07-31 06:00:00,0.0
2025-07-31 06:30:00,0.0
2025-07-31 07:00:00,0.0
2025-07-31 07:30:00,0.0
2025-07-31 08:00:00,0.0
2025-07-31 08:30:00,0.0
2025-07-31 09:00:00,0.0
2025-07-31 09:30:00,0.0
2025-07-31 10:00:00,0.0
2025-07-31 10:30:00,0.0
2025-07-31 11:00:00,0.0
2025-07-31 11:30:00,0.0
2025-07-31 12:00:00,0.0
2025-07-31 12:30:00,0.0
2025-07-31 13:00:00,0.0
2025-07-31 13:30:00,0.0
2025-07-31 14:00:00,0.0
2025-07-31 14:30:00,0.0
2025-07-31 15:00:00,0.0
2025-07-31 15:30:00,0.0
2025-07-31 16:00:00,0.0
2025-07-31 16:30:00,0.0
2025-07-31 17:00:00,0.0
2025-07-31 17:30:00,26.9
2025-07-31 18:00:00,53.08333333333332
2025-07-31 18:30:00,58.066666666666634
2025-07-31 19:00:00,61.01666666666666
2025-07-31 19:30:00,62.0
2025-07-31 20:00:00,63.0
2025-07-31 20:30:00,63.01666666666666
2025-07-31 21:00:00,64.0
2025-07-31 21:30:00,64.01666666666665
2025-07-31 22:00:00,65.23333333333332
2025-07-31 22:30:00,79.2166666666666
2025-07-31 23:00:00,92.2499999999998
2025-07-31 23:30:00,107.2499999999998
2025-08-01 00:00:00,123.2499999999998
2025-08-01 00:30:00,138.3
2025-08-01 01:00:00,130.1333333333336
2025-08-01 01:30:00,138.10000000000002
2025-08-01 02:00:00,172.25
2025-08-01 02:30:00,178.0666666666666
2025-08-01 03:00:00,101.5333333333334
2025-08-01 03:30:00,142.1166666666668
2025-08-01 04:00:00,148.9500000000002
2025-08-01 04:30:00,145.95
2025-08-01 05:00:00,143.9666666666668
2025-08-01 05:30:00,141.9500000000002
2025-08-01 06:00:00,137.95
2025-08-01 06:30:00,134.9666666666668
2025-08-01 07:00:00,132.9500000000002
2025-08-01 07:30:00,89.15
2025-08-01 08:00:00,148.4833333333334
2025-08-01 08:30:00,150.0
2025-08-01 09:00:00,148.9666666666668
2025-08-01 09:30:00,191.0
2025-08-01 10:00:00,187.0
2025-08-01 10:30:00,242.5833333333334
2025-08-01 11:00:00,184.9666666666668
2025-08-01 11:30:00,240.0
2025-08-01 12:00:00,240.0
2025-08-01 12:30:00,240.0
2025-08-01 13:00:00,240.0
2025-08-01 13:30:00,240.0
2025-08-01 14:00:00,227.8
2025-08-01 14:30:00,215.8
2025-08-01 15:00:00,204.0
2025-08-01 15:30:00,203.8833333333334
2025-08-01 16:00:00,196.7666666666668
2025-08-01 16:30:00,186.79999999999978
2025-08-01 17:00:00,17.849999999999994
2025-08-01 17:30:00,0.0
2025-08-01 18:00:00,0.0
2025-08-01 18:30:00,0.0
2025-08-01 19:00:00,0.0
2025-08-01 19:30:00,0.0
2025-08-01 20:00:00,0.0
2025-08-01 20:30:00,0.0
2025-08-01 21:00:00,0.0
2025-08-01 21:30:00,0.0
2025-08-01 22:00:00,0.0
2025-08-01 22:30:00,0.0
2025-08-01 23:00:00,0.0
2025-08-01 23:30:00,0.0
