Datetime,Available Power (MW)
2024-08-02 00:00:00,0.0
2024-08-02 00:30:00,0.0
2024-08-02 01:00:00,0.0
2024-08-02 01:30:00,0.0
2024-08-02 02:00:00,0.0
2024-08-02 02:30:00,0.0
2024-08-02 03:00:00,0.0
2024-08-02 03:30:00,0.0
2024-08-02 04:00:00,0.0
2024-08-02 04:30:00,0.0
2024-08-02 05:00:00,0.0
2024-08-02 05:30:00,0.0
2024-08-02 06:00:00,0.0
2024-08-02 06:30:00,0.0
2024-08-02 07:00:00,0.0
2024-08-02 07:30:00,0.0
2024-08-02 08:00:00,0.0
2024-08-02 08:30:00,0.0
2024-08-02 09:00:00,0.0
2024-08-02 09:30:00,0.0
2024-08-02 10:00:00,0.0
2024-08-02 10:30:00,0.0
2024-08-02 11:00:00,0.0
2024-08-02 11:30:00,0.0
2024-08-02 12:00:00,0.0
2024-08-02 12:30:00,0.0
2024-08-02 13:00:00,0.0
2024-08-02 13:30:00,0.0
2024-08-02 14:00:00,6.51666666666666
2024-08-02 14:30:00,4.83333333333334
2024-08-02 15:00:00,4.61666666666666
2024-08-02 15:30:00,3.18333333333334
2024-08-02 16:00:00,3.3
2024-08-02 16:30:00,3.95
2024-08-02 17:00:00,3.98333333333334
2024-08-02 17:30:00,3.65
2024-08-02 18:00:00,3.46666666666666
2024-08-02 18:30:00,3.03333333333334
2024-08-02 19:00:00,2.88333333333334
2024-08-02 19:30:00,30.25
2024-08-02 20:00:00,0.0
2024-08-02 20:30:00,0.0
2024-08-02 21:00:00,0.0
2024-08-02 21:30:00,0.0
2024-08-02 22:00:00,0.0
2024-08-02 22:30:00,0.0
2024-08-02 23:00:00,0.0
2024-08-02 23:30:00,0.0
2024-08-03 00:00:00,0.0
2024-08-03 00:30:00,0.0
2024-08-03 01:00:00,0.0
2024-08-03 01:30:00,0.0
2024-08-03 02:00:00,0.0
2024-08-03 02:30:00,0.0
2024-08-03 03:00:00,0.0
2024-08-03 03:30:00,0.0
2024-08-03 04:00:00,0.0
2024-08-03 04:30:00,0.0
2024-08-03 05:00:00,0.0
2024-08-03 05:30:00,0.0
2024-08-03 06:00:00,0.0
2024-08-03 06:30:00,0.0
2024-08-03 07:00:00,0.0
2024-08-03 07:30:00,0.0
2024-08-03 08:00:00,0.0
2024-08-03 08:30:00,0.0
2024-08-03 09:00:00,0.0
2024-08-03 09:30:00,0.0
2024-08-03 10:00:00,0.0
2024-08-03 10:30:00,0.0
2024-08-03 11:00:00,0.0
2024-08-03 11:30:00,0.0
2024-08-03 12:00:00,0.0
2024-08-03 12:30:00,0.0
2024-08-03 13:00:00,0.0
2024-08-03 13:30:00,0.0
2024-08-03 14:00:00,0.0
2024-08-03 14:30:00,0.0
2024-08-03 15:00:00,0.0
2024-08-03 15:30:00,0.0
2024-08-03 16:00:00,0.0
2024-08-03 16:30:00,0.0
2024-08-03 17:00:00,0.0
2024-08-03 17:30:00,0.0
2024-08-03 18:00:00,0.0
2024-08-03 18:30:00,0.0
2024-08-03 19:00:00,0.0
2024-08-03 19:30:00,0.0
2024-08-03 20:00:00,0.0
2024-08-03 20:30:00,0.0
2024-08-03 21:00:00,0.0
2024-08-03 21:30:00,0.0
2024-08-03 22:00:00,0.0
2024-08-03 22:30:00,0.0
2024-08-03 23:00:00,0.0
2024-08-03 23:30:00,0.0
2024-08-04 00:00:00,0.0
2024-08-04 00:30:00,0.0
2024-08-04 01:00:00,0.0
2024-08-04 01:30:00,0.0
2024-08-04 02:00:00,0.0
2024-08-04 02:30:00,0.0
2024-08-04 03:00:00,0.0
2024-08-04 03:30:00,0.0
2024-08-04 04:00:00,0.0
2024-08-04 04:30:00,0.0
2024-08-04 05:00:00,0.0
2024-08-04 05:30:00,0.0
2024-08-04 06:00:00,0.0
2024-08-04 06:30:00,0.0
2024-08-04 07:00:00,0.0
2024-08-04 07:30:00,0.0
2024-08-04 08:00:00,0.0
2024-08-04 08:30:00,0.0
2024-08-04 09:00:00,0.0
2024-08-04 09:30:00,0.0
2024-08-04 10:00:00,0.0
2024-08-04 10:30:00,0.0
2024-08-04 11:00:00,0.0
2024-08-04 11:30:00,0.0
2024-08-04 12:00:00,0.0
2024-08-04 12:30:00,0.0
2024-08-04 13:00:00,0.0
2024-08-04 13:30:00,0.0
2024-08-04 14:00:00,0.0
2024-08-04 14:30:00,0.0
2024-08-04 15:00:00,0.0
2024-08-04 15:30:00,0.0
2024-08-04 16:00:00,0.0
2024-08-04 16:30:00,21.8666666666666
2024-08-04 17:00:00,26.65
2024-08-04 17:30:00,30.3
2024-08-04 18:00:00,32.15
2024-08-04 18:30:00,35.8166666666666
2024-08-04 19:00:00,39.5166666666666
2024-08-04 19:30:00,44.1833333333334
2024-08-04 20:00:00,52.3
2024-08-04 20:30:00,57.7
2024-08-04 21:00:00,61.2333333333334
2024-08-04 21:30:00,63.0333333333334
2024-08-04 22:00:00,63.9333333333334
2024-08-04 22:30:00,65.7333333333334
2024-08-04 23:00:00,67.5166666666666
2024-08-04 23:30:00,68.4166666666666
2024-08-05 00:00:00,70.2333333333334
2024-08-05 00:30:00,72.0166666666666
2024-08-05 01:00:00,72.9333333333334
2024-08-05 01:30:00,74.7333333333334
2024-08-05 02:00:00,75.6166666666666
2024-08-05 02:30:00,76.5166666666666
2024-08-05 03:00:00,76.5166666666666
2024-08-05 03:30:00,77.4166666666666
2024-08-05 04:00:00,78.2833333333334
2024-08-05 04:30:00,77.4
2024-08-05 05:00:00,78.2833333333334
2024-08-05 05:30:00,77.4
2024-08-05 06:00:00,77.4
2024-08-05 06:30:00,77.4
2024-08-05 07:00:00,77.3833333333334
2024-08-05 07:30:00,76.1333333333334
2024-08-05 08:00:00,58.5
2024-08-05 08:30:00,58.5
2024-08-05 09:00:00,58.5
2024-08-05 09:30:00,78.3
2024-08-05 10:00:00,79.2
2024-08-05 10:30:00,79.2
2024-08-05 11:00:00,80.0833333333334
2024-08-05 11:30:00,79.2
2024-08-05 12:00:00,79.2
2024-08-05 12:30:00,79.1833333333334
2024-08-05 13:00:00,78.3
2024-08-05 13:30:00,78.3
2024-08-05 14:00:00,79.1333333333334
2024-08-05 14:30:00,75.55
2024-08-05 15:00:00,8.2
2024-08-05 15:30:00,0.0
2024-08-05 16:00:00,0.0
2024-08-05 16:30:00,0.0
2024-08-05 17:00:00,0.0
2024-08-05 17:30:00,0.0
2024-08-05 18:00:00,0.0
2024-08-05 18:30:00,0.0
2024-08-05 19:00:00,0.0
2024-08-05 19:30:00,0.0
2024-08-05 20:00:00,0.0
2024-08-05 20:30:00,0.0
2024-08-05 21:00:00,0.0
2024-08-05 21:30:00,0.0
2024-08-05 22:00:00,0.0
2024-08-05 22:30:00,0.0
2024-08-05 23:00:00,0.0
2024-08-05 23:30:00,0.0
2024-08-06 00:00:00,0.0
2024-08-06 00:30:00,0.0
2024-08-06 01:00:00,0.0
2024-08-06 01:30:00,0.0
2024-08-06 02:00:00,0.0
2024-08-06 02:30:00,0.0
2024-08-06 03:00:00,0.0
2024-08-06 03:30:00,0.0
2024-08-06 04:00:00,0.0
2024-08-06 04:30:00,0.0
2024-08-06 05:00:00,0.0
2024-08-06 05:30:00,0.0
2024-08-06 06:00:00,0.0
2024-08-06 06:30:00,0.0
2024-08-06 07:00:00,0.0
2024-08-06 07:30:00,0.0
2024-08-06 08:00:00,0.0
2024-08-06 08:30:00,0.0
2024-08-06 09:00:00,0.0
2024-08-06 09:30:00,0.0
2024-08-06 10:00:00,0.0
2024-08-06 10:30:00,0.0
2024-08-06 11:00:00,0.0
2024-08-06 11:30:00,0.0
2024-08-06 12:00:00,0.0
2024-08-06 12:30:00,0.0
2024-08-06 13:00:00,0.0
2024-08-06 13:30:00,0.0
2024-08-06 14:00:00,0.0
2024-08-06 14:30:00,0.0
2024-08-06 15:00:00,0.0
2024-08-06 15:30:00,0.0
2024-08-06 16:00:00,0.0
2024-08-06 16:30:00,0.0
2024-08-06 17:00:00,0.0
2024-08-06 17:30:00,0.0
2024-08-06 18:00:00,0.0
2024-08-06 18:30:00,0.0
2024-08-06 19:00:00,0.0
2024-08-06 19:30:00,0.0
2024-08-06 20:00:00,0.0
2024-08-06 20:30:00,0.0
2024-08-06 21:00:00,0.0
2024-08-06 21:30:00,0.0
2024-08-06 22:00:00,0.0
2024-08-06 22:30:00,0.0
2024-08-06 23:00:00,0.0
2024-08-06 23:30:00,0.0
2024-08-07 00:00:00,0.0
2024-08-07 00:30:00,0.0
2024-08-07 01:00:00,0.0
2024-08-07 01:30:00,0.0
2024-08-07 02:00:00,0.0
2024-08-07 02:30:00,0.0
2024-08-07 03:00:00,0.0
2024-08-07 03:30:00,9.43333333333334
2024-08-07 04:00:00,8.35
2024-08-07 04:30:00,9.2
2024-08-07 05:00:00,10.38333333333334
2024-08-07 05:30:00,11.3
2024-08-07 06:00:00,12.18333333333334
2024-08-07 06:30:00,13.08333333333334
2024-08-07 07:00:00,13.65
2024-08-07 07:30:00,39.383333333333255
2024-08-07 08:00:00,54.6833333333332
2024-08-07 08:30:00,53.85
2024-08-07 09:00:00,58.233333333333206
2024-08-07 09:30:00,63.1666666666666
2024-08-07 10:00:00,67.9
2024-08-07 10:30:00,69.96666666666661
2024-08-07 11:00:00,73.4
2024-08-07 11:30:00,76.4833333333334
2024-08-07 12:00:00,79.9
2024-08-07 12:30:00,78.94999999999999
2024-08-07 13:00:00,79.8166666666666
2024-08-07 13:30:00,76.30000000000001
2024-08-07 14:00:00,69.7666666666668
2024-08-07 14:30:00,66.8333333333332
2024-08-07 15:00:00,63.066666666666606
2024-08-07 15:30:00,61.5666666666666
2024-08-07 16:00:00,59.1666666666666
2024-08-07 16:30:00,60.1
2024-08-07 17:00:00,69.86666666666659
2024-08-07 17:30:00,67.85
2024-08-07 18:00:00,65.1666666666668
2024-08-07 18:30:00,55.1666666666668
2024-08-07 19:00:00,46.099999999999994
2024-08-07 19:30:00,49.8666666666666
2024-08-07 20:00:00,60.4
2024-08-07 20:30:00,64.1666666666668
2024-08-07 21:00:00,67.0833333333332
2024-08-07 21:30:00,71.4833333333334
2024-08-07 22:00:00,75.8666666666668
2024-08-07 22:30:00,82.8333333333332
2024-08-07 23:00:00,91.1666666666666
2024-08-07 23:30:00,92.86666666666659
2024-08-08 00:00:00,93.75
2024-08-08 00:30:00,97.4833333333334
2024-08-08 01:00:00,97.0166666666666
2024-08-08 01:30:00,98.8666666666666
2024-08-08 02:00:00,100.1666666666668
2024-08-08 02:30:00,100.1666666666668
2024-08-08 03:00:00,100.6833333333334
2024-08-08 03:30:00,100.6833333333334
2024-08-08 04:00:00,99.45
2024-08-08 04:30:00,99.45
2024-08-08 05:00:00,97.85
2024-08-08 05:30:00,96.6
2024-08-08 06:00:00,97.55
2024-08-08 06:30:00,96.6
2024-08-08 07:00:00,95.25
2024-08-08 07:30:00,94.86666666666659
2024-08-08 08:00:00,84.36666666666659
2024-08-08 08:30:00,85.28333333333319
2024-08-08 09:00:00,85.75
2024-08-08 09:30:00,84.3
2024-08-08 10:00:00,83.7666666666666
2024-08-08 10:30:00,87.0
2024-08-08 11:00:00,0.0
2024-08-08 11:30:00,0.0
2024-08-08 12:00:00,0.0
2024-08-08 12:30:00,0.0
2024-08-08 13:00:00,0.0
2024-08-08 13:30:00,0.0
2024-08-08 14:00:00,0.0
2024-08-08 14:30:00,0.0
2024-08-08 15:00:00,0.0
2024-08-08 15:30:00,0.0
2024-08-08 16:00:00,0.0
2024-08-08 16:30:00,0.0
2024-08-08 17:00:00,0.0
2024-08-08 17:30:00,0.0
2024-08-08 18:00:00,0.0
2024-08-08 18:30:00,0.0
2024-08-08 19:00:00,0.0
2024-08-08 19:30:00,0.0
2024-08-08 20:00:00,0.0
2024-08-08 20:30:00,0.0
2024-08-08 21:00:00,0.0
2024-08-08 21:30:00,0.0
2024-08-08 22:00:00,0.0
2024-08-08 22:30:00,0.0
2024-08-08 23:00:00,0.0
2024-08-08 23:30:00,0.0
2024-08-09 00:00:00,0.0
2024-08-09 00:30:00,0.0
2024-08-09 01:00:00,0.0
2024-08-09 01:30:00,0.0
2024-08-09 02:00:00,0.0
2024-08-09 02:30:00,0.0
2024-08-09 03:00:00,0.0
2024-08-09 03:30:00,31.9
2024-08-09 04:00:00,33.4
2024-08-09 04:30:00,29.31666666666666
2024-08-09 05:00:00,29.33333333333334
2024-08-09 05:30:00,26.049999999999997
2024-08-09 06:00:00,22.799999999999997
2024-08-09 06:30:00,19.549999999999997
2024-08-09 07:00:00,19.25
2024-08-09 07:30:00,42.95000000000006
2024-08-09 08:00:00,60.8333333333334
2024-08-09 08:30:00,54.7666666666666
2024-08-09 09:00:00,84.3166666666668
2024-08-09 09:30:00,111.2666666666668
2024-08-09 10:00:00,70.55
2024-08-09 10:30:00,135.95
2024-08-09 11:00:00,0.0
2024-08-09 11:30:00,0.0
2024-08-09 12:00:00,0.0
2024-08-09 12:30:00,0.0
2024-08-09 13:00:00,0.0
2024-08-09 13:30:00,0.0
2024-08-09 14:00:00,31.35
2024-08-09 14:30:00,75.9
2024-08-09 15:00:00,79.1666666666666
2024-08-09 15:30:00,0.0
2024-08-09 16:00:00,0.0
2024-08-09 16:30:00,0.0
2024-08-09 17:00:00,0.0
2024-08-09 17:30:00,184.7333333333334
2024-08-09 18:00:00,172.1833333333334
2024-08-09 18:30:00,168.8666666666668
2024-08-09 19:00:00,168.0833333333334
2024-08-09 19:30:00,167.53333333333342
2024-08-09 20:00:00,167.4666666666668
2024-08-09 20:30:00,167.5
2024-08-09 21:00:00,163.5
2024-08-09 21:30:00,162.9333333333334
2024-08-09 22:00:00,162.9833333333334
2024-08-09 22:30:00,163.55
2024-08-09 23:00:00,164.96666666666658
2024-08-09 23:30:00,167.7333333333334
2024-08-10 00:00:00,171.0333333333332
2024-08-10 00:30:00,173.0166666666666
2024-08-10 01:00:00,172.85
2024-08-10 01:30:00,173.5666666666666
2024-08-10 02:00:00,175.3666666666666
2024-08-10 02:30:00,175.3666666666666
2024-08-10 03:00:00,174.8
2024-08-10 03:30:00,174.8
2024-08-10 04:00:00,173.6666666666666
2024-08-10 04:30:00,173.6666666666666
2024-08-10 05:00:00,171.13333333333338
2024-08-10 05:30:00,171.13333333333338
2024-08-10 06:00:00,170.9666666666668
2024-08-10 06:30:00,169.7333333333334
2024-08-10 07:00:00,16.200000000000003
2024-08-10 07:30:00,109.78333333333339
2024-08-10 08:00:00,107.0
2024-08-10 08:30:00,106.60000000000001
2024-08-10 09:00:00,143.3166666666666
2024-08-10 09:30:00,144.4166666666666
2024-08-10 10:00:00,144.46666666666658
2024-08-10 10:30:00,115.0666666666666
2024-08-10 11:00:00,143.25
2024-08-10 11:30:00,54.68333333333334
2024-08-10 12:00:00,0.0
2024-08-10 12:30:00,0.0
2024-08-10 13:00:00,0.0
2024-08-10 13:30:00,0.0
2024-08-10 14:00:00,0.0
2024-08-10 14:30:00,0.0
2024-08-10 15:00:00,0.0
2024-08-10 15:30:00,0.0
2024-08-10 16:00:00,0.0
2024-08-10 16:30:00,0.0
2024-08-10 17:00:00,0.0
2024-08-10 17:30:00,0.0
2024-08-10 18:00:00,0.0
2024-08-10 18:30:00,0.0
2024-08-10 19:00:00,15.51666666666666
2024-08-10 19:30:00,11.41666666666666
2024-08-10 20:00:00,10.53333333333334
2024-08-10 20:30:00,6.98333333333334
2024-08-10 21:00:00,3.51666666666666
2024-08-10 21:30:00,2.63333333333334
2024-08-10 22:00:00,1.8
2024-08-10 22:30:00,0.466666666666666
2024-08-10 23:00:00,0.0
2024-08-10 23:30:00,0.0
2024-08-11 00:00:00,0.0
2024-08-11 00:30:00,0.0
2024-08-11 01:00:00,0.0
2024-08-11 01:30:00,0.0
2024-08-11 02:00:00,0.0
2024-08-11 02:30:00,0.0
2024-08-11 03:00:00,0.0
2024-08-11 03:30:00,0.0
2024-08-11 04:00:00,0.0
2024-08-11 04:30:00,0.0
2024-08-11 05:00:00,0.0
2024-08-11 05:30:00,0.0
2024-08-11 06:00:00,0.0
2024-08-11 06:30:00,0.0
2024-08-11 07:00:00,0.0
2024-08-11 07:30:00,0.0
2024-08-11 08:00:00,0.0
2024-08-11 08:30:00,0.0
2024-08-11 09:00:00,0.0
2024-08-11 09:30:00,0.0
2024-08-11 10:00:00,0.0
2024-08-11 10:30:00,0.0
2024-08-11 11:00:00,0.0
2024-08-11 11:30:00,0.0
2024-08-11 12:00:00,0.0
2024-08-11 12:30:00,0.0
2024-08-11 13:00:00,0.0
2024-08-11 13:30:00,0.0
2024-08-11 14:00:00,0.0
2024-08-11 14:30:00,0.0
2024-08-11 15:00:00,0.0
2024-08-11 15:30:00,0.0
2024-08-11 16:00:00,0.0
2024-08-11 16:30:00,0.0
2024-08-11 17:00:00,0.0
2024-08-11 17:30:00,0.0
2024-08-11 18:00:00,0.0
2024-08-11 18:30:00,0.0
2024-08-11 19:00:00,0.0
2024-08-11 19:30:00,0.0
2024-08-11 20:00:00,0.0
2024-08-11 20:30:00,0.0
2024-08-11 21:00:00,0.0
2024-08-11 21:30:00,0.0
2024-08-11 22:00:00,0.0
2024-08-11 22:30:00,0.0
2024-08-11 23:00:00,0.0
2024-08-11 23:30:00,0.0
2024-08-12 00:00:00,0.0
2024-08-12 00:30:00,0.0
2024-08-12 01:00:00,0.0
2024-08-12 01:30:00,0.0
2024-08-12 02:00:00,0.0
2024-08-12 02:30:00,0.0
2024-08-12 03:00:00,0.0
2024-08-12 03:30:00,0.0
2024-08-12 04:00:00,0.0
2024-08-12 04:30:00,0.0
2024-08-12 05:00:00,0.0
2024-08-12 05:30:00,0.0
2024-08-12 06:00:00,65.25000000000006
2024-08-12 06:30:00,75.19999999999993
2024-08-12 07:00:00,140.7666666666666
2024-08-12 07:30:00,92.3666666666666
2024-08-12 08:00:00,81.69999999999995
2024-08-12 08:30:00,284.2
2024-08-12 09:00:00,226.1000000000002
2024-08-12 09:30:00,80.7333333333332
2024-08-12 10:00:00,307.0666666666666
2024-08-12 10:30:00,170.1833333333332
2024-08-12 11:00:00,58.61666666666666
2024-08-12 11:30:00,314.0333333333334
2024-08-12 12:00:00,132.0166666666668
2024-08-12 12:30:00,315.0166666666666
2024-08-12 13:00:00,231.7333333333334
2024-08-12 13:30:00,94.8
2024-08-12 14:00:00,316.0
2024-08-12 14:30:00,79.05
2024-08-12 15:00:00,65.35
2024-08-12 15:30:00,65.33333333333334
2024-08-12 16:00:00,64.86666666666675
2024-08-12 16:30:00,58.29999999999994
2024-08-12 17:00:00,140.63333333333327
2024-08-12 17:30:00,42.3
2024-08-12 18:00:00,77.27499999999999
2024-08-12 18:30:00,83.35000000000007
2024-08-12 19:00:00,13.683333333333339
2024-08-12 19:30:00,59.85
2024-08-12 20:00:00,32.233333333333334
2024-08-12 20:30:00,0.0
2024-08-12 21:00:00,0.0
2024-08-12 21:30:00,0.0
2024-08-12 22:00:00,0.0
2024-08-12 22:30:00,0.0
2024-08-12 23:00:00,0.0
2024-08-12 23:30:00,0.0
2024-08-13 00:00:00,0.0
2024-08-13 00:30:00,0.0
2024-08-13 01:00:00,0.0
2024-08-13 01:30:00,0.0
2024-08-13 02:00:00,0.0
2024-08-13 02:30:00,0.0
2024-08-13 03:00:00,0.0
2024-08-13 03:30:00,0.0
2024-08-13 04:00:00,0.0
2024-08-13 04:30:00,0.0
2024-08-13 05:00:00,0.0
2024-08-13 05:30:00,0.0
2024-08-13 06:00:00,0.0
2024-08-13 06:30:00,0.0
2024-08-13 07:00:00,0.0
2024-08-13 07:30:00,0.0
2024-08-13 08:00:00,0.0
2024-08-13 08:30:00,0.0
2024-08-13 09:00:00,0.0
2024-08-13 09:30:00,0.0
2024-08-13 10:00:00,0.0
2024-08-13 10:30:00,0.0
2024-08-13 11:00:00,0.0
2024-08-13 11:30:00,8.7
2024-08-13 12:00:00,35.166666666666686
2024-08-13 12:30:00,41.5
2024-08-13 13:00:00,67.81666666666673
2024-08-13 13:30:00,62.4666666666666
2024-08-13 14:00:00,84.7333333333334
2024-08-13 14:30:00,174.7166666666668
2024-08-13 15:00:00,188.7166666666666
2024-08-13 15:30:00,80.96666666666667
2024-08-13 16:00:00,122.2333333333334
2024-08-13 16:30:00,145.53333333333342
2024-08-13 17:00:00,98.91666666666666
2024-08-13 17:30:00,117.4
2024-08-13 18:00:00,136.0000000000002
2024-08-13 18:30:00,154.5166666666668
2024-08-13 19:00:00,176.79999999999998
2024-08-13 19:30:00,196.85
2024-08-13 20:00:00,141.875
2024-08-13 20:30:00,66.1833333333334
2024-08-13 21:00:00,83.8833333333334
2024-08-13 21:30:00,102.46666666666674
2024-08-13 22:00:00,120.31666666666666
2024-08-13 22:30:00,140.5333333333332
2024-08-13 23:00:00,160.7833333333334
2024-08-13 23:30:00,98.68333333333334
2024-08-14 00:00:00,117.6333333333332
2024-08-14 00:30:00,136.21666666666658
2024-08-14 01:00:00,153.3333333333334
2024-08-14 01:30:00,171.9
2024-08-14 02:00:00,191.9
2024-08-14 02:30:00,137.83333333333346
2024-08-14 03:00:00,156.91666666666674
2024-08-14 03:30:00,79.05555555555549
2024-08-14 04:00:00,162.55
2024-08-14 04:30:00,145.9
2024-08-14 05:00:00,57.60000000000006
2024-08-14 05:30:00,0.0
2024-08-14 06:00:00,0.0
2024-08-14 06:30:00,0.0
2024-08-14 07:00:00,0.0
2024-08-14 07:30:00,0.0
2024-08-14 08:00:00,0.0
2024-08-14 08:30:00,0.0
2024-08-14 09:00:00,0.0
2024-08-14 09:30:00,0.0
2024-08-14 10:00:00,0.0
2024-08-14 10:30:00,0.0
2024-08-14 11:00:00,0.0
2024-08-14 11:30:00,0.0
2024-08-14 12:00:00,0.0
2024-08-14 12:30:00,0.0
2024-08-14 13:00:00,0.0
2024-08-14 13:30:00,0.0
2024-08-14 14:00:00,0.0
2024-08-14 14:30:00,1.366666666666666
2024-08-14 15:00:00,80.9666666666668
2024-08-14 15:30:00,64.66666666666674
2024-08-14 16:00:00,50.90000000000006
2024-08-14 16:30:00,73.20000000000006
2024-08-14 17:00:00,72.64999999999986
2024-08-14 17:30:00,63.9666666666666
2024-08-14 18:00:00,84.8833333333332
2024-08-14 18:30:00,122.8166666666666
2024-08-14 19:00:00,123.95
2024-08-14 19:30:00,122.7166666666666
2024-08-14 20:00:00,106.4666666666666
2024-08-14 20:30:00,60.4
2024-08-14 21:00:00,82.31666666666672
2024-08-14 21:30:00,227.2333333333332
2024-08-14 22:00:00,181.4333333333334
2024-08-14 22:30:00,114.40000000000005
2024-08-14 23:00:00,142.87777777777785
2024-08-14 23:30:00,218.6222222222222
2024-08-15 00:00:00,148.0833333333334
2024-08-15 00:30:00,67.43333333333325
2024-08-15 01:00:00,188.24999999999994
2024-08-15 01:30:00,269.8
2024-08-15 02:00:00,194.9666666666666
2024-08-15 02:30:00,174.3333333333334
2024-08-15 03:00:00,133.41666666666666
2024-08-15 03:30:00,200.0
2024-08-15 04:00:00,123.18333333333325
2024-08-15 04:30:00,137.61666666666673
2024-08-15 05:00:00,184.44999999999993
2024-08-15 05:30:00,259.83333333333337
2024-08-15 06:00:00,179.8833333333334
2024-08-15 06:30:00,131.21666666666658
2024-08-15 07:00:00,82.06111111111112
2024-08-15 07:30:00,165.88888888888886
2024-08-15 08:00:00,188.1499999999998
2024-08-15 08:30:00,152.20000000000002
2024-08-15 09:00:00,189.88333333333338
2024-08-15 09:30:00,64.3666666666666
2024-08-15 10:00:00,0.0
2024-08-15 10:30:00,0.0
2024-08-15 11:00:00,0.0
2024-08-15 11:30:00,0.0
2024-08-15 12:00:00,0.0
2024-08-15 12:30:00,0.0
2024-08-15 13:00:00,0.0
2024-08-15 13:30:00,0.0
2024-08-15 14:00:00,0.0
2024-08-15 14:30:00,0.0
2024-08-15 15:00:00,25.283333333333342
2024-08-15 15:30:00,126.2
2024-08-15 16:00:00,116.76666666666674
2024-08-15 16:30:00,109.86666666666659
2024-08-15 17:00:00,98.11666666666675
2024-08-15 17:30:00,91.9833333333332
2024-08-15 18:00:00,42.43333333333334
2024-08-15 18:30:00,144.06666666666655
2024-08-15 19:00:00,97.35000000000008
2024-08-15 19:30:00,81.7833333333334
2024-08-15 20:00:00,71.2
2024-08-15 20:30:00,53.8166666666666
2024-08-15 21:00:00,37.25
2024-08-15 21:30:00,101.09999999999992
2024-08-15 22:00:00,92.2333333333334
2024-08-15 22:30:00,77.59999999999994
2024-08-15 23:00:00,63.0
2024-08-15 23:30:00,5.4
2024-08-16 00:00:00,54.599999999999994
2024-08-16 00:30:00,165.3333333333332
2024-08-16 01:00:00,144.35
2024-08-16 01:30:00,116.75
2024-08-16 02:00:00,88.18333333333334
2024-08-16 02:30:00,58.5
2024-08-16 03:00:00,28.15
2024-08-16 03:30:00,201.90000000000006
2024-08-16 04:00:00,102.8833333333334
2024-08-16 04:30:00,89.0666666666666
2024-08-16 05:00:00,114.89999999999995
2024-08-16 05:30:00,99.88333333333347
2024-08-16 06:00:00,94.41666666666666
2024-08-16 06:30:00,78.96666666666674
2024-08-16 07:00:00,166.2333333333334
2024-08-16 07:30:00,160.63333333333333
2024-08-16 08:00:00,146.3
2024-08-16 08:30:00,131.8
2024-08-16 09:00:00,115.85
2024-08-16 09:30:00,98.7666666666666
2024-08-16 10:00:00,82.1666666666666
2024-08-16 10:30:00,178.4166666666666
2024-08-16 11:00:00,167.5
2024-08-16 11:30:00,150.5
2024-08-16 12:00:00,134.0833333333334
2024-08-16 12:30:00,116.5833333333334
2024-08-16 13:00:00,99.6666666666666
2024-08-16 13:30:00,82.1666666666666
2024-08-16 14:00:00,176.0833333333334
2024-08-16 14:30:00,167.3333333333334
2024-08-16 15:00:00,149.0833333333334
2024-08-16 15:30:00,131.75
2024-08-16 16:00:00,114.6
2024-08-16 16:30:00,97.7
2024-08-16 17:00:00,81.0
2024-08-16 17:30:00,177.2666666666666
2024-08-16 18:00:00,81.09999999999994
2024-08-16 18:30:00,73.4166666666666
2024-08-16 19:00:00,74.0
2024-08-16 19:30:00,224.45
2024-08-16 20:00:00,212.0833333333334
2024-08-16 20:30:00,161.0833333333334
2024-08-16 21:00:00,135.5833333333334
2024-08-16 21:30:00,134.8
2024-08-16 22:00:00,135.5833333333334
2024-08-16 22:30:00,134.8
2024-08-16 23:00:00,135.0166666666666
2024-08-16 23:30:00,135.0166666666666
2024-08-17 00:00:00,132.08333333333334
2024-08-17 00:30:00,132.08333333333334
2024-08-17 01:00:00,130.3
2024-08-17 01:30:00,130.31666666666675
2024-08-17 02:00:00,130.18333333333334
2024-08-17 02:30:00,129.8
2024-08-17 03:00:00,129.01666666666665
2024-08-17 03:30:00,125.0166666666668
2024-08-17 04:00:00,104.81666666666673
2024-08-17 04:30:00,192.75000000000006
2024-08-17 05:00:00,183.25000000000014
2024-08-17 05:30:00,179.3166666666666
2024-08-17 06:00:00,176.09999999999994
2024-08-17 06:30:00,174.68333333333345
2024-08-17 07:00:00,173.91666666666666
2024-08-17 07:30:00,183.4333333333334
2024-08-17 08:00:00,194.08333333333314
2024-08-17 08:30:00,193.4
2024-08-17 09:00:00,194.96666666666658
2024-08-17 09:30:00,197.33333333333334
2024-08-17 10:00:00,201.15000000000006
2024-08-17 10:30:00,201.21666666666675
2024-08-17 11:00:00,201.23333333333335
2024-08-17 11:30:00,201.98333333333335
2024-08-17 12:00:00,202.86666666666667
2024-08-17 12:30:00,202.81666666666666
2024-08-17 13:00:00,203.5833333333334
2024-08-17 13:30:00,201.98333333333335
2024-08-17 14:00:00,201.93333333333325
2024-08-17 14:30:00,200.33333333333354
2024-08-17 15:00:00,199.50000000000006
2024-08-17 15:30:00,197.20000000000005
2024-08-17 16:00:00,105.73333333333333
2024-08-17 16:30:00,114.33333333333334
2024-08-17 17:00:00,127.91666666666666
2024-08-17 17:30:00,123.7666666666666
2024-08-17 18:00:00,121.6166666666668
2024-08-17 18:30:00,70.7666666666666
2024-08-17 19:00:00,108.1500000000002
2024-08-17 19:30:00,119.09999999999985
2024-08-17 20:00:00,122.38333333333327
2024-08-17 20:30:00,122.2833333333332
2024-08-17 21:00:00,120.53333333333345
2024-08-17 21:30:00,103.83333333333326
2024-08-17 22:00:00,130.56666666666675
2024-08-17 22:30:00,134.8999999999998
2024-08-17 23:00:00,140.08333333333334
2024-08-17 23:30:00,140.4833333333334
2024-08-18 00:00:00,141.55
2024-08-18 00:30:00,140.10000000000005
2024-08-18 01:00:00,141.26666666666674
2024-08-18 01:30:00,140.90000000000006
2024-08-18 02:00:00,141.90000000000006
2024-08-18 02:30:00,140.14999999999995
2024-08-18 03:00:00,139.6666666666666
2024-08-18 03:30:00,135.43333333333334
2024-08-18 04:00:00,132.7666666666666
2024-08-18 04:30:00,128.78333333333347
2024-08-18 05:00:00,124.6833333333332
2024-08-18 05:30:00,163.1499999999998
2024-08-18 06:00:00,111.65
2024-08-18 06:30:00,88.9333333333334
2024-08-18 07:00:00,0.0
2024-08-18 07:30:00,84.24999999999986
2024-08-18 08:00:00,104.35
2024-08-18 08:30:00,96.8833333333334
2024-08-18 09:00:00,1.6
2024-08-18 09:30:00,100.73333333333333
2024-08-18 10:00:00,170.94166666666652
2024-08-18 10:30:00,173.88333333333327
2024-08-18 11:00:00,175.53055555555542
2024-08-18 11:30:00,177.4416666666666
2024-08-18 12:00:00,178.4222222222221
2024-08-18 12:30:00,117.05277777777778
2024-08-18 13:00:00,118.38611111111116
2024-08-18 13:30:00,118.40000000000006
2024-08-18 14:00:00,64.23333333333333
2024-08-18 14:30:00,64.04166666666674
2024-08-18 15:00:00,64.05833333333342
2024-08-18 15:30:00,63.524999999999935
2024-08-18 16:00:00,63.300000000000054
2024-08-18 16:30:00,63.70000000000006
2024-08-18 17:00:00,63.266666666666595
2024-08-18 17:30:00,143.7333333333333
2024-08-18 18:00:00,85.41666666666666
2024-08-18 18:30:00,139.15833333333347
2024-08-18 19:00:00,82.04999999999987
2024-08-18 19:30:00,133.57500000000007
2024-08-18 20:00:00,156.44166666666678
2024-08-18 20:30:00,83.64166666666672
2024-08-18 21:00:00,102.44999999999993
2024-08-18 21:30:00,99.81666666666666
2024-08-18 22:00:00,77.1833333333334
2024-08-18 22:30:00,68.06666666666673
2024-08-18 23:00:00,19.2
2024-08-18 23:30:00,0.0
2024-08-19 00:00:00,0.0
2024-08-19 00:30:00,0.0
2024-08-19 01:00:00,0.0
2024-08-19 01:30:00,0.0
2024-08-19 02:00:00,0.0
2024-08-19 02:30:00,158.8333333333334
2024-08-19 03:00:00,146.38333333333338
2024-08-19 03:30:00,141.3166666666666
2024-08-19 04:00:00,136.8500000000002
2024-08-19 04:30:00,129.53333333333342
2024-08-19 05:00:00,123.3333333333334
2024-08-19 05:30:00,108.05
2024-08-19 06:00:00,173.46666666666658
2024-08-19 06:30:00,175.4333333333332
2024-08-19 07:00:00,182.15
2024-08-19 07:30:00,201.85
2024-08-19 08:00:00,209.28333333333342
2024-08-19 08:30:00,226.6
2024-08-19 09:00:00,244.4333333333334
2024-08-19 09:30:00,205.20000000000007
2024-08-19 10:00:00,141.69999999999987
2024-08-19 10:30:00,38.96666666666668
2024-08-19 11:00:00,17.86666666666666
2024-08-19 11:30:00,40.2166666666666
2024-08-19 12:00:00,17.83333333333334
2024-08-19 12:30:00,38.95
2024-08-19 13:00:00,40.6666666666666
2024-08-19 13:30:00,47.3
2024-08-19 14:00:00,45.9833333333334
2024-08-19 14:30:00,45.2166666666666
2024-08-19 15:00:00,13.53333333333334
2024-08-19 15:30:00,154.8333333333334
2024-08-19 16:00:00,137.1833333333332
2024-08-19 16:30:00,138.3166666666666
2024-08-19 17:00:00,132.0166666666668
2024-08-19 17:30:00,124.5833333333332
2024-08-19 18:00:00,118.38333333333321
2024-08-19 18:30:00,105.8333333333332
2024-08-19 19:00:00,94.79999999999987
2024-08-19 19:30:00,91.48333333333326
2024-08-19 20:00:00,78.7166666666666
2024-08-19 20:30:00,83.6333333333334
2024-08-19 21:00:00,89.75000000000006
2024-08-19 21:30:00,101.01666666666674
2024-08-19 22:00:00,113.7
2024-08-19 22:30:00,105.4833333333334
2024-08-19 23:00:00,99.75
2024-08-19 23:30:00,93.46666666666667
2024-08-20 00:00:00,86.88333333333314
2024-08-20 00:30:00,88.95
2024-08-20 01:00:00,90.98333333333326
2024-08-20 01:30:00,78.2
2024-08-20 02:00:00,51.13333333333334
2024-08-20 02:30:00,30.3
2024-08-20 03:00:00,9.93333333333334
2024-08-20 03:30:00,7.766666666666668
2024-08-20 04:00:00,6.433333333333341
2024-08-20 04:30:00,6.866666666666674
2024-08-20 05:00:00,8.550000000000006
2024-08-20 05:30:00,9.95
2024-08-20 06:00:00,12.31666666666668
2024-08-20 06:30:00,17.21666666666668
2024-08-20 07:00:00,22.76666666666666
2024-08-20 07:30:00,39.96666666666668
2024-08-20 08:00:00,12.3
2024-08-20 08:30:00,20.4
2024-08-20 09:00:00,0.0
2024-08-20 09:30:00,0.0
2024-08-20 10:00:00,29.8
2024-08-20 10:30:00,30.0833333333334
2024-08-20 11:00:00,69.3
2024-08-20 11:30:00,117.26666666666665
2024-08-20 12:00:00,100.1500000000002
2024-08-20 12:30:00,88.71666666666665
2024-08-20 13:00:00,94.01666666666645
2024-08-20 13:30:00,2.066666666666666
2024-08-20 14:00:00,59.38333333333332
2024-08-20 14:30:00,68.06666666666668
2024-08-20 15:00:00,37.4666666666666
2024-08-20 15:30:00,19.18333333333332
2024-08-20 16:00:00,42.65000000000002
2024-08-20 16:30:00,36.08333333333334
2024-08-20 17:00:00,44.4
2024-08-20 17:30:00,48.80000000000002
2024-08-20 18:00:00,4.233333333333332
2024-08-20 18:30:00,47.88333333333332
2024-08-20 19:00:00,6.2
2024-08-20 19:30:00,35.9
2024-08-20 20:00:00,7.033333333333331
2024-08-20 20:30:00,30.01666666666666
2024-08-20 21:00:00,9.46666666666668
2024-08-20 21:30:00,11.8
2024-08-20 22:00:00,13.43333333333332
2024-08-20 22:30:00,12.566666666666642
2024-08-20 23:00:00,5.2666666666666675
2024-08-20 23:30:00,5.616666666666668
2024-08-21 00:00:00,5.249999999999998
2024-08-21 00:30:00,5.766666666666666
2024-08-21 01:00:00,4.1499999999999995
2024-08-21 01:30:00,4.4
2024-08-21 02:00:00,0.0
2024-08-21 02:30:00,0.0
2024-08-21 03:00:00,0.0
2024-08-21 03:30:00,0.0
2024-08-21 04:00:00,0.0
2024-08-21 04:30:00,0.0
2024-08-21 05:00:00,0.0
2024-08-21 05:30:00,0.0
2024-08-21 06:00:00,0.0
2024-08-21 06:30:00,0.0
2024-08-21 07:00:00,0.0
2024-08-21 07:30:00,0.0
2024-08-21 08:00:00,0.0
2024-08-21 08:30:00,14.383333333333319
2024-08-21 09:00:00,15.9
2024-08-21 09:30:00,28.76666666666666
2024-08-21 10:00:00,18.200000000000003
2024-08-21 10:30:00,59.1833333333334
2024-08-21 11:00:00,0.0
2024-08-21 11:30:00,0.0
2024-08-21 12:00:00,0.0
2024-08-21 12:30:00,0.0
2024-08-21 13:00:00,0.0
2024-08-21 13:30:00,46.8166666666666
2024-08-21 14:00:00,55.1833333333332
2024-08-21 14:30:00,57.7333333333334
2024-08-21 15:00:00,59.616666666666596
2024-08-21 15:30:00,0.0
2024-08-21 16:00:00,145.9166666666666
2024-08-21 16:30:00,168.78333333333342
2024-08-21 17:00:00,240.63888888888883
2024-08-21 17:30:00,229.03333333333347
2024-08-21 18:00:00,235.71666666666664
2024-08-21 18:30:00,237.35000000000005
2024-08-21 19:00:00,239.73333333333326
2024-08-21 19:30:00,239.73333333333326
2024-08-21 20:00:00,9.69999999999998
2024-08-21 20:30:00,397.20000000000016
2024-08-21 21:00:00,103.5
2024-08-21 21:30:00,167.5
2024-08-21 22:00:00,167.5
2024-08-21 22:30:00,167.5
2024-08-21 23:00:00,232.0166666666666
2024-08-21 23:30:00,187.8333333333334
2024-08-22 00:00:00,372.0833333333332
2024-08-22 00:30:00,0.0
2024-08-22 01:00:00,0.0
2024-08-22 01:30:00,0.0
2024-08-22 02:00:00,0.0
2024-08-22 02:30:00,0.0
2024-08-22 03:00:00,0.0
2024-08-22 03:30:00,0.0
2024-08-22 04:00:00,0.0
2024-08-22 04:30:00,0.0
2024-08-22 05:00:00,0.0
2024-08-22 05:30:00,0.0
2024-08-22 06:00:00,16.18333333333334
2024-08-22 06:30:00,360.8166666666664
2024-08-22 07:00:00,16.16666666666666
2024-08-22 07:30:00,140.29999999999995
2024-08-22 08:00:00,83.15000000000006
2024-08-22 08:30:00,157.0166666666666
2024-08-22 09:00:00,167.0666666666666
2024-08-22 09:30:00,0.0
2024-08-22 10:00:00,0.0
2024-08-22 10:30:00,0.0
2024-08-22 11:00:00,0.0
2024-08-22 11:30:00,0.0
2024-08-22 12:00:00,0.0
2024-08-22 12:30:00,0.0
2024-08-22 13:00:00,0.0
2024-08-22 13:30:00,116.25
2024-08-22 14:00:00,131.28333333333342
2024-08-22 14:30:00,177.9833333333334
2024-08-22 15:00:00,23.33333333333334
2024-08-22 15:30:00,57.56666666666666
2024-08-22 16:00:00,177.5833333333334
2024-08-22 16:30:00,181.7333333333334
2024-08-22 17:00:00,181.76666666666682
2024-08-22 17:30:00,182.65
2024-08-22 18:00:00,403.9333333333334
2024-08-22 18:30:00,47.88333333333332
2024-08-22 19:00:00,47.16666666666666
2024-08-22 19:30:00,388.88333333333344
2024-08-22 20:00:00,79.56666666666675
2024-08-22 20:30:00,144.2666666666664
2024-08-22 21:00:00,172.5833333333334
2024-08-22 21:30:00,162.45
2024-08-22 22:00:00,102.1333333333334
2024-08-22 22:30:00,54.449999999999946
2024-08-22 23:00:00,150.5
2024-08-22 23:30:00,53.0
2024-08-23 00:00:00,0.0
2024-08-23 00:30:00,0.0
2024-08-23 01:00:00,0.0
2024-08-23 01:30:00,0.0
2024-08-23 02:00:00,0.0
2024-08-23 02:30:00,0.0
2024-08-23 03:00:00,0.0
2024-08-23 03:30:00,0.0
2024-08-23 04:00:00,0.0
2024-08-23 04:30:00,0.0
2024-08-23 05:00:00,0.0
2024-08-23 05:30:00,0.0
2024-08-23 06:00:00,0.0
2024-08-23 06:30:00,0.0
2024-08-23 07:00:00,0.0
2024-08-23 07:30:00,0.0
2024-08-23 08:00:00,0.0
2024-08-23 08:30:00,0.0
2024-08-23 09:00:00,0.0
2024-08-23 09:30:00,0.0
2024-08-23 10:00:00,0.0
2024-08-23 10:30:00,0.0
2024-08-23 11:00:00,0.0
2024-08-23 11:30:00,0.0
2024-08-23 12:00:00,0.0
2024-08-23 12:30:00,0.0
2024-08-23 13:00:00,0.0
2024-08-23 13:30:00,0.0
2024-08-23 14:00:00,1.316666666666668
2024-08-23 14:30:00,89.70000000000014
2024-08-23 15:00:00,92.04999999999986
2024-08-23 15:30:00,32.71666666666668
2024-08-23 16:00:00,2.65
2024-08-23 16:30:00,87.61666666666673
2024-08-23 17:00:00,93.28333333333326
2024-08-23 17:30:00,20.0
2024-08-23 18:00:00,87.09999999999994
2024-08-23 18:30:00,250.20000000000022
2024-08-23 19:00:00,94.35
2024-08-23 19:30:00,97.58333333333346
2024-08-23 20:00:00,263.33333333333337
2024-08-23 20:30:00,101.75
2024-08-23 21:00:00,110.5166666666668
2024-08-23 21:30:00,113.80000000000001
2024-08-23 22:00:00,115.9
2024-08-23 22:30:00,138.0166666666666
2024-08-23 23:00:00,143.0833333333334
2024-08-23 23:30:00,151.2666666666666
2024-08-24 00:00:00,157.0
2024-08-24 00:30:00,161.95000000000022
2024-08-24 01:00:00,163.95
2024-08-24 01:30:00,94.85000000000001
2024-08-24 02:00:00,99.86666666666675
2024-08-24 02:30:00,103.6333333333334
2024-08-24 03:00:00,107.41666666666674
2024-08-24 03:30:00,109.81666666666666
2024-08-24 04:00:00,111.7333333333332
2024-08-24 04:30:00,112.71666666666646
2024-08-24 05:00:00,112.01666666666665
2024-08-24 05:30:00,113.3833333333334
2024-08-24 06:00:00,113.10000000000007
2024-08-24 06:30:00,109.35000000000007
2024-08-24 07:00:00,106.9666666666666
2024-08-24 07:30:00,113.55000000000005
2024-08-24 08:00:00,129.79999999999995
2024-08-24 08:30:00,75.74166666666655
2024-08-24 09:00:00,78.53333333333347
2024-08-24 09:30:00,82.21666666666674
2024-08-24 10:00:00,84.9666666666666
2024-08-24 10:30:00,91.46666666666673
2024-08-24 11:00:00,98.31666666666666
2024-08-24 11:30:00,106.63333333333334
2024-08-24 12:00:00,113.98333333333355
2024-08-24 12:30:00,122.05
2024-08-24 13:00:00,132.75
2024-08-24 13:30:00,137.2333333333334
2024-08-24 14:00:00,133.8166666666666
2024-08-24 14:30:00,0.0
2024-08-24 15:00:00,87.6
2024-08-24 15:30:00,114.66666666666654
2024-08-24 16:00:00,206.96666666666658
2024-08-24 16:30:00,163.25000000000014
2024-08-24 17:00:00,171.54999999999987
2024-08-24 17:30:00,190.05
2024-08-24 18:00:00,211.7
2024-08-24 18:30:00,174.43333333333334
2024-08-24 19:00:00,184.4333333333334
2024-08-24 19:30:00,132.4333333333334
2024-08-24 20:00:00,157.48333333333332
2024-08-24 20:30:00,278.7833333333334
2024-08-24 21:00:00,155.1
2024-08-24 21:30:00,94.40000000000012
2024-08-24 22:00:00,283.1333333333334
2024-08-24 22:30:00,5.183333333333332
2024-08-24 23:00:00,0.0
2024-08-24 23:30:00,295.4666666666664
2024-08-25 00:00:00,202.6666666666668
2024-08-25 00:30:00,153.5166666666666
2024-08-25 01:00:00,154.0833333333332
2024-08-25 01:30:00,153.45
2024-08-25 02:00:00,148.21666666666658
2024-08-25 02:30:00,211.95
2024-08-25 03:00:00,235.9333333333334
2024-08-25 03:30:00,264.7333333333332
2024-08-25 04:00:00,292.2
2024-08-25 04:30:00,11.95
2024-08-25 05:00:00,35.16666666666668
2024-08-25 05:30:00,58.65
2024-08-25 06:00:00,82.61666666666675
2024-08-25 06:30:00,108.4166666666666
2024-08-25 07:00:00,135.9333333333334
2024-08-25 07:30:00,149.6333333333332
2024-08-25 08:00:00,175.43333333333322
2024-08-25 08:30:00,0.0
2024-08-25 09:00:00,0.0
2024-08-25 09:30:00,0.0
2024-08-25 10:00:00,0.0
2024-08-25 10:30:00,0.0
2024-08-25 11:00:00,0.0
2024-08-25 11:30:00,0.0
2024-08-25 12:00:00,0.0
2024-08-25 12:30:00,0.0
2024-08-25 13:00:00,0.0
2024-08-25 13:30:00,0.0
2024-08-25 14:00:00,28.0333333333334
2024-08-25 14:30:00,155.76666666666674
2024-08-25 15:00:00,62.7
2024-08-25 15:30:00,0.0
2024-08-25 16:00:00,0.0
2024-08-25 16:30:00,0.0
2024-08-25 17:00:00,0.0
2024-08-25 17:30:00,3.166666666666666
2024-08-25 18:00:00,189.0166666666666
2024-08-25 18:30:00,143.8166666666666
2024-08-25 19:00:00,101.00000000000006
2024-08-25 19:30:00,84.23333333333326
2024-08-25 20:00:00,64.73333333333332
2024-08-25 20:30:00,36.26666666666668
2024-08-25 21:00:00,16.3
2024-08-25 21:30:00,6.6833333333333265
2024-08-25 22:00:00,7.25
2024-08-25 22:30:00,10.81666666666666
2024-08-25 23:00:00,14.94999999999998
2024-08-25 23:30:00,20.25
2024-08-26 00:00:00,26.53333333333332
2024-08-26 00:30:00,33.08333333333334
2024-08-26 01:00:00,41.68333333333334
2024-08-26 01:30:00,45.19999999999998
2024-08-26 02:00:00,49.266666666666666
2024-08-26 02:30:00,50.45
2024-08-26 03:00:00,52.0
2024-08-26 03:30:00,52.43333333333332
2024-08-26 04:00:00,53.04999999999998
2024-08-26 04:30:00,50.13333333333334
2024-08-26 05:00:00,47.45
2024-08-26 05:30:00,46.64999999999998
2024-08-26 06:00:00,45.56666666666666
2024-08-26 06:30:00,44.13333333333332
2024-08-26 07:00:00,42.31666666666668
2024-08-26 07:30:00,41.85000000000002
2024-08-26 08:00:00,45.06666666666666
2024-08-26 08:30:00,59.55000000000006
2024-08-26 09:00:00,67.55000000000008
2024-08-26 09:30:00,34.999999999999936
2024-08-26 10:00:00,28.05
2024-08-26 10:30:00,0.0
2024-08-26 11:00:00,0.0
2024-08-26 11:30:00,0.0
2024-08-26 12:00:00,0.0
2024-08-26 12:30:00,0.0
2024-08-26 13:00:00,0.0
2024-08-26 13:30:00,0.0
2024-08-26 14:00:00,0.0
2024-08-26 14:30:00,0.0
2024-08-26 15:00:00,0.0
2024-08-26 15:30:00,0.0
2024-08-26 16:00:00,0.0
2024-08-26 16:30:00,0.0
2024-08-26 17:00:00,0.0
2024-08-26 17:30:00,0.0
2024-08-26 18:00:00,0.0
2024-08-26 18:30:00,0.0
2024-08-26 19:00:00,0.0
2024-08-26 19:30:00,0.0
2024-08-26 20:00:00,0.0
2024-08-26 20:30:00,0.0
2024-08-26 21:00:00,0.0
2024-08-26 21:30:00,0.0
2024-08-26 22:00:00,0.0
2024-08-26 22:30:00,0.0
2024-08-26 23:00:00,5.333333333333334
2024-08-26 23:30:00,4.7
2024-08-27 00:00:00,5.433333333333334
2024-08-27 00:30:00,5.633333333333334
2024-08-27 01:00:00,6.150000000000006
2024-08-27 01:30:00,6.933333333333319
2024-08-27 02:00:00,8.3
2024-08-27 02:30:00,9.86666666666666
2024-08-27 03:00:00,11.51666666666668
2024-08-27 03:30:00,60.01666666666674
2024-08-27 04:00:00,67.23333333333326
2024-08-27 04:30:00,72.1166666666666
2024-08-27 05:00:00,76.73333333333335
2024-08-27 05:30:00,76.81666666666672
2024-08-27 06:00:00,77.05000000000008
2024-08-27 06:30:00,79.98333333333332
2024-08-27 07:00:00,83.61666666666673
2024-08-27 07:30:00,86.75
2024-08-27 08:00:00,87.48333333333326
2024-08-27 08:30:00,89.96666666666674
2024-08-27 09:00:00,92.48333333333333
2024-08-27 09:30:00,87.48333333333333
2024-08-27 10:00:00,22.83333333333334
2024-08-27 10:30:00,83.7666666666666
2024-08-27 11:00:00,282.9833333333334
2024-08-27 11:30:00,0.0
2024-08-27 12:00:00,0.0
2024-08-27 12:30:00,0.0
2024-08-27 13:00:00,0.0
2024-08-27 13:30:00,0.0
2024-08-27 14:00:00,0.0
2024-08-27 14:30:00,0.0
2024-08-27 15:00:00,0.0
2024-08-27 15:30:00,0.0
2024-08-27 16:00:00,0.0
2024-08-27 16:30:00,16.51666666666668
2024-08-27 17:00:00,335.08333333333337
2024-08-27 17:30:00,13.6
2024-08-27 18:00:00,188.45
2024-08-27 18:30:00,243.4999999999998
2024-08-27 19:00:00,230.6
2024-08-27 19:30:00,223.95
2024-08-27 20:00:00,196.78333333333322
2024-08-27 20:30:00,187.1833333333332
2024-08-27 21:00:00,65.73333333333326
2024-08-27 21:30:00,23.4
2024-08-27 22:00:00,0.0
2024-08-27 22:30:00,0.0
2024-08-27 23:00:00,0.0
2024-08-27 23:30:00,0.0
2024-08-28 00:00:00,120.9
2024-08-28 00:30:00,29.933333333333323
2024-08-28 01:00:00,20.049999999999994
2024-08-28 01:30:00,29.066666666666666
2024-08-28 02:00:00,14.76666666666666
2024-08-28 02:30:00,115.93333333333321
2024-08-28 03:00:00,52.48333333333334
2024-08-28 03:30:00,169.3
2024-08-28 04:00:00,52.13333333333332
2024-08-28 04:30:00,172.7333333333334
2024-08-28 05:00:00,43.716666666666654
2024-08-28 05:30:00,141.9166666666668
2024-08-28 06:00:00,48.23333333333334
2024-08-28 06:30:00,53.05
2024-08-28 07:00:00,58.55
2024-08-28 07:30:00,80.83333333333331
2024-08-28 08:00:00,86.4666666666666
2024-08-28 08:30:00,67.83333333333334
2024-08-28 09:00:00,0.0
2024-08-28 09:30:00,0.0
2024-08-28 10:00:00,0.0
2024-08-28 10:30:00,0.0
2024-08-28 11:00:00,0.0
2024-08-28 11:30:00,0.0
2024-08-28 12:00:00,0.0
2024-08-28 12:30:00,0.0
2024-08-28 13:00:00,0.0
2024-08-28 13:30:00,0.0
2024-08-28 14:00:00,0.0
2024-08-28 14:30:00,0.0
2024-08-28 15:00:00,0.0
2024-08-28 15:30:00,0.0
2024-08-28 16:00:00,0.0
2024-08-28 16:30:00,0.0
2024-08-28 17:00:00,149.5666666666664
2024-08-28 17:30:00,153.2666666666668
2024-08-28 18:00:00,164.0166666666666
2024-08-28 18:30:00,166.5333333333332
2024-08-28 19:00:00,128.53333333333342
2024-08-28 19:30:00,123.5
2024-08-28 20:00:00,0.0
2024-08-28 20:30:00,0.0
2024-08-28 21:00:00,0.0
2024-08-28 21:30:00,0.0
2024-08-28 22:00:00,0.0
2024-08-28 22:30:00,0.0
2024-08-28 23:00:00,0.0
2024-08-28 23:30:00,0.0
2024-08-29 00:00:00,0.0
2024-08-29 00:30:00,0.0
2024-08-29 01:00:00,0.0
2024-08-29 01:30:00,0.0
2024-08-29 02:00:00,0.0
2024-08-29 02:30:00,0.0
2024-08-29 03:00:00,0.0
2024-08-29 03:30:00,27.96666666666666
2024-08-29 04:00:00,24.266666666666662
2024-08-29 04:30:00,21.28333333333332
2024-08-29 05:00:00,19.71666666666668
2024-08-29 05:30:00,18.88333333333334
2024-08-29 06:00:00,19.0
2024-08-29 06:30:00,17.41666666666668
2024-08-29 07:00:00,27.58333333333334
2024-08-29 07:30:00,14.61666666666666
2024-08-29 08:00:00,41.6
2024-08-29 08:30:00,63.5666666666666
2024-08-29 09:00:00,0.0
2024-08-29 09:30:00,101.2666666666666
2024-08-29 10:00:00,194.3333333333334
2024-08-29 10:30:00,119.85
2024-08-29 11:00:00,233.4333333333334
2024-08-29 11:30:00,258.4166666666668
2024-08-29 12:00:00,282.15
2024-08-29 12:30:00,291.15
2024-08-29 13:00:00,300.0333333333332
2024-08-29 13:30:00,302.0333333333332
2024-08-29 14:00:00,155.95
2024-08-29 14:30:00,126.88333333333321
2024-08-29 15:00:00,149.4
2024-08-29 15:30:00,106.2833333333334
2024-08-29 16:00:00,90.8666666666666
2024-08-29 16:30:00,98.6666666666666
2024-08-29 17:00:00,127.9833333333334
2024-08-29 17:30:00,145.1166666666666
2024-08-29 18:00:00,148.9833333333334
2024-08-29 18:30:00,151.3166666666668
2024-08-29 19:00:00,152.2333333333334
2024-08-29 19:30:00,153.2166666666666
2024-08-29 20:00:00,153.7333333333332
2024-08-29 20:30:00,154.7333333333334
2024-08-29 21:00:00,148.9333333333332
2024-08-29 21:30:00,149.9666666666664
2024-08-29 22:00:00,185.6166666666666
2024-08-29 22:30:00,271.8
2024-08-29 23:00:00,270.75
2024-08-29 23:30:00,266.35
2024-08-30 00:00:00,259.3
2024-08-30 00:30:00,253.1833333333334
2024-08-30 01:00:00,247.5333333333332
2024-08-30 01:30:00,227.3333333333332
2024-08-30 02:00:00,212.0833333333334
2024-08-30 02:30:00,187.3166666666666
2024-08-30 03:00:00,164.96666666666658
2024-08-30 03:30:00,144.4833333333334
2024-08-30 04:00:00,124.85
2024-08-30 04:30:00,107.7833333333334
2024-08-30 05:00:00,91.93333333333334
2024-08-30 05:30:00,86.46666666666668
2024-08-30 06:00:00,83.84999999999994
2024-08-30 06:30:00,81.98333333333328
2024-08-30 07:00:00,82.18333333333334
2024-08-30 07:30:00,9.61666666666666
2024-08-30 08:00:00,27.16666666666666
2024-08-30 08:30:00,25.783333333333342
2024-08-30 09:00:00,84.03333333333327
2024-08-30 09:30:00,14.48333333333334
2024-08-30 10:00:00,53.66666666666674
2024-08-30 10:30:00,71.78333333333346
2024-08-30 11:00:00,85.7833333333334
2024-08-30 11:30:00,86.44999999999993
2024-08-30 12:00:00,85.66666666666669
2024-08-30 12:30:00,82.46666666666668
2024-08-30 13:00:00,74.85000000000008
2024-08-30 13:30:00,21.48333333333332
2024-08-30 14:00:00,0.0
2024-08-30 14:30:00,0.0
2024-08-30 15:00:00,0.0
2024-08-30 15:30:00,0.0
2024-08-30 16:00:00,0.0
2024-08-30 16:30:00,0.0
2024-08-30 17:00:00,0.0
2024-08-30 17:30:00,0.0
2024-08-30 18:00:00,0.0
2024-08-30 18:30:00,0.0
2024-08-30 19:00:00,0.0
2024-08-30 19:30:00,0.0
2024-08-30 20:00:00,0.0
2024-08-30 20:30:00,0.0
2024-08-30 21:00:00,0.0
2024-08-30 21:30:00,0.0
2024-08-30 22:00:00,0.0
2024-08-30 22:30:00,0.0
2024-08-30 23:00:00,0.0
2024-08-30 23:30:00,0.0
2024-08-31 00:00:00,0.0
2024-08-31 00:30:00,0.0
2024-08-31 01:00:00,0.0
2024-08-31 01:30:00,0.0
2024-08-31 02:00:00,0.0
2024-08-31 02:30:00,0.0
2024-08-31 03:00:00,0.0
2024-08-31 03:30:00,0.0
2024-08-31 04:00:00,0.0
2024-08-31 04:30:00,0.0
2024-08-31 05:00:00,0.0
2024-08-31 05:30:00,0.0
2024-08-31 06:00:00,0.0
2024-08-31 06:30:00,0.0
2024-08-31 07:00:00,0.0
2024-08-31 07:30:00,0.0
2024-08-31 08:00:00,0.0
2024-08-31 08:30:00,0.0
2024-08-31 09:00:00,0.0
2024-08-31 09:30:00,0.0
2024-08-31 10:00:00,0.0
2024-08-31 10:30:00,0.0
2024-08-31 11:00:00,0.0
2024-08-31 11:30:00,0.0
2024-08-31 12:00:00,0.0
2024-08-31 12:30:00,0.0
2024-08-31 13:00:00,0.0
2024-08-31 13:30:00,0.0
2024-08-31 14:00:00,0.0
2024-08-31 14:30:00,0.0
2024-08-31 15:00:00,0.416666666666666
2024-08-31 15:30:00,105.7166666666666
2024-08-31 16:00:00,61.450000000000124
2024-08-31 16:30:00,59.10000000000012
2024-08-31 17:00:00,59.19999999999986
2024-08-31 17:30:00,54.949999999999996
2024-08-31 18:00:00,51.79999999999993
2024-08-31 18:30:00,46.39999999999992
2024-08-31 19:00:00,42.41666666666675
2024-08-31 19:30:00,41.166666666666686
2024-08-31 20:00:00,51.9
2024-08-31 20:30:00,51.91666666666661
2024-08-31 21:00:00,53.950000000000124
2024-08-31 21:30:00,51.700000000000074
2024-08-31 22:00:00,51.70000000000013
2024-08-31 22:30:00,49.733333333333405
2024-08-31 23:00:00,49.733333333333405
2024-08-31 23:30:00,48.633333333333404
2024-09-01 00:00:00,49.53333333333328
2024-09-01 00:30:00,46.433333333333266
2024-09-01 01:00:00,47.59999999999994
2024-09-01 01:30:00,44.31666666666661
2024-09-01 02:00:00,30.85000000000007
2024-09-01 02:30:00,41.150000000000006
2024-09-01 03:00:00,34.11666666666667
2024-09-01 03:30:00,36.14999999999999
2024-09-01 04:00:00,25.7
2024-09-01 04:30:00,35.35000000000001
2024-09-01 05:00:00,11.850000000000005
2024-09-01 05:30:00,25.916666666666668
2024-09-01 06:00:00,23.466666666666672
2024-09-01 06:30:00,16.400000000000013
2024-09-01 07:00:00,23.65
2024-09-01 07:30:00,14.049999999999994
2024-09-01 08:00:00,23.95
2024-09-01 08:30:00,14.31666666666668
2024-09-01 09:00:00,25.43333333333334
2024-09-01 09:30:00,13.150000000000006
2024-09-01 10:00:00,23.900000000000002
2024-09-01 10:30:00,36.03333333333326
2024-09-01 11:00:00,22.6
2024-09-01 11:30:00,35.56666666666672
2024-09-01 12:00:00,21.23333333333334
2024-09-01 12:30:00,33.25
2024-09-01 13:00:00,17.416666666666682
2024-09-01 13:30:00,29.43333333333336
2024-09-01 14:00:00,40.23333333333326
2024-09-01 14:30:00,22.966666666666658
2024-09-01 15:00:00,32.68333333333334
2024-09-01 15:30:00,17.70000000000002
2024-09-01 16:00:00,27.9
2024-09-01 16:30:00,14.066666666666666
2024-09-01 17:00:00,25.35
2024-09-01 17:30:00,45.01666666666674
2024-09-01 18:00:00,19.63333333333336
2024-09-01 18:30:00,34.33333333333333
2024-09-01 19:00:00,12.11666666666666
2024-09-01 19:30:00,25.06666666666666
2024-09-01 20:00:00,9.799999999999992
2024-09-01 20:30:00,25.816666666666656
2024-09-01 21:00:00,28.666666666666668
2024-09-01 21:30:00,24.35000000000001
2024-09-01 22:00:00,26.56666666666668
2024-09-01 22:30:00,21.349999999999994
2024-09-01 23:00:00,22.233333333333334
2024-09-01 23:30:00,17.9
2024-09-02 00:00:00,60.41666666666668
2024-09-02 00:30:00,16.466666666666676
2024-09-02 01:00:00,30.949999999999996
2024-09-02 01:30:00,33.39999999999999
2024-09-02 02:00:00,4.51666666666666
2024-09-02 02:30:00,0.0
2024-09-02 03:00:00,0.0
2024-09-02 03:30:00,0.0
2024-09-02 04:00:00,0.0
2024-09-02 04:30:00,0.0
2024-09-02 05:00:00,0.0
2024-09-02 05:30:00,0.0
2024-09-02 06:00:00,0.0
2024-09-02 06:30:00,0.0
2024-09-02 07:00:00,0.0
2024-09-02 07:30:00,0.0
2024-09-02 08:00:00,0.0
2024-09-02 08:30:00,0.0
2024-09-02 09:00:00,0.0
2024-09-02 09:30:00,0.0
2024-09-02 10:00:00,0.0
2024-09-02 10:30:00,0.0
2024-09-02 11:00:00,0.0
2024-09-02 11:30:00,0.0
2024-09-02 12:00:00,0.0
2024-09-02 12:30:00,0.0
2024-09-02 13:00:00,0.0
2024-09-02 13:30:00,0.0
2024-09-02 14:00:00,0.0
2024-09-02 14:30:00,0.0
2024-09-02 15:00:00,0.0
2024-09-02 15:30:00,0.0
2024-09-02 16:00:00,0.0
2024-09-02 16:30:00,0.0
2024-09-02 17:00:00,0.0
2024-09-02 17:30:00,0.0
2024-09-02 18:00:00,0.0
2024-09-02 18:30:00,0.0
2024-09-02 19:00:00,116.0666666666666
2024-09-02 19:30:00,120.25
2024-09-02 20:00:00,8.36666666666666
2024-09-02 20:30:00,19.9
2024-09-02 21:00:00,37.69999999999998
2024-09-02 21:30:00,172.9833333333334
2024-09-02 22:00:00,48.55
2024-09-02 22:30:00,59.86666666666666
2024-09-02 23:00:00,55.01666666666668
2024-09-02 23:30:00,58.766666666666666
2024-09-03 00:00:00,62.83333333333332
2024-09-03 00:30:00,61.0
2024-09-03 01:00:00,59.73333333333332
2024-09-03 01:30:00,52.78333333333332
2024-09-03 02:00:00,47.66666666666666
2024-09-03 02:30:00,40.48333333333332
2024-09-03 03:00:00,33.98333333333334
2024-09-03 03:30:00,49.41666666666666
2024-09-03 04:00:00,0.0
2024-09-03 04:30:00,1.216666666666666
2024-09-03 05:00:00,3.008333333333334
2024-09-03 05:30:00,46.59999999999994
2024-09-03 06:00:00,75.9666666666668
2024-09-03 06:30:00,13.33333333333334
2024-09-03 07:00:00,0.0
2024-09-03 07:30:00,0.0
2024-09-03 08:00:00,0.0
2024-09-03 08:30:00,0.0
2024-09-03 09:00:00,0.0
2024-09-03 09:30:00,0.0
2024-09-03 10:00:00,0.0
2024-09-03 10:30:00,0.0
2024-09-03 11:00:00,0.0
2024-09-03 11:30:00,0.0
2024-09-03 12:00:00,0.0
2024-09-03 12:30:00,0.0
2024-09-03 13:00:00,0.0
2024-09-03 13:30:00,0.0
2024-09-03 14:00:00,0.0
2024-09-03 14:30:00,0.0
2024-09-03 15:00:00,0.0
2024-09-03 15:30:00,0.0
2024-09-03 16:00:00,0.0
2024-09-03 16:30:00,0.0
2024-09-03 17:00:00,0.0
2024-09-03 17:30:00,0.0
2024-09-03 18:00:00,0.0
2024-09-03 18:30:00,0.0
2024-09-03 19:00:00,0.0
2024-09-03 19:30:00,0.0
2024-09-03 20:00:00,0.0
2024-09-03 20:30:00,0.0
2024-09-03 21:00:00,0.0
2024-09-03 21:30:00,0.0
2024-09-03 22:00:00,0.0
2024-09-03 22:30:00,0.0
2024-09-03 23:00:00,0.0
2024-09-03 23:30:00,0.0
2024-09-04 00:00:00,0.0
2024-09-04 00:30:00,0.0
2024-09-04 01:00:00,0.0
2024-09-04 01:30:00,0.0
2024-09-04 02:00:00,0.0
2024-09-04 02:30:00,0.0
2024-09-04 03:00:00,0.0
2024-09-04 03:30:00,0.0
2024-09-04 04:00:00,0.0
2024-09-04 04:30:00,0.0
2024-09-04 05:00:00,0.0
2024-09-04 05:30:00,0.0
2024-09-04 06:00:00,0.0
2024-09-04 06:30:00,0.0
2024-09-04 07:00:00,0.0
2024-09-04 07:30:00,0.0
2024-09-04 08:00:00,0.0
2024-09-04 08:30:00,0.0
2024-09-04 09:00:00,0.0
2024-09-04 09:30:00,0.0
2024-09-04 10:00:00,0.0
2024-09-04 10:30:00,0.0
2024-09-04 11:00:00,0.0
2024-09-04 11:30:00,0.0
2024-09-04 12:00:00,0.0
2024-09-04 12:30:00,0.0
2024-09-04 13:00:00,0.0
2024-09-04 13:30:00,0.0
2024-09-04 14:00:00,0.0
2024-09-04 14:30:00,0.0
2024-09-04 15:00:00,0.0
2024-09-04 15:30:00,0.0
2024-09-04 16:00:00,0.0
2024-09-04 16:30:00,0.0
2024-09-04 17:00:00,0.0
2024-09-04 17:30:00,0.0
2024-09-04 18:00:00,0.0
2024-09-04 18:30:00,0.0
2024-09-04 19:00:00,0.0
2024-09-04 19:30:00,0.0
2024-09-04 20:00:00,0.0
2024-09-04 20:30:00,0.0
2024-09-04 21:00:00,0.0
2024-09-04 21:30:00,0.0
2024-09-04 22:00:00,0.0
2024-09-04 22:30:00,0.0
2024-09-04 23:00:00,0.0
2024-09-04 23:30:00,0.0
2024-09-05 00:00:00,0.0
2024-09-05 00:30:00,0.0
2024-09-05 01:00:00,0.0
2024-09-05 01:30:00,0.0
2024-09-05 02:00:00,0.0
2024-09-05 02:30:00,0.0
2024-09-05 03:00:00,0.0
2024-09-05 03:30:00,0.0
2024-09-05 04:00:00,0.0
2024-09-05 04:30:00,0.0
2024-09-05 05:00:00,0.0
2024-09-05 05:30:00,0.0
2024-09-05 06:00:00,0.0
2024-09-05 06:30:00,0.0
2024-09-05 07:00:00,0.0
2024-09-05 07:30:00,0.0
2024-09-05 08:00:00,0.0
2024-09-05 08:30:00,0.0
2024-09-05 09:00:00,0.0
2024-09-05 09:30:00,0.0
2024-09-05 10:00:00,0.0
2024-09-05 10:30:00,0.0
2024-09-05 11:00:00,0.0
2024-09-05 11:30:00,0.0
2024-09-05 12:00:00,0.0
2024-09-05 12:30:00,0.0
2024-09-05 13:00:00,0.0
2024-09-05 13:30:00,0.0
2024-09-05 14:00:00,0.0
2024-09-05 14:30:00,0.0
2024-09-05 15:00:00,0.0
2024-09-05 15:30:00,0.0
2024-09-05 16:00:00,0.0
2024-09-05 16:30:00,0.0
2024-09-05 17:00:00,0.0
2024-09-05 17:30:00,0.0
2024-09-05 18:00:00,0.0
2024-09-05 18:30:00,0.0
2024-09-05 19:00:00,0.0
2024-09-05 19:30:00,0.0
2024-09-05 20:00:00,0.0
2024-09-05 20:30:00,0.0
2024-09-05 21:00:00,0.0
2024-09-05 21:30:00,0.0
2024-09-05 22:00:00,0.0
2024-09-05 22:30:00,0.0
2024-09-05 23:00:00,0.0
2024-09-05 23:30:00,0.0
2024-09-06 00:00:00,0.0
2024-09-06 00:30:00,0.0
2024-09-06 01:00:00,0.0
2024-09-06 01:30:00,0.0
2024-09-06 02:00:00,0.0
2024-09-06 02:30:00,0.0
2024-09-06 03:00:00,0.0
2024-09-06 03:30:00,0.0
2024-09-06 04:00:00,0.0
2024-09-06 04:30:00,0.0
2024-09-06 05:00:00,0.0
2024-09-06 05:30:00,0.0
2024-09-06 06:00:00,0.0
2024-09-06 06:30:00,0.0
2024-09-06 07:00:00,0.0
2024-09-06 07:30:00,0.0
2024-09-06 08:00:00,0.0
2024-09-06 08:30:00,0.0
2024-09-06 09:00:00,0.0
2024-09-06 09:30:00,0.0
2024-09-06 10:00:00,0.0
2024-09-06 10:30:00,0.0
2024-09-06 11:00:00,0.0
2024-09-06 11:30:00,0.0
2024-09-06 12:00:00,0.0
2024-09-06 12:30:00,0.0
2024-09-06 13:00:00,0.0
2024-09-06 13:30:00,0.0
2024-09-06 14:00:00,0.0
2024-09-06 14:30:00,0.0
2024-09-06 15:00:00,0.0
2024-09-06 15:30:00,0.0
2024-09-06 16:00:00,0.0
2024-09-06 16:30:00,0.0
2024-09-06 17:00:00,0.0
2024-09-06 17:30:00,0.0
2024-09-06 18:00:00,0.0
2024-09-06 18:30:00,0.0
2024-09-06 19:00:00,0.0
2024-09-06 19:30:00,0.0
2024-09-06 20:00:00,0.0
2024-09-06 20:30:00,0.0
2024-09-06 21:00:00,0.0
2024-09-06 21:30:00,0.0
2024-09-06 22:00:00,0.0
2024-09-06 22:30:00,0.0
2024-09-06 23:00:00,0.0
2024-09-06 23:30:00,0.0
2024-09-07 00:00:00,0.0
2024-09-07 00:30:00,0.0
2024-09-07 01:00:00,0.0
2024-09-07 01:30:00,0.0
2024-09-07 02:00:00,0.0
2024-09-07 02:30:00,0.0
2024-09-07 03:00:00,0.0
2024-09-07 03:30:00,0.0
2024-09-07 04:00:00,0.0
2024-09-07 04:30:00,0.0
2024-09-07 05:00:00,0.0
2024-09-07 05:30:00,0.0
2024-09-07 06:00:00,0.0
2024-09-07 06:30:00,0.0
2024-09-07 07:00:00,0.0
2024-09-07 07:30:00,0.0
2024-09-07 08:00:00,0.0
2024-09-07 08:30:00,0.0
2024-09-07 09:00:00,0.0
2024-09-07 09:30:00,0.0
2024-09-07 10:00:00,0.0
2024-09-07 10:30:00,0.0
2024-09-07 11:00:00,0.0
2024-09-07 11:30:00,0.0
2024-09-07 12:00:00,0.0
2024-09-07 12:30:00,0.0
2024-09-07 13:00:00,0.0
2024-09-07 13:30:00,0.0
2024-09-07 14:00:00,0.0
2024-09-07 14:30:00,0.0
2024-09-07 15:00:00,0.0
2024-09-07 15:30:00,0.0
2024-09-07 16:00:00,0.0
2024-09-07 16:30:00,0.0
2024-09-07 17:00:00,0.0
2024-09-07 17:30:00,0.0
2024-09-07 18:00:00,0.0
2024-09-07 18:30:00,0.0
2024-09-07 19:00:00,0.0
2024-09-07 19:30:00,0.0
2024-09-07 20:00:00,0.0
2024-09-07 20:30:00,0.0
2024-09-07 21:00:00,0.0
2024-09-07 21:30:00,0.0
2024-09-07 22:00:00,0.0
2024-09-07 22:30:00,0.0
2024-09-07 23:00:00,0.0
2024-09-07 23:30:00,0.0
2024-09-08 00:00:00,0.0
2024-09-08 00:30:00,0.0
2024-09-08 01:00:00,0.0
2024-09-08 01:30:00,0.0
2024-09-08 02:00:00,0.0
2024-09-08 02:30:00,0.0
2024-09-08 03:00:00,0.0
2024-09-08 03:30:00,0.0
2024-09-08 04:00:00,0.0
2024-09-08 04:30:00,0.0
2024-09-08 05:00:00,0.0
2024-09-08 05:30:00,0.0
2024-09-08 06:00:00,0.0
2024-09-08 06:30:00,0.0
2024-09-08 07:00:00,0.0
2024-09-08 07:30:00,0.0
2024-09-08 08:00:00,0.0
2024-09-08 08:30:00,0.0
2024-09-08 09:00:00,0.0
2024-09-08 09:30:00,0.0
2024-09-08 10:00:00,0.0
2024-09-08 10:30:00,0.0
2024-09-08 11:00:00,0.0
2024-09-08 11:30:00,0.0
2024-09-08 12:00:00,0.0
2024-09-08 12:30:00,0.0
2024-09-08 13:00:00,0.0
2024-09-08 13:30:00,0.0
2024-09-08 14:00:00,0.0
2024-09-08 14:30:00,0.0
2024-09-08 15:00:00,0.0
2024-09-08 15:30:00,0.0
2024-09-08 16:00:00,0.0
2024-09-08 16:30:00,0.0
2024-09-08 17:00:00,0.0
2024-09-08 17:30:00,0.0
2024-09-08 18:00:00,0.0
2024-09-08 18:30:00,0.0
2024-09-08 19:00:00,0.0
2024-09-08 19:30:00,0.0
2024-09-08 20:00:00,0.0
2024-09-08 20:30:00,0.0
2024-09-08 21:00:00,0.0
2024-09-08 21:30:00,0.0
2024-09-08 22:00:00,0.0
2024-09-08 22:30:00,0.0
2024-09-08 23:00:00,0.0
2024-09-08 23:30:00,0.0
2024-09-09 00:00:00,0.0
2024-09-09 00:30:00,31.883333333333393
2024-09-09 01:00:00,32.88333333333334
2024-09-09 01:30:00,30.433333333333334
2024-09-09 02:00:00,26.383333333333326
2024-09-09 02:30:00,27.83333333333334
2024-09-09 03:00:00,28.73333333333332
2024-09-09 03:30:00,29.16666666666666
2024-09-09 04:00:00,40.71666666666666
2024-09-09 04:30:00,25.466666666666665
2024-09-09 05:00:00,23.033333333333335
2024-09-09 05:30:00,21.566666666666656
2024-09-09 06:00:00,27.36666666666666
2024-09-09 06:30:00,18.5
2024-09-09 07:00:00,0.0
2024-09-09 07:30:00,0.0
2024-09-09 08:00:00,0.0
2024-09-09 08:30:00,0.0
2024-09-09 09:00:00,0.0
2024-09-09 09:30:00,0.0
2024-09-09 10:00:00,0.0
2024-09-09 10:30:00,0.0
2024-09-09 11:00:00,0.0
2024-09-09 11:30:00,0.0
2024-09-09 12:00:00,0.0
2024-09-09 12:30:00,0.0
2024-09-09 13:00:00,0.0
2024-09-09 13:30:00,0.0
2024-09-09 14:00:00,0.0
2024-09-09 14:30:00,0.0
2024-09-09 15:00:00,0.0
2024-09-09 15:30:00,0.0
2024-09-09 16:00:00,0.0
2024-09-09 16:30:00,0.0
2024-09-09 17:00:00,0.0
2024-09-09 17:30:00,0.0
2024-09-09 18:00:00,0.0
2024-09-09 18:30:00,0.0
2024-09-09 19:00:00,0.0
2024-09-09 19:30:00,0.0
2024-09-09 20:00:00,0.0
2024-09-09 20:30:00,0.0
2024-09-09 21:00:00,0.0
2024-09-09 21:30:00,0.0
2024-09-09 22:00:00,10.76666666666668
2024-09-09 22:30:00,8.649999999999986
2024-09-09 23:00:00,8.049999999999986
2024-09-09 23:30:00,8.666666666666654
2024-09-10 00:00:00,8.91666666666666
2024-09-10 00:30:00,9.5
2024-09-10 01:00:00,9.74999999999998
2024-09-10 01:30:00,9.51666666666666
2024-09-10 02:00:00,10.31666666666666
2024-09-10 02:30:00,7.21666666666666
2024-09-10 03:00:00,11.7
2024-09-10 03:30:00,13.8
2024-09-10 04:00:00,16.76666666666668
2024-09-10 04:30:00,24.23333333333334
2024-09-10 05:00:00,26.06666666666668
2024-09-10 05:30:00,32.31666666666666
2024-09-10 06:00:00,39.7
2024-09-10 06:30:00,58.45
2024-09-10 07:00:00,77.0833333333334
2024-09-10 07:30:00,83.35
2024-09-10 08:00:00,69.16666666666666
2024-09-10 08:30:00,94.9166666666668
2024-09-10 09:00:00,115.75000000000006
2024-09-10 09:30:00,143.84999999999994
2024-09-10 10:00:00,151.4833333333334
2024-09-10 10:30:00,73.83333333333329
2024-09-10 11:00:00,187.3999999999998
2024-09-10 11:30:00,198.4
2024-09-10 12:00:00,159.48333333333326
2024-09-10 12:30:00,160.66666666666666
2024-09-10 13:00:00,163.88333333333333
2024-09-10 13:30:00,164.48333333333332
2024-09-10 14:00:00,162.71666666666667
2024-09-10 14:30:00,164.0166666666666
2024-09-10 15:00:00,163.48333333333335
2024-09-10 15:30:00,143.79999999999987
2024-09-10 16:00:00,211.43333333333354
2024-09-10 16:30:00,194.66666666666654
2024-09-10 17:00:00,175.60000000000005
2024-09-10 17:30:00,150.63333333333327
2024-09-10 18:00:00,224.28333333333342
2024-09-10 18:30:00,202.2333333333334
2024-09-10 19:00:00,176.5166666666666
2024-09-10 19:30:00,150.18333333333328
2024-09-10 20:00:00,224.5333333333334
2024-09-10 20:30:00,203.46666666666678
2024-09-10 21:00:00,176.68333333333334
2024-09-10 21:30:00,150.3833333333333
2024-09-10 22:00:00,225.31666666666666
2024-09-10 22:30:00,204.59999999999985
2024-09-10 23:00:00,176.9
2024-09-10 23:30:00,150.1666666666666
2024-09-11 00:00:00,223.28333333333342
2024-09-11 00:30:00,75.85
2024-09-11 01:00:00,75.85
2024-09-11 01:30:00,188.5333333333334
2024-09-11 02:00:00,189.29999999999998
2024-09-11 02:30:00,189.29999999999998
2024-09-11 03:00:00,188.5333333333334
2024-09-11 03:30:00,188.5333333333334
2024-09-11 04:00:00,76.2833333333334
2024-09-11 04:30:00,0.0
2024-09-11 05:00:00,0.0
2024-09-11 05:30:00,25.0
2024-09-11 06:00:00,125.49999999999994
2024-09-11 06:30:00,125.6333333333334
2024-09-11 07:00:00,125.65000000000006
2024-09-11 07:30:00,188.53333333333327
2024-09-11 08:00:00,192.36666666666653
2024-09-11 08:30:00,266.8333333333332
2024-09-11 09:00:00,248.03333333333342
2024-09-11 09:30:00,213.61666666666662
2024-09-11 10:00:00,205.45
2024-09-11 10:30:00,206.85
2024-09-11 11:00:00,206.1666666666668
2024-09-11 11:30:00,207.5666666666668
2024-09-11 12:00:00,208.95
2024-09-11 12:30:00,208.6833333333332
2024-09-11 13:00:00,208.6666666666666
2024-09-11 13:30:00,208.64999999999998
2024-09-11 14:00:00,209.36666666666662
2024-09-11 14:30:00,209.35
2024-09-11 15:00:00,208.6666666666666
2024-09-11 15:30:00,208.64999999999998
2024-09-11 16:00:00,208.64999999999998
2024-09-11 16:30:00,207.7
2024-09-11 17:00:00,208.64999999999998
2024-09-11 17:30:00,207.7
2024-09-11 18:00:00,211.46666666666658
2024-09-11 18:30:00,211.46666666666658
2024-09-11 19:00:00,211.45
2024-09-11 19:30:00,211.46666666666658
2024-09-11 20:00:00,210.7666666666666
2024-09-11 20:30:00,210.7666666666666
2024-09-11 21:00:00,257.6666666666668
2024-09-11 21:30:00,220.46666666666658
2024-09-11 22:00:00,307.8
2024-09-11 22:30:00,285.1333333333332
2024-09-11 23:00:00,252.8166666666666
2024-09-11 23:30:00,220.4833333333332
2024-09-12 00:00:00,308.4666666666668
2024-09-12 00:30:00,285.8333333333332
2024-09-12 01:00:00,246.0666666666666
2024-09-12 01:30:00,183.7333333333334
2024-09-12 02:00:00,330.6166666666668
2024-09-12 02:30:00,304.9333333333334
2024-09-12 03:00:00,243.26666666666682
2024-09-12 03:30:00,182.58333333333354
2024-09-12 04:00:00,326.56666666666683
2024-09-12 04:30:00,300.23333333333323
2024-09-12 05:00:00,239.79999999999978
2024-09-12 05:30:00,178.96666666666667
2024-09-12 06:00:00,316.1666666666666
2024-09-12 06:30:00,241.26666666666682
2024-09-12 07:00:00,211.9666666666666
2024-09-12 07:30:00,168.9833333333334
2024-09-12 08:00:00,186.3833333333334
2024-09-12 08:30:00,66.6166666666666
2024-09-12 09:00:00,21.766666666666666
2024-09-12 09:30:00,0.0
2024-09-12 10:00:00,0.0
2024-09-12 10:30:00,0.0
2024-09-12 11:00:00,0.0
2024-09-12 11:30:00,0.0
2024-09-12 12:00:00,0.0
2024-09-12 12:30:00,0.0
2024-09-12 13:00:00,0.0
2024-09-12 13:30:00,0.0
2024-09-12 14:00:00,0.0
2024-09-12 14:30:00,0.0
2024-09-12 15:00:00,0.0
2024-09-12 15:30:00,0.0
2024-09-12 16:00:00,0.0
2024-09-12 16:30:00,0.0
2024-09-12 17:00:00,0.0
2024-09-12 17:30:00,0.0
2024-09-12 18:00:00,0.0
2024-09-12 18:30:00,0.0
2024-09-12 19:00:00,0.0
2024-09-12 19:30:00,0.0
2024-09-12 20:00:00,0.0
2024-09-12 20:30:00,0.0
2024-09-12 21:00:00,0.0
2024-09-12 21:30:00,0.0
2024-09-12 22:00:00,0.0
2024-09-12 22:30:00,0.0
2024-09-12 23:00:00,0.0
2024-09-12 23:30:00,0.0
2024-09-13 00:00:00,0.0
2024-09-13 00:30:00,0.0
2024-09-13 01:00:00,137.35000000000014
2024-09-13 01:30:00,81.3166666666666
2024-09-13 02:00:00,35.66666666666668
2024-09-13 02:30:00,128.15000000000006
2024-09-13 03:00:00,104.76666666666674
2024-09-13 03:30:00,53.43333333333328
2024-09-13 04:00:00,19.15
2024-09-13 04:30:00,82.8
2024-09-13 05:00:00,61.95000000000006
2024-09-13 05:30:00,41.616666666666674
2024-09-13 06:00:00,13.23333333333334
2024-09-13 06:30:00,61.916666666666686
2024-09-13 07:00:00,35.73333333333334
2024-09-13 07:30:00,18.3
2024-09-13 08:00:00,0.0
2024-09-13 08:30:00,0.0
2024-09-13 09:00:00,0.0
2024-09-13 09:30:00,0.0
2024-09-13 10:00:00,0.0
2024-09-13 10:30:00,0.0
2024-09-13 11:00:00,0.0
2024-09-13 11:30:00,0.0
2024-09-13 12:00:00,0.0
2024-09-13 12:30:00,0.0
2024-09-13 13:00:00,0.0
2024-09-13 13:30:00,0.0
2024-09-13 14:00:00,0.0
2024-09-13 14:30:00,0.0
2024-09-13 15:00:00,0.0
2024-09-13 15:30:00,0.0
2024-09-13 16:00:00,0.0
2024-09-13 16:30:00,0.0
2024-09-13 17:00:00,0.0
2024-09-13 17:30:00,0.0
2024-09-13 18:00:00,0.0
2024-09-13 18:30:00,0.0
2024-09-13 19:00:00,0.0
2024-09-13 19:30:00,0.0
2024-09-13 20:00:00,0.0
2024-09-13 20:30:00,0.0
2024-09-13 21:00:00,0.0
2024-09-13 21:30:00,0.0
2024-09-13 22:00:00,9.31666666666668
2024-09-13 22:30:00,9.35
2024-09-13 23:00:00,11.81666666666666
2024-09-13 23:30:00,13.29999999999998
2024-09-14 00:00:00,15.71666666666668
2024-09-14 00:30:00,18.10000000000002
2024-09-14 01:00:00,22.73333333333334
2024-09-14 01:30:00,28.10000000000002
2024-09-14 02:00:00,36.83333333333332
2024-09-14 02:30:00,47.93333333333332
2024-09-14 03:00:00,60.38333333333334
2024-09-14 03:30:00,70.10000000000008
2024-09-14 04:00:00,80.3833333333334
2024-09-14 04:30:00,120.6666666666666
2024-09-14 05:00:00,164.55
2024-09-14 05:30:00,172.8833333333332
2024-09-14 06:00:00,180.15
2024-09-14 06:30:00,185.5833333333334
2024-09-14 07:00:00,189.54999999999978
2024-09-14 07:30:00,186.65
2024-09-14 08:00:00,187.3666666666668
2024-09-14 08:30:00,188.0666666666668
2024-09-14 09:00:00,188.6166666666664
2024-09-14 09:30:00,182.1666666666668
2024-09-14 10:00:00,163.39999999999995
2024-09-14 10:30:00,0.0
2024-09-14 11:00:00,0.0
2024-09-14 11:30:00,0.0
2024-09-14 12:00:00,0.0
2024-09-14 12:30:00,0.0
2024-09-14 13:00:00,0.0
2024-09-14 13:30:00,0.0
2024-09-14 14:00:00,0.0
2024-09-14 14:30:00,0.0
2024-09-14 15:00:00,0.0
2024-09-14 15:30:00,0.0
2024-09-14 16:00:00,23.55
2024-09-14 16:30:00,410.8277777777778
2024-09-14 17:00:00,74.36111111111114
2024-09-14 17:30:00,135.15555555555557
2024-09-14 18:00:00,91.9333333333332
2024-09-14 18:30:00,103.9333333333334
2024-09-14 19:00:00,104.8
2024-09-14 19:30:00,104.8
2024-09-14 20:00:00,144.1666666666666
2024-09-14 20:30:00,221.0333333333334
2024-09-14 21:00:00,93.0
2024-09-14 21:30:00,204.8333333333334
2024-09-14 22:00:00,84.67777777777785
2024-09-14 22:30:00,407.2555555555556
2024-09-14 23:00:00,199.5166666666666
2024-09-14 23:30:00,71.1166666666666
2024-09-15 00:00:00,427.0166666666668
2024-09-15 00:30:00,132.0166666666666
2024-09-15 01:00:00,125.14999999999999
2024-09-15 01:30:00,428.9833333333334
2024-09-15 02:00:00,142.55
2024-09-15 02:30:00,57.65
2024-09-15 03:00:00,430.0
2024-09-15 03:30:00,93.4333333333334
2024-09-15 04:00:00,425.0
2024-09-15 04:30:00,91.71666666666667
2024-09-15 05:00:00,94.68333333333334
2024-09-15 05:30:00,71.09999999999994
2024-09-15 06:00:00,413.7333333333334
2024-09-15 06:30:00,127.7333333333332
2024-09-15 07:00:00,42.96666666666668
2024-09-15 07:30:00,126.86666666666675
2024-09-15 08:00:00,133.0666666666668
2024-09-15 08:30:00,142.48333333333326
2024-09-15 09:00:00,80.53333333333346
2024-09-15 09:30:00,0.0
2024-09-15 10:00:00,0.0
2024-09-15 10:30:00,0.0
2024-09-15 11:00:00,0.0
2024-09-15 11:30:00,0.0
2024-09-15 12:00:00,0.0
2024-09-15 12:30:00,63.5166666666666
2024-09-15 13:00:00,58.4
2024-09-15 13:30:00,128.5666666666666
2024-09-15 14:00:00,112.6166666666666
2024-09-15 14:30:00,121.1333333333332
2024-09-15 15:00:00,129.25
2024-09-15 15:30:00,122.63333333333321
2024-09-15 16:00:00,95.8333333333334
2024-09-15 16:30:00,97.9166666666668
2024-09-15 17:00:00,47.95
2024-09-15 17:30:00,45.66666666666668
2024-09-15 18:00:00,49.59999999999998
2024-09-15 18:30:00,15.43333333333334
2024-09-15 19:00:00,0.0
2024-09-15 19:30:00,0.0
2024-09-15 20:00:00,0.0
2024-09-15 20:30:00,0.0
2024-09-15 21:00:00,0.0
2024-09-15 21:30:00,0.0
2024-09-15 22:00:00,0.0
2024-09-15 22:30:00,0.0
2024-09-15 23:00:00,0.0
2024-09-15 23:30:00,0.0
2024-09-16 00:00:00,0.0
2024-09-16 00:30:00,0.0
2024-09-16 01:00:00,0.0
2024-09-16 01:30:00,0.0
2024-09-16 02:00:00,0.0
2024-09-16 02:30:00,0.0
2024-09-16 03:00:00,0.0
2024-09-16 03:30:00,0.0
2024-09-16 04:00:00,0.0
2024-09-16 04:30:00,0.0
2024-09-16 05:00:00,0.0
2024-09-16 05:30:00,0.0
2024-09-16 06:00:00,0.0
2024-09-16 06:30:00,0.0
2024-09-16 07:00:00,0.0
2024-09-16 07:30:00,0.0
2024-09-16 08:00:00,0.0
2024-09-16 08:30:00,0.0
2024-09-16 09:00:00,0.0
2024-09-16 09:30:00,0.0
2024-09-16 10:00:00,0.0
2024-09-16 10:30:00,0.0
2024-09-16 11:00:00,0.0
2024-09-16 11:30:00,0.0
2024-09-16 12:00:00,0.0
2024-09-16 12:30:00,0.0
2024-09-16 13:00:00,0.0
2024-09-16 13:30:00,0.0
2024-09-16 14:00:00,0.0
2024-09-16 14:30:00,0.0
2024-09-16 15:00:00,0.0
2024-09-16 15:30:00,0.0
2024-09-16 16:00:00,0.0
2024-09-16 16:30:00,0.0
2024-09-16 17:00:00,0.0
2024-09-16 17:30:00,0.0
2024-09-16 18:00:00,0.0
2024-09-16 18:30:00,0.0
2024-09-16 19:00:00,0.0
2024-09-16 19:30:00,0.0
2024-09-16 20:00:00,0.0
2024-09-16 20:30:00,0.0
2024-09-16 21:00:00,0.0
2024-09-16 21:30:00,0.0
2024-09-16 22:00:00,0.0
2024-09-16 22:30:00,0.0
2024-09-16 23:00:00,0.0
2024-09-16 23:30:00,0.0
2024-09-17 00:00:00,0.0
2024-09-17 00:30:00,0.0
2024-09-17 01:00:00,0.0
2024-09-17 01:30:00,0.0
2024-09-17 02:00:00,19.73333333333334
2024-09-17 02:30:00,49.58333333333333
2024-09-17 03:00:00,73.78333333333326
2024-09-17 03:30:00,82.66666666666673
2024-09-17 04:00:00,91.5
2024-09-17 04:30:00,103.66666666666669
2024-09-17 05:00:00,117.15
2024-09-17 05:30:00,82.58333333333334
2024-09-17 06:00:00,81.31666666666666
2024-09-17 06:30:00,5.86666666666666
2024-09-17 07:00:00,0.0
2024-09-17 07:30:00,0.0
2024-09-17 08:00:00,0.0
2024-09-17 08:30:00,0.0
2024-09-17 09:00:00,0.0
2024-09-17 09:30:00,0.0
2024-09-17 10:00:00,0.0
2024-09-17 10:30:00,0.0
2024-09-17 11:00:00,0.0
2024-09-17 11:30:00,0.0
2024-09-17 12:00:00,0.0
2024-09-17 12:30:00,0.0
2024-09-17 13:00:00,0.0
2024-09-17 13:30:00,0.0
2024-09-17 14:00:00,0.0
2024-09-17 14:30:00,0.0
2024-09-17 15:00:00,0.0
2024-09-17 15:30:00,0.0
2024-09-17 16:00:00,0.0
2024-09-17 16:30:00,0.0
2024-09-17 17:00:00,0.0
2024-09-17 17:30:00,0.0
2024-09-17 18:00:00,0.0
2024-09-17 18:30:00,0.0
2024-09-17 19:00:00,0.0
2024-09-17 19:30:00,0.0
2024-09-17 20:00:00,0.0
2024-09-17 20:30:00,0.0
2024-09-17 21:00:00,0.0
2024-09-17 21:30:00,0.0
2024-09-17 22:00:00,0.0
2024-09-17 22:30:00,0.0
2024-09-17 23:00:00,0.0
2024-09-17 23:30:00,0.0
2024-09-18 00:00:00,0.0
2024-09-18 00:30:00,0.0
2024-09-18 01:00:00,0.0
2024-09-18 01:30:00,0.0
2024-09-18 02:00:00,0.0
2024-09-18 02:30:00,0.0
2024-09-18 03:00:00,0.0
2024-09-18 03:30:00,0.0
2024-09-18 04:00:00,0.0
2024-09-18 04:30:00,0.0
2024-09-18 05:00:00,0.0
2024-09-18 05:30:00,0.0
2024-09-18 06:00:00,0.0
2024-09-18 06:30:00,0.0
2024-09-18 07:00:00,0.0
2024-09-18 07:30:00,0.0
2024-09-18 08:00:00,0.0
2024-09-18 08:30:00,0.0
2024-09-18 09:00:00,0.0
2024-09-18 09:30:00,0.0
2024-09-18 10:00:00,0.0
2024-09-18 10:30:00,0.0
2024-09-18 11:00:00,0.0
2024-09-18 11:30:00,0.0
2024-09-18 12:00:00,0.0
2024-09-18 12:30:00,0.0
2024-09-18 13:00:00,0.0
2024-09-18 13:30:00,0.0
2024-09-18 14:00:00,0.0
2024-09-18 14:30:00,0.0
2024-09-18 15:00:00,0.0
2024-09-18 15:30:00,0.0
2024-09-18 16:00:00,0.0
2024-09-18 16:30:00,0.0
2024-09-18 17:00:00,0.0
2024-09-18 17:30:00,0.0
2024-09-18 18:00:00,0.0
2024-09-18 18:30:00,0.0
2024-09-18 19:00:00,0.0
2024-09-18 19:30:00,0.0
2024-09-18 20:00:00,0.0
2024-09-18 20:30:00,0.0
2024-09-18 21:00:00,0.0
2024-09-18 21:30:00,0.0
2024-09-18 22:00:00,0.0
2024-09-18 22:30:00,0.0
2024-09-18 23:00:00,0.0
2024-09-18 23:30:00,0.0
2024-09-19 00:00:00,0.0
2024-09-19 00:30:00,0.0
2024-09-19 01:00:00,0.0
2024-09-19 01:30:00,0.0
2024-09-19 02:00:00,0.0
2024-09-19 02:30:00,0.0
2024-09-19 03:00:00,0.0
2024-09-19 03:30:00,0.0
2024-09-19 04:00:00,0.0
2024-09-19 04:30:00,0.0
2024-09-19 05:00:00,0.0
2024-09-19 05:30:00,0.0
2024-09-19 06:00:00,0.0
2024-09-19 06:30:00,0.0
2024-09-19 07:00:00,0.0
2024-09-19 07:30:00,0.0
2024-09-19 08:00:00,0.0
2024-09-19 08:30:00,0.0
2024-09-19 09:00:00,0.0
2024-09-19 09:30:00,0.0
2024-09-19 10:00:00,0.0
2024-09-19 10:30:00,0.0
2024-09-19 11:00:00,0.0
2024-09-19 11:30:00,0.0
2024-09-19 12:00:00,0.0
2024-09-19 12:30:00,0.0
2024-09-19 13:00:00,0.0
2024-09-19 13:30:00,0.0
2024-09-19 14:00:00,0.0
2024-09-19 14:30:00,0.0
2024-09-19 15:00:00,0.0
2024-09-19 15:30:00,0.0
2024-09-19 16:00:00,0.0
2024-09-19 16:30:00,0.0
2024-09-19 17:00:00,0.0
2024-09-19 17:30:00,0.0
2024-09-19 18:00:00,0.0
2024-09-19 18:30:00,0.0
2024-09-19 19:00:00,0.0
2024-09-19 19:30:00,0.0
2024-09-19 20:00:00,0.0
2024-09-19 20:30:00,0.0
2024-09-19 21:00:00,0.0
2024-09-19 21:30:00,0.0
2024-09-19 22:00:00,0.0
2024-09-19 22:30:00,0.0
2024-09-19 23:00:00,0.0
2024-09-19 23:30:00,0.0
2024-09-20 00:00:00,0.0
2024-09-20 00:30:00,0.0
2024-09-20 01:00:00,0.0
2024-09-20 01:30:00,0.0
2024-09-20 02:00:00,0.0
2024-09-20 02:30:00,0.0
2024-09-20 03:00:00,0.0
2024-09-20 03:30:00,0.0
2024-09-20 04:00:00,0.0
2024-09-20 04:30:00,0.0
2024-09-20 05:00:00,0.0
2024-09-20 05:30:00,0.0
2024-09-20 06:00:00,0.0
2024-09-20 06:30:00,0.0
2024-09-20 07:00:00,0.0
2024-09-20 07:30:00,0.0
2024-09-20 08:00:00,0.0
2024-09-20 08:30:00,0.0
2024-09-20 09:00:00,0.0
2024-09-20 09:30:00,0.0
2024-09-20 10:00:00,0.0
2024-09-20 10:30:00,0.0
2024-09-20 11:00:00,0.0
2024-09-20 11:30:00,0.0
2024-09-20 12:00:00,0.0
2024-09-20 12:30:00,0.0
2024-09-20 13:00:00,0.0
2024-09-20 13:30:00,0.0
2024-09-20 14:00:00,0.0
2024-09-20 14:30:00,0.0
2024-09-20 15:00:00,0.0
2024-09-20 15:30:00,0.0
2024-09-20 16:00:00,0.0
2024-09-20 16:30:00,0.0
2024-09-20 17:00:00,0.0
2024-09-20 17:30:00,0.0
2024-09-20 18:00:00,0.0
2024-09-20 18:30:00,0.0
2024-09-20 19:00:00,0.0
2024-09-20 19:30:00,0.0
2024-09-20 20:00:00,0.0
2024-09-20 20:30:00,0.0
2024-09-20 21:00:00,0.0
2024-09-20 21:30:00,0.0
2024-09-20 22:00:00,0.0
2024-09-20 22:30:00,0.0
2024-09-20 23:00:00,0.0
2024-09-20 23:30:00,0.0
2024-09-21 00:00:00,0.0
2024-09-21 00:30:00,0.0
2024-09-21 01:00:00,0.0
2024-09-21 01:30:00,0.0
2024-09-21 02:00:00,0.0
2024-09-21 02:30:00,0.0
2024-09-21 03:00:00,0.0
2024-09-21 03:30:00,0.0
2024-09-21 04:00:00,0.0
2024-09-21 04:30:00,0.0
2024-09-21 05:00:00,0.0
2024-09-21 05:30:00,0.0
2024-09-21 06:00:00,0.0
2024-09-21 06:30:00,0.0
2024-09-21 07:00:00,0.0
2024-09-21 07:30:00,0.0
2024-09-21 08:00:00,0.0
2024-09-21 08:30:00,0.0
2024-09-21 09:00:00,0.0
2024-09-21 09:30:00,0.0
2024-09-21 10:00:00,0.0
2024-09-21 10:30:00,0.0
2024-09-21 11:00:00,0.0
2024-09-21 11:30:00,0.0
2024-09-21 12:00:00,0.0
2024-09-21 12:30:00,0.0
2024-09-21 13:00:00,0.0
2024-09-21 13:30:00,0.0
2024-09-21 14:00:00,0.0
2024-09-21 14:30:00,0.0
2024-09-21 15:00:00,0.0
2024-09-21 15:30:00,0.0
2024-09-21 16:00:00,0.0
2024-09-21 16:30:00,0.0
2024-09-21 17:00:00,0.0
2024-09-21 17:30:00,0.0
2024-09-21 18:00:00,0.0
2024-09-21 18:30:00,0.0
2024-09-21 19:00:00,0.0
2024-09-21 19:30:00,0.0
2024-09-21 20:00:00,0.0
2024-09-21 20:30:00,0.0
2024-09-21 21:00:00,0.0
2024-09-21 21:30:00,0.0
2024-09-21 22:00:00,0.0
2024-09-21 22:30:00,0.0
2024-09-21 23:00:00,0.0
2024-09-21 23:30:00,0.0
2024-09-22 00:00:00,0.0
2024-09-22 00:30:00,0.0
2024-09-22 01:00:00,0.0
2024-09-22 01:30:00,0.0
2024-09-22 02:00:00,0.0
2024-09-22 02:30:00,0.0
2024-09-22 03:00:00,0.0
2024-09-22 03:30:00,0.0
2024-09-22 04:00:00,0.0
2024-09-22 04:30:00,0.0
2024-09-22 05:00:00,0.0
2024-09-22 05:30:00,0.0
2024-09-22 06:00:00,0.0
2024-09-22 06:30:00,0.0
2024-09-22 07:00:00,0.0
2024-09-22 07:30:00,0.0
2024-09-22 08:00:00,0.0
2024-09-22 08:30:00,0.0
2024-09-22 09:00:00,0.0
2024-09-22 09:30:00,0.0
2024-09-22 10:00:00,0.0
2024-09-22 10:30:00,0.0
2024-09-22 11:00:00,0.0
2024-09-22 11:30:00,0.0
2024-09-22 12:00:00,0.0
2024-09-22 12:30:00,0.0
2024-09-22 13:00:00,0.0
2024-09-22 13:30:00,0.0
2024-09-22 14:00:00,0.0
2024-09-22 14:30:00,0.0
2024-09-22 15:00:00,0.0
2024-09-22 15:30:00,0.0
2024-09-22 16:00:00,0.0
2024-09-22 16:30:00,0.0
2024-09-22 17:00:00,0.0
2024-09-22 17:30:00,0.0
2024-09-22 18:00:00,0.0
2024-09-22 18:30:00,0.0
2024-09-22 19:00:00,0.0
2024-09-22 19:30:00,0.0
2024-09-22 20:00:00,0.0
2024-09-22 20:30:00,0.0
2024-09-22 21:00:00,0.0
2024-09-22 21:30:00,0.0
2024-09-22 22:00:00,0.0
2024-09-22 22:30:00,0.0
2024-09-22 23:00:00,0.0
2024-09-22 23:30:00,0.0
2024-09-23 00:00:00,0.0
2024-09-23 00:30:00,0.0
2024-09-23 01:00:00,0.0
2024-09-23 01:30:00,0.0
2024-09-23 02:00:00,0.0
2024-09-23 02:30:00,0.0
2024-09-23 03:00:00,0.0
2024-09-23 03:30:00,0.0
2024-09-23 04:00:00,0.0
2024-09-23 04:30:00,0.0
2024-09-23 05:00:00,0.0
2024-09-23 05:30:00,0.0
2024-09-23 06:00:00,0.0
2024-09-23 06:30:00,0.0
2024-09-23 07:00:00,0.0
2024-09-23 07:30:00,0.0
2024-09-23 08:00:00,0.0
2024-09-23 08:30:00,0.0
2024-09-23 09:00:00,0.0
2024-09-23 09:30:00,0.0
2024-09-23 10:00:00,0.0
2024-09-23 10:30:00,0.0
2024-09-23 11:00:00,0.0
2024-09-23 11:30:00,0.0
2024-09-23 12:00:00,0.0
2024-09-23 12:30:00,0.0
2024-09-23 13:00:00,0.0
2024-09-23 13:30:00,0.0
2024-09-23 14:00:00,0.0
2024-09-23 14:30:00,0.0
2024-09-23 15:00:00,0.0
2024-09-23 15:30:00,0.0
2024-09-23 16:00:00,0.0
2024-09-23 16:30:00,0.0
2024-09-23 17:00:00,0.0
2024-09-23 17:30:00,0.0
2024-09-23 18:00:00,0.0
2024-09-23 18:30:00,0.0
2024-09-23 19:00:00,0.0
2024-09-23 19:30:00,0.0
2024-09-23 20:00:00,0.0
2024-09-23 20:30:00,0.0
2024-09-23 21:00:00,0.0
2024-09-23 21:30:00,0.0
2024-09-23 22:00:00,0.0
2024-09-23 22:30:00,0.0
2024-09-23 23:00:00,0.0
2024-09-23 23:30:00,0.0
2024-09-24 00:00:00,0.0
2024-09-24 00:30:00,0.0
2024-09-24 01:00:00,0.0
2024-09-24 01:30:00,0.0
2024-09-24 02:00:00,0.0
2024-09-24 02:30:00,0.0
2024-09-24 03:00:00,0.0
2024-09-24 03:30:00,0.0
2024-09-24 04:00:00,0.0
2024-09-24 04:30:00,0.0
2024-09-24 05:00:00,0.0
2024-09-24 05:30:00,0.0
2024-09-24 06:00:00,0.0
2024-09-24 06:30:00,139.61666666666662
2024-09-24 07:00:00,122.5666666666668
2024-09-24 07:30:00,113.61666666666659
2024-09-24 08:00:00,135.38333333333338
2024-09-24 08:30:00,127.21666666666681
2024-09-24 09:00:00,130.55
2024-09-24 09:30:00,160.7
2024-09-24 10:00:00,135.11666666666662
2024-09-24 10:30:00,20.0
2024-09-24 11:00:00,64.43333333333332
2024-09-24 11:30:00,129.9666666666668
2024-09-24 12:00:00,117.5666666666666
2024-09-24 12:30:00,111.5833333333332
2024-09-24 13:00:00,74.03333333333333
2024-09-24 13:30:00,69.36666666666666
2024-09-24 14:00:00,91.4166666666668
2024-09-24 14:30:00,114.9499999999998
2024-09-24 15:00:00,119.8166666666668
2024-09-24 15:30:00,117.3333333333334
2024-09-24 16:00:00,116.6333333333332
2024-09-24 16:30:00,120.0
2024-09-24 17:00:00,114.85
2024-09-24 17:30:00,21.85
2024-09-24 18:00:00,0.0
2024-09-24 18:30:00,0.0
2024-09-24 19:00:00,0.0
2024-09-24 19:30:00,0.0
2024-09-24 20:00:00,0.0
2024-09-24 20:30:00,0.0
2024-09-24 21:00:00,0.0
2024-09-24 21:30:00,0.0
2024-09-24 22:00:00,0.0
2024-09-24 22:30:00,0.0
2024-09-24 23:00:00,0.0
2024-09-24 23:30:00,0.0
2024-09-25 00:00:00,0.0
2024-09-25 00:30:00,0.0
2024-09-25 01:00:00,0.0
2024-09-25 01:30:00,0.0
2024-09-25 02:00:00,0.0
2024-09-25 02:30:00,0.0
2024-09-25 03:00:00,0.0
2024-09-25 03:30:00,0.0
2024-09-25 04:00:00,0.0
2024-09-25 04:30:00,0.0
2024-09-25 05:00:00,0.0
2024-09-25 05:30:00,0.0
2024-09-25 06:00:00,0.0
2024-09-25 06:30:00,0.0
2024-09-25 07:00:00,0.0
2024-09-25 07:30:00,0.0
2024-09-25 08:00:00,0.0
2024-09-25 08:30:00,0.0
2024-09-25 09:00:00,0.0
2024-09-25 09:30:00,0.0
2024-09-25 10:00:00,0.0
2024-09-25 10:30:00,0.0
2024-09-25 11:00:00,0.0
2024-09-25 11:30:00,0.0
2024-09-25 12:00:00,0.0
2024-09-25 12:30:00,0.0
2024-09-25 13:00:00,0.0
2024-09-25 13:30:00,0.0
2024-09-25 14:00:00,0.0
2024-09-25 14:30:00,0.0
2024-09-25 15:00:00,0.0
2024-09-25 15:30:00,0.0
2024-09-25 16:00:00,0.0
2024-09-25 16:30:00,0.0
2024-09-25 17:00:00,0.0
2024-09-25 17:30:00,0.0
2024-09-25 18:00:00,0.0
2024-09-25 18:30:00,0.0
2024-09-25 19:00:00,0.0
2024-09-25 19:30:00,0.0
2024-09-25 20:00:00,0.0
2024-09-25 20:30:00,0.0
2024-09-25 21:00:00,0.0
2024-09-25 21:30:00,0.0
2024-09-25 22:00:00,0.0
2024-09-25 22:30:00,0.0
2024-09-25 23:00:00,0.0
2024-09-25 23:30:00,0.0
2024-09-26 00:00:00,0.0
2024-09-26 00:30:00,0.0
2024-09-26 01:00:00,0.0
2024-09-26 01:30:00,0.0
2024-09-26 02:00:00,14.83333333333334
2024-09-26 02:30:00,14.75
2024-09-26 03:00:00,16.55
2024-09-26 03:30:00,16.51666666666668
2024-09-26 04:00:00,15.63333333333334
2024-09-26 04:30:00,15.61666666666668
2024-09-26 05:00:00,15.96666666666666
2024-09-26 05:30:00,12.03333333333334
2024-09-26 06:00:00,11.63333333333334
2024-09-26 06:30:00,24.16666666666668
2024-09-26 07:00:00,32.9
2024-09-26 07:30:00,43.96666666666666
2024-09-26 08:00:00,81.21666666666658
2024-09-26 08:30:00,95.58333333333331
2024-09-26 09:00:00,111.35
2024-09-26 09:30:00,139.5666666666666
2024-09-26 10:00:00,161.4166666666668
2024-09-26 10:30:00,147.7666666666666
2024-09-26 11:00:00,146.01666666666688
2024-09-26 11:30:00,227.88333333333338
2024-09-26 12:00:00,182.29999999999978
2024-09-26 12:30:00,52.56666666666666
2024-09-26 13:00:00,296.2166666666666
2024-09-26 13:30:00,61.76666666666666
2024-09-26 14:00:00,132.2666666666666
2024-09-26 14:30:00,201.86666666666662
2024-09-26 15:00:00,208.7333333333334
2024-09-26 15:30:00,213.99999999999986
2024-09-26 16:00:00,218.53333333333333
2024-09-26 16:30:00,218.3166666666666
2024-09-26 17:00:00,218.24999999999986
2024-09-26 17:30:00,220.53333333333342
2024-09-26 18:00:00,223.05000000000007
2024-09-26 18:30:00,222.13333333333333
2024-09-26 19:00:00,220.28333333333333
2024-09-26 19:30:00,158.73333333333318
2024-09-26 20:00:00,185.3
2024-09-26 20:30:00,183.43333333333325
2024-09-26 21:00:00,179.06666666666675
2024-09-26 21:30:00,168.78333333333333
2024-09-26 22:00:00,159.61666666666682
2024-09-26 22:30:00,158.1166666666666
2024-09-26 23:00:00,156.15000000000006
2024-09-26 23:30:00,155.6666666666668
2024-09-27 00:00:00,157.66666666666666
2024-09-27 00:30:00,152.71666666666667
2024-09-27 01:00:00,166.08333333333334
2024-09-27 01:30:00,120.28333333333346
2024-09-27 02:00:00,176.6833333333334
2024-09-27 02:30:00,161.93333333333334
2024-09-27 03:00:00,118.8666666666666
2024-09-27 03:30:00,216.3500000000002
2024-09-27 04:00:00,143.8166666666666
2024-09-27 04:30:00,102.4666666666666
2024-09-27 05:00:00,225.4333333333332
2024-09-27 05:30:00,222.7333333333334
2024-09-27 06:00:00,172.8166666666666
2024-09-27 06:30:00,238.1833333333332
2024-09-27 07:00:00,229.0833333333332
2024-09-27 07:30:00,190.54999999999978
2024-09-27 08:00:00,253.9333333333334
2024-09-27 08:30:00,242.2666666666666
2024-09-27 09:00:00,198.0833333333334
2024-09-27 09:30:00,263.15
2024-09-27 10:00:00,255.7833333333332
2024-09-27 10:30:00,207.1333333333336
2024-09-27 11:00:00,262.9
2024-09-27 11:30:00,258.95
2024-09-27 12:00:00,225.75
2024-09-27 12:30:00,295.1833333333334
2024-09-27 13:00:00,296.06666666666683
2024-09-27 13:30:00,241.5666666666666
2024-09-27 14:00:00,310.5333333333332
2024-09-27 14:30:00,296.1333333333332
2024-09-27 15:00:00,244.98333333333318
2024-09-27 15:30:00,316.83333333333337
2024-09-27 16:00:00,301.9166666666668
2024-09-27 16:30:00,245.3
2024-09-27 17:00:00,316.45
2024-09-27 17:30:00,299.45000000000005
2024-09-27 18:00:00,245.9000000000002
2024-09-27 18:30:00,314.4000000000002
2024-09-27 19:00:00,297.0333333333334
2024-09-27 19:30:00,209.3166666666666
2024-09-27 20:00:00,247.51666666666682
2024-09-27 20:30:00,228.85000000000002
2024-09-27 21:00:00,174.25
2024-09-27 21:30:00,241.7333333333334
2024-09-27 22:00:00,154.78333333333342
2024-09-27 22:30:00,100.6
2024-09-27 23:00:00,170.5833333333332
2024-09-27 23:30:00,154.0333333333332
2024-09-28 00:00:00,102.05
2024-09-28 00:30:00,229.4499999999998
2024-09-28 01:00:00,209.55000000000018
2024-09-28 01:30:00,154.4
2024-09-28 02:00:00,186.6166666666666
2024-09-28 02:30:00,218.89999999999998
2024-09-28 03:00:00,189.7333333333334
2024-09-28 03:30:00,258.5000000000002
2024-09-28 04:00:00,241.3166666666668
2024-09-28 04:30:00,187.5166666666668
2024-09-28 05:00:00,257.9666666666668
2024-09-28 05:30:00,237.0166666666668
2024-09-28 06:00:00,171.9583333333332
2024-09-28 06:30:00,62.983333333333334
2024-09-28 07:00:00,0.591666666666666
2024-09-28 07:30:00,0.0
2024-09-28 08:00:00,0.0
2024-09-28 08:30:00,0.0
2024-09-28 09:00:00,0.0
2024-09-28 09:30:00,0.0
2024-09-28 10:00:00,0.0
2024-09-28 10:30:00,0.0
2024-09-28 11:00:00,0.0
2024-09-28 11:30:00,0.0
2024-09-28 12:00:00,0.0
2024-09-28 12:30:00,0.0
2024-09-28 13:00:00,0.0
2024-09-28 13:30:00,0.0
2024-09-28 14:00:00,0.0
2024-09-28 14:30:00,0.0
2024-09-28 15:00:00,0.0
2024-09-28 15:30:00,0.0
2024-09-28 16:00:00,0.0
2024-09-28 16:30:00,0.0
2024-09-28 17:00:00,0.0
2024-09-28 17:30:00,0.0
2024-09-28 18:00:00,0.0
2024-09-28 18:30:00,0.0
2024-09-28 19:00:00,0.0
2024-09-28 19:30:00,0.0
2024-09-28 20:00:00,0.0
2024-09-28 20:30:00,0.0
2024-09-28 21:00:00,0.0
2024-09-28 21:30:00,0.0
2024-09-28 22:00:00,0.0
2024-09-28 22:30:00,0.0
2024-09-28 23:00:00,0.0
2024-09-28 23:30:00,0.0
2024-09-29 00:00:00,0.0
2024-09-29 00:30:00,0.0
2024-09-29 01:00:00,0.0
2024-09-29 01:30:00,0.0
2024-09-29 02:00:00,0.0
2024-09-29 02:30:00,0.0
2024-09-29 03:00:00,0.0
2024-09-29 03:30:00,0.0
2024-09-29 04:00:00,0.0
2024-09-29 04:30:00,0.0
2024-09-29 05:00:00,0.0
2024-09-29 05:30:00,0.0
2024-09-29 06:00:00,0.0
2024-09-29 06:30:00,0.0
2024-09-29 07:00:00,0.0
2024-09-29 07:30:00,0.0
2024-09-29 08:00:00,0.0
2024-09-29 08:30:00,0.0
2024-09-29 09:00:00,0.0
2024-09-29 09:30:00,0.0
2024-09-29 10:00:00,0.0
2024-09-29 10:30:00,0.0
2024-09-29 11:00:00,0.0
2024-09-29 11:30:00,0.0
2024-09-29 12:00:00,0.0
2024-09-29 12:30:00,0.0
2024-09-29 13:00:00,0.0
2024-09-29 13:30:00,0.0
2024-09-29 14:00:00,0.0
2024-09-29 14:30:00,0.0
2024-09-29 15:00:00,0.0
2024-09-29 15:30:00,0.0
2024-09-29 16:00:00,0.0
2024-09-29 16:30:00,0.0
2024-09-29 17:00:00,0.0
2024-09-29 17:30:00,0.0
2024-09-29 18:00:00,0.0
2024-09-29 18:30:00,0.0
2024-09-29 19:00:00,0.0
2024-09-29 19:30:00,0.0
2024-09-29 20:00:00,0.0
2024-09-29 20:30:00,0.0
2024-09-29 21:00:00,0.0
2024-09-29 21:30:00,0.0
2024-09-29 22:00:00,0.0
2024-09-29 22:30:00,0.0
2024-09-29 23:00:00,0.0
2024-09-29 23:30:00,0.0
2024-09-30 00:00:00,23.05
2024-09-30 00:30:00,99.4333333333332
2024-09-30 01:00:00,107.88333333333328
2024-09-30 01:30:00,76.08333333333334
2024-09-30 02:00:00,136.46666666666658
2024-09-30 02:30:00,5.4
2024-09-30 03:00:00,0.0
2024-09-30 03:30:00,0.0
2024-09-30 04:00:00,0.0
2024-09-30 04:30:00,0.0
2024-09-30 05:00:00,0.0
2024-09-30 05:30:00,0.0
2024-09-30 06:00:00,0.0
2024-09-30 06:30:00,0.0
2024-09-30 07:00:00,0.0
2024-09-30 07:30:00,0.0
2024-09-30 08:00:00,0.0
2024-09-30 08:30:00,0.0
2024-09-30 09:00:00,0.0
2024-09-30 09:30:00,0.0
2024-09-30 10:00:00,0.0
2024-09-30 10:30:00,0.0
2024-09-30 11:00:00,0.0
2024-09-30 11:30:00,0.0
2024-09-30 12:00:00,0.0
2024-09-30 12:30:00,0.0
2024-09-30 13:00:00,0.0
2024-09-30 13:30:00,0.0
2024-09-30 14:00:00,0.0
2024-09-30 14:30:00,0.0
2024-09-30 15:00:00,0.0
2024-09-30 15:30:00,0.0
2024-09-30 16:00:00,0.0
2024-09-30 16:30:00,0.0
2024-09-30 17:00:00,0.0
2024-09-30 17:30:00,0.0
2024-09-30 18:00:00,0.0
2024-09-30 18:30:00,0.0
2024-09-30 19:00:00,0.0
2024-09-30 19:30:00,0.0
2024-09-30 20:00:00,0.0
2024-09-30 20:30:00,0.0
2024-09-30 21:00:00,0.0
2024-09-30 21:30:00,0.0
2024-09-30 22:00:00,0.0
2024-09-30 22:30:00,0.0
2024-09-30 23:00:00,0.0
2024-09-30 23:30:00,0.0
2024-10-01 00:00:00,0.0
2024-10-01 00:30:00,0.0
2024-10-01 01:00:00,0.0
2024-10-01 01:30:00,0.0
2024-10-01 02:00:00,0.0
2024-10-01 02:30:00,0.0
2024-10-01 03:00:00,0.0
2024-10-01 03:30:00,0.0
2024-10-01 04:00:00,0.0
2024-10-01 04:30:00,0.0
2024-10-01 05:00:00,0.0
2024-10-01 05:30:00,0.0
2024-10-01 06:00:00,0.0
2024-10-01 06:30:00,0.0
2024-10-01 07:00:00,0.0
2024-10-01 07:30:00,0.0
2024-10-01 08:00:00,0.0
2024-10-01 08:30:00,0.0
2024-10-01 09:00:00,0.0
2024-10-01 09:30:00,0.0
2024-10-01 10:00:00,0.0
2024-10-01 10:30:00,0.0
2024-10-01 11:00:00,0.0
2024-10-01 11:30:00,0.0
2024-10-01 12:00:00,0.0
2024-10-01 12:30:00,0.0
2024-10-01 13:00:00,0.0
2024-10-01 13:30:00,0.0
2024-10-01 14:00:00,0.0
2024-10-01 14:30:00,0.0
2024-10-01 15:00:00,0.0
2024-10-01 15:30:00,0.0
2024-10-01 16:00:00,0.0
2024-10-01 16:30:00,0.0
2024-10-01 17:00:00,0.0
2024-10-01 17:30:00,0.0
2024-10-01 18:00:00,0.0
2024-10-01 18:30:00,0.0
2024-10-01 19:00:00,0.0
2024-10-01 19:30:00,0.0
2024-10-01 20:00:00,0.0
2024-10-01 20:30:00,0.0
2024-10-01 21:00:00,0.0
2024-10-01 21:30:00,0.0
2024-10-01 22:00:00,0.0
2024-10-01 22:30:00,0.0
2024-10-01 23:00:00,0.0
2024-10-01 23:30:00,0.0
2024-10-02 00:00:00,0.0
2024-10-02 00:30:00,0.0
2024-10-02 01:00:00,0.0
2024-10-02 01:30:00,0.0
2024-10-02 02:00:00,0.0
2024-10-02 02:30:00,0.0
2024-10-02 03:00:00,0.0
2024-10-02 03:30:00,0.0
2024-10-02 04:00:00,0.0
2024-10-02 04:30:00,0.0
2024-10-02 05:00:00,0.0
2024-10-02 05:30:00,0.0
2024-10-02 06:00:00,0.0
2024-10-02 06:30:00,0.0
2024-10-02 07:00:00,0.0
2024-10-02 07:30:00,0.0
2024-10-02 08:00:00,0.0
2024-10-02 08:30:00,0.0
2024-10-02 09:00:00,0.0
2024-10-02 09:30:00,0.0
2024-10-02 10:00:00,0.0
2024-10-02 10:30:00,0.0
2024-10-02 11:00:00,0.0
2024-10-02 11:30:00,0.0
2024-10-02 12:00:00,0.0
2024-10-02 12:30:00,0.0
2024-10-02 13:00:00,0.0
2024-10-02 13:30:00,0.0
2024-10-02 14:00:00,0.0
2024-10-02 14:30:00,0.0
2024-10-02 15:00:00,0.0
2024-10-02 15:30:00,0.0
2024-10-02 16:00:00,0.0
2024-10-02 16:30:00,0.0
2024-10-02 17:00:00,0.0
2024-10-02 17:30:00,0.0
2024-10-02 18:00:00,0.0
2024-10-02 18:30:00,0.0
2024-10-02 19:00:00,0.0
2024-10-02 19:30:00,0.0
2024-10-02 20:00:00,0.0
2024-10-02 20:30:00,0.0
2024-10-02 21:00:00,0.0
2024-10-02 21:30:00,0.0
2024-10-02 22:00:00,0.0
2024-10-02 22:30:00,0.0
2024-10-02 23:00:00,0.0
2024-10-02 23:30:00,0.0
2024-10-03 00:00:00,0.0
2024-10-03 00:30:00,0.0
2024-10-03 01:00:00,0.0
2024-10-03 01:30:00,0.0
2024-10-03 02:00:00,0.0
2024-10-03 02:30:00,0.0
2024-10-03 03:00:00,0.0
2024-10-03 03:30:00,0.0
2024-10-03 04:00:00,0.0
2024-10-03 04:30:00,0.0
2024-10-03 05:00:00,0.0
2024-10-03 05:30:00,0.0
2024-10-03 06:00:00,0.0
2024-10-03 06:30:00,0.0
2024-10-03 07:00:00,0.0
2024-10-03 07:30:00,0.0
2024-10-03 08:00:00,0.0
2024-10-03 08:30:00,0.0
2024-10-03 09:00:00,0.0
2024-10-03 09:30:00,0.0
2024-10-03 10:00:00,0.0
2024-10-03 10:30:00,0.0
2024-10-03 11:00:00,0.0
2024-10-03 11:30:00,0.0
2024-10-03 12:00:00,0.0
2024-10-03 12:30:00,0.0
2024-10-03 13:00:00,0.0
2024-10-03 13:30:00,0.0
2024-10-03 14:00:00,0.0
2024-10-03 14:30:00,0.0
2024-10-03 15:00:00,0.0
2024-10-03 15:30:00,0.0
2024-10-03 16:00:00,0.0
2024-10-03 16:30:00,0.0
2024-10-03 17:00:00,0.0
2024-10-03 17:30:00,0.0
2024-10-03 18:00:00,0.0
2024-10-03 18:30:00,0.0
2024-10-03 19:00:00,0.0
2024-10-03 19:30:00,0.0
2024-10-03 20:00:00,0.0
2024-10-03 20:30:00,0.0
2024-10-03 21:00:00,0.0
2024-10-03 21:30:00,0.0
2024-10-03 22:00:00,0.0
2024-10-03 22:30:00,0.0
2024-10-03 23:00:00,13.483333333333341
2024-10-03 23:30:00,43.41666666666666
2024-10-04 00:00:00,53.21666666666672
2024-10-04 00:30:00,49.28333333333328
2024-10-04 01:00:00,55.55000000000008
2024-10-04 01:30:00,59.583333333333314
2024-10-04 02:00:00,56.06666666666674
2024-10-04 02:30:00,62.0833333333334
2024-10-04 03:00:00,69.35
2024-10-04 03:30:00,75.63333333333331
2024-10-04 04:00:00,81.7833333333334
2024-10-04 04:30:00,86.1166666666668
2024-10-04 05:00:00,91.09999999999987
2024-10-04 05:30:00,138.0833333333334
2024-10-04 06:00:00,29.200000000000003
2024-10-04 06:30:00,4.1
2024-10-04 07:00:00,77.4333333333334
2024-10-04 07:30:00,30.11666666666666
2024-10-04 08:00:00,34.68333333333334
2024-10-04 08:30:00,45.25
2024-10-04 09:00:00,48.2666666666666
2024-10-04 09:30:00,65.7
2024-10-04 10:00:00,94.0666666666666
2024-10-04 10:30:00,90.61666666666659
2024-10-04 11:00:00,94.8333333333334
2024-10-04 11:30:00,7.0
2024-10-04 12:00:00,37.95
2024-10-04 12:30:00,38.400000000000006
2024-10-04 13:00:00,38.11666666666666
2024-10-04 13:30:00,37.11666666666668
2024-10-04 14:00:00,70.89999999999993
2024-10-04 14:30:00,70.63333333333334
2024-10-04 15:00:00,69.80000000000008
2024-10-04 15:30:00,68.0833333333334
2024-10-04 16:00:00,128.36666666666673
2024-10-04 16:30:00,113.96666666666654
2024-10-04 17:00:00,87.33333333333329
2024-10-04 17:30:00,125.60000000000005
2024-10-04 18:00:00,85.51666666666667
2024-10-04 18:30:00,34.98333333333326
2024-10-04 19:00:00,65.4666666666666
2024-10-04 19:30:00,36.8
2024-10-04 20:00:00,0.0
2024-10-04 20:30:00,40.46666666666666
2024-10-04 21:00:00,95.85000000000008
2024-10-04 21:30:00,34.61666666666666
2024-10-04 22:00:00,30.85
2024-10-04 22:30:00,45.04999999999994
2024-10-04 23:00:00,42.8666666666666
2024-10-04 23:30:00,39.79999999999994
2024-10-05 00:00:00,33.433333333333266
2024-10-05 00:30:00,32.19999999999992
2024-10-05 01:00:00,39.599999999999994
2024-10-05 01:30:00,38.800000000000054
2024-10-05 02:00:00,41.28333333333326
2024-10-05 02:30:00,37.83333333333334
2024-10-05 03:00:00,36.99999999999998
2024-10-05 03:30:00,34.31666666666668
2024-10-05 04:00:00,33.5
2024-10-05 04:30:00,9.06666666666666
2024-10-05 05:00:00,0.0
2024-10-05 05:30:00,0.0
2024-10-05 06:00:00,11.09999999999998
2024-10-05 06:30:00,8.9
2024-10-05 07:00:00,9.06666666666668
2024-10-05 07:30:00,9.91666666666666
2024-10-05 08:00:00,11.30000000000002
2024-10-05 08:30:00,10.7
2024-10-05 09:00:00,45.3
2024-10-05 09:30:00,0.0
2024-10-05 10:00:00,0.0
2024-10-05 10:30:00,0.0
2024-10-05 11:00:00,0.0
2024-10-05 11:30:00,0.0
2024-10-05 12:00:00,0.0
2024-10-05 12:30:00,0.0
2024-10-05 13:00:00,0.0
2024-10-05 13:30:00,0.0
2024-10-05 14:00:00,0.0
2024-10-05 14:30:00,0.0
2024-10-05 15:00:00,0.0
2024-10-05 15:30:00,0.0
2024-10-05 16:00:00,0.0
2024-10-05 16:30:00,0.0
2024-10-05 17:00:00,0.0
2024-10-05 17:30:00,0.0
2024-10-05 18:00:00,0.0
2024-10-05 18:30:00,0.0
2024-10-05 19:00:00,11.01666666666666
2024-10-05 19:30:00,9.75
2024-10-05 20:00:00,11.0
2024-10-05 20:30:00,20.16666666666666
2024-10-05 21:00:00,9.5
2024-10-05 21:30:00,24.85
2024-10-05 22:00:00,19.83333333333334
2024-10-05 22:30:00,11.21666666666666
2024-10-05 23:00:00,33.76666666666666
2024-10-05 23:30:00,25.11666666666666
2024-10-06 00:00:00,42.28333333333334
2024-10-06 00:30:00,0.0
2024-10-06 01:00:00,0.0
2024-10-06 01:30:00,0.0
2024-10-06 02:00:00,0.0
2024-10-06 02:30:00,0.0
2024-10-06 03:00:00,0.0
2024-10-06 03:30:00,0.0
2024-10-06 04:00:00,0.0
2024-10-06 04:30:00,0.0
2024-10-06 05:00:00,0.0
2024-10-06 05:30:00,0.0
2024-10-06 06:00:00,0.0
2024-10-06 06:30:00,0.0
2024-10-06 07:00:00,0.0
2024-10-06 07:30:00,0.0
2024-10-06 08:00:00,0.0
2024-10-06 08:30:00,0.0
2024-10-06 09:00:00,0.0
2024-10-06 09:30:00,0.0
2024-10-06 10:00:00,0.0
2024-10-06 10:30:00,0.0
2024-10-06 11:00:00,0.0
2024-10-06 11:30:00,0.0
2024-10-06 12:00:00,0.0
2024-10-06 12:30:00,0.0
2024-10-06 13:00:00,0.0
2024-10-06 13:30:00,0.0
2024-10-06 14:00:00,0.0
2024-10-06 14:30:00,0.0
2024-10-06 15:00:00,0.0
2024-10-06 15:30:00,0.0
2024-10-06 16:00:00,0.0
2024-10-06 16:30:00,0.0
2024-10-06 17:00:00,0.0
2024-10-06 17:30:00,0.0
2024-10-06 18:00:00,0.0
2024-10-06 18:30:00,0.0
2024-10-06 19:00:00,0.0
2024-10-06 19:30:00,0.0
2024-10-06 20:00:00,4.399999999999994
2024-10-06 20:30:00,4.783333333333321
2024-10-06 21:00:00,18.01666666666668
2024-10-06 21:30:00,10.95
2024-10-06 22:00:00,45.83333333333334
2024-10-06 22:30:00,44.833333333333314
2024-10-06 23:00:00,46.8
2024-10-06 23:30:00,45.76666666666668
2024-10-07 00:00:00,36.6
2024-10-07 00:30:00,62.24999999999994
2024-10-07 01:00:00,70.50000000000006
2024-10-07 01:30:00,71.70000000000006
2024-10-07 02:00:00,80.0166666666666
2024-10-07 02:30:00,81.1833333333334
2024-10-07 03:00:00,17.583333333333332
2024-10-07 03:30:00,68.56666666666666
2024-10-07 04:00:00,0.0
2024-10-07 04:30:00,0.0
2024-10-07 05:00:00,0.0
2024-10-07 05:30:00,0.0
2024-10-07 06:00:00,0.0
2024-10-07 06:30:00,0.0
2024-10-07 07:00:00,0.0
2024-10-07 07:30:00,0.0
2024-10-07 08:00:00,0.0
2024-10-07 08:30:00,0.0
2024-10-07 09:00:00,0.0
2024-10-07 09:30:00,0.0
2024-10-07 10:00:00,0.0
2024-10-07 10:30:00,0.0
2024-10-07 11:00:00,0.0
2024-10-07 11:30:00,0.0
2024-10-07 12:00:00,0.0
2024-10-07 12:30:00,0.0
2024-10-07 13:00:00,0.0
2024-10-07 13:30:00,0.0
2024-10-07 14:00:00,0.0
2024-10-07 14:30:00,0.0
2024-10-07 15:00:00,0.0
2024-10-07 15:30:00,0.0
2024-10-07 16:00:00,0.0
2024-10-07 16:30:00,0.0
2024-10-07 17:00:00,0.0
2024-10-07 17:30:00,0.0
2024-10-07 18:00:00,0.0
2024-10-07 18:30:00,0.0
2024-10-07 19:00:00,0.0
2024-10-07 19:30:00,0.0
2024-10-07 20:00:00,0.0
2024-10-07 20:30:00,0.0
2024-10-07 21:00:00,0.0
2024-10-07 21:30:00,0.0
2024-10-07 22:00:00,0.0
2024-10-07 22:30:00,0.0
2024-10-07 23:00:00,0.0
2024-10-07 23:30:00,0.0
2024-10-08 00:00:00,0.0
2024-10-08 00:30:00,0.0
2024-10-08 01:00:00,0.0
2024-10-08 01:30:00,0.0
2024-10-08 02:00:00,0.0
2024-10-08 02:30:00,0.0
2024-10-08 03:00:00,0.0
2024-10-08 03:30:00,0.0
2024-10-08 04:00:00,0.0
2024-10-08 04:30:00,0.0
2024-10-08 05:00:00,0.0
2024-10-08 05:30:00,0.0
2024-10-08 06:00:00,78.9666666666666
2024-10-08 06:30:00,71.0666666666666
2024-10-08 07:00:00,32.9333333333334
2024-10-08 07:30:00,0.0
2024-10-08 08:00:00,0.0
2024-10-08 08:30:00,0.0
2024-10-08 09:00:00,0.0
2024-10-08 09:30:00,0.0
2024-10-08 10:00:00,0.0
2024-10-08 10:30:00,0.0
2024-10-08 11:00:00,0.0
2024-10-08 11:30:00,0.0
2024-10-08 12:00:00,0.0
2024-10-08 12:30:00,95.11666666666659
2024-10-08 13:00:00,201.55
2024-10-08 13:30:00,131.5833333333334
2024-10-08 14:00:00,132.31666666666666
2024-10-08 14:30:00,132.51666666666665
2024-10-08 15:00:00,132.51666666666665
2024-10-08 15:30:00,132.51666666666665
2024-10-08 16:00:00,101.0166666666666
2024-10-08 16:30:00,175.45
2024-10-08 17:00:00,119.94999999999999
2024-10-08 17:30:00,160.75
2024-10-08 18:00:00,160.7333333333334
2024-10-08 18:30:00,160.2
2024-10-08 19:00:00,130.7166666666666
2024-10-08 19:30:00,117.25
2024-10-08 20:00:00,108.0
2024-10-08 20:30:00,132.5
2024-10-08 21:00:00,123.73333333333333
2024-10-08 21:30:00,223.63333333333333
2024-10-08 22:00:00,223.63333333333333
2024-10-08 22:30:00,223.5
2024-10-08 23:00:00,223.63333333333333
2024-10-08 23:30:00,223.48333333333335
2024-10-09 00:00:00,223.5
2024-10-09 00:30:00,223.48333333333335
2024-10-09 01:00:00,296.3
2024-10-09 01:30:00,297.38333333333344
2024-10-09 02:00:00,292.83333333333337
2024-10-09 02:30:00,292.83333333333337
2024-10-09 03:00:00,292.83333333333337
2024-10-09 03:30:00,292.83333333333337
2024-10-09 04:00:00,292.83333333333337
2024-10-09 04:30:00,292.83333333333337
2024-10-09 05:00:00,292.83333333333337
2024-10-09 05:30:00,292.85
2024-10-09 06:00:00,293.7666666666666
2024-10-09 06:30:00,393.66666666666663
2024-10-09 07:00:00,289.13333333333344
2024-10-09 07:30:00,288.2166666666666
2024-10-09 08:00:00,289.15
2024-10-09 08:30:00,207.75
2024-10-09 09:00:00,215.15
2024-10-09 09:30:00,215.15
2024-10-09 10:00:00,215.15
2024-10-09 10:30:00,215.1333333333334
2024-10-09 11:00:00,215.1666666666666
2024-10-09 11:30:00,215.15
2024-10-09 12:00:00,215.1666666666666
2024-10-09 12:30:00,216.0833333333334
2024-10-09 13:00:00,137.3666666666666
2024-10-09 13:30:00,201.73333333333338
2024-10-09 14:00:00,204.5666666666666
2024-10-09 14:30:00,203.9
2024-10-09 15:00:00,204.5166666666666
2024-10-09 15:30:00,162.5166666666666
2024-10-09 16:00:00,125.8833333333334
2024-10-09 16:30:00,127.5333333333334
2024-10-09 17:00:00,181.1
2024-10-09 17:30:00,230.4833333333334
2024-10-09 18:00:00,224.13333333333338
2024-10-09 18:30:00,167.5166666666668
2024-10-09 19:00:00,223.1
2024-10-09 19:30:00,218.85
2024-10-09 20:00:00,169.95000000000002
2024-10-09 20:30:00,227.28333333333322
2024-10-09 21:00:00,222.9333333333334
2024-10-09 21:30:00,168.9833333333332
2024-10-09 22:00:00,228.2166666666668
2024-10-09 22:30:00,221.95
2024-10-09 23:00:00,114.4333333333334
2024-10-09 23:30:00,173.0666666666666
2024-10-10 00:00:00,168.4833333333334
2024-10-10 00:30:00,190.7
2024-10-10 01:00:00,245.8
2024-10-10 01:30:00,239.56666666666678
2024-10-10 02:00:00,187.6833333333334
2024-10-10 02:30:00,247.3
2024-10-10 03:00:00,243.0000000000002
2024-10-10 03:30:00,188.35
2024-10-10 04:00:00,245.9833333333334
2024-10-10 04:30:00,240.29999999999998
2024-10-10 05:00:00,189.2
2024-10-10 05:30:00,246.2333333333336
2024-10-10 06:00:00,241.3500000000002
2024-10-10 06:30:00,186.9
2024-10-10 07:00:00,216.0666666666668
2024-10-10 07:30:00,111.2999999999998
2024-10-10 08:00:00,103.7833333333334
2024-10-10 08:30:00,107.85
2024-10-10 09:00:00,45.45
2024-10-10 09:30:00,25.5
2024-10-10 10:00:00,0.0
2024-10-10 10:30:00,0.0
2024-10-10 11:00:00,0.0
2024-10-10 11:30:00,0.0
2024-10-10 12:00:00,0.0
2024-10-10 12:30:00,0.0
2024-10-10 13:00:00,0.0
2024-10-10 13:30:00,0.0
2024-10-10 14:00:00,0.0
2024-10-10 14:30:00,0.0
2024-10-10 15:00:00,0.0
2024-10-10 15:30:00,0.0
2024-10-10 16:00:00,0.0
2024-10-10 16:30:00,0.0
2024-10-10 17:00:00,0.0
2024-10-10 17:30:00,0.0
2024-10-10 18:00:00,0.0
2024-10-10 18:30:00,0.0
2024-10-10 19:00:00,0.0
2024-10-10 19:30:00,0.0
2024-10-10 20:00:00,0.0
2024-10-10 20:30:00,22.66666666666666
2024-10-10 21:00:00,15.91666666666668
2024-10-10 21:30:00,12.850000000000007
2024-10-10 22:00:00,10.666666666666673
2024-10-10 22:30:00,8.566666666666674
2024-10-10 23:00:00,6.866666666666672
2024-10-10 23:30:00,5.75
2024-10-11 00:00:00,4.516666666666666
2024-10-11 00:30:00,3.333333333333332
2024-10-11 01:00:00,3.116666666666664
2024-10-11 01:30:00,4.316666666666668
2024-10-11 02:00:00,4.116666666666668
2024-10-11 02:30:00,4.500000000000002
2024-10-11 03:00:00,5.049999999999998
2024-10-11 03:30:00,5.8499999999999925
2024-10-11 04:00:00,6.66666666666666
2024-10-11 04:30:00,7.46666666666668
2024-10-11 05:00:00,8.316666666666679
2024-10-11 05:30:00,15.1
2024-10-11 06:00:00,24.06666666666666
2024-10-11 06:30:00,22.68333333333332
2024-10-11 07:00:00,96.19999999999995
2024-10-11 07:30:00,0.0
2024-10-11 08:00:00,0.0
2024-10-11 08:30:00,0.0
2024-10-11 09:00:00,0.0
2024-10-11 09:30:00,0.0
2024-10-11 10:00:00,0.0
2024-10-11 10:30:00,4.8
2024-10-11 11:00:00,128.6166666666668
2024-10-11 11:30:00,0.7833333333333341
2024-10-11 12:00:00,0.0
2024-10-11 12:30:00,0.0
2024-10-11 13:00:00,0.0
2024-10-11 13:30:00,0.0
2024-10-11 14:00:00,0.0
2024-10-11 14:30:00,0.0
2024-10-11 15:00:00,0.0
2024-10-11 15:30:00,0.0
2024-10-11 16:00:00,0.0
2024-10-11 16:30:00,0.0
2024-10-11 17:00:00,0.0
2024-10-11 17:30:00,0.0
2024-10-11 18:00:00,0.0
2024-10-11 18:30:00,0.0
2024-10-11 19:00:00,0.0
2024-10-11 19:30:00,0.0
2024-10-11 20:00:00,0.0
2024-10-11 20:30:00,0.0
2024-10-11 21:00:00,0.0
2024-10-11 21:30:00,0.0
2024-10-11 22:00:00,0.0
2024-10-11 22:30:00,0.0
2024-10-11 23:00:00,0.0
2024-10-11 23:30:00,0.0
2024-10-12 00:00:00,0.0
2024-10-12 00:30:00,24.0
2024-10-12 01:00:00,32.15
2024-10-12 01:30:00,50.7
2024-10-12 02:00:00,69.6
2024-10-12 02:30:00,106.6833333333334
2024-10-12 03:00:00,140.9666666666668
2024-10-12 03:30:00,184.5833333333334
2024-10-12 04:00:00,227.8166666666668
2024-10-12 04:30:00,221.7500000000002
2024-10-12 05:00:00,215.4333333333332
2024-10-12 05:30:00,196.36666666666662
2024-10-12 06:00:00,178.2666666666666
2024-10-12 06:30:00,169.45
2024-10-12 07:00:00,160.46666666666658
2024-10-12 07:30:00,184.2
2024-10-12 08:00:00,208.5499999999998
2024-10-12 08:30:00,237.1333333333332
2024-10-12 09:00:00,264.6833333333334
2024-10-12 09:30:00,78.00000000000006
2024-10-12 10:00:00,71.9666666666666
2024-10-12 10:30:00,0.233333333333334
2024-10-12 11:00:00,0.0
2024-10-12 11:30:00,0.0
2024-10-12 12:00:00,0.0
2024-10-12 12:30:00,0.0
2024-10-12 13:00:00,0.0
2024-10-12 13:30:00,0.0
2024-10-12 14:00:00,0.0
2024-10-12 14:30:00,0.0
2024-10-12 15:00:00,0.0
2024-10-12 15:30:00,0.0
2024-10-12 16:00:00,0.0
2024-10-12 16:30:00,25.533333333333335
2024-10-12 17:00:00,108.96666666666661
2024-10-12 17:30:00,271.2666666666668
2024-10-12 18:00:00,94.80000000000001
2024-10-12 18:30:00,263.7333333333334
2024-10-12 19:00:00,159.0833333333334
2024-10-12 19:30:00,186.26666666666674
2024-10-12 20:00:00,184.86666666666662
2024-10-12 20:30:00,128.48333333333335
2024-10-12 21:00:00,123.48333333333335
2024-10-12 21:30:00,123.18333333333334
2024-10-12 22:00:00,284.31666666666666
2024-10-12 22:30:00,32.23333333333334
2024-10-12 23:00:00,139.11666666666667
2024-10-12 23:30:00,149.89999999999992
2024-10-13 00:00:00,77.15
2024-10-13 00:30:00,144.1833333333334
2024-10-13 01:00:00,148.69999999999987
2024-10-13 01:30:00,155.7
2024-10-13 02:00:00,139.6333333333334
2024-10-13 02:30:00,153.01666666666665
2024-10-13 03:00:00,148.23333333333335
2024-10-13 03:30:00,148.85000000000005
2024-10-13 04:00:00,140.9333333333334
2024-10-13 04:30:00,140.15000000000006
2024-10-13 05:00:00,138.9166666666666
2024-10-13 05:30:00,133.8333333333334
2024-10-13 06:00:00,0.0
2024-10-13 06:30:00,274.0666666666664
2024-10-13 07:00:00,328.66666666666663
2024-10-13 07:30:00,320.3333333333332
2024-10-13 08:00:00,0.0
2024-10-13 08:30:00,0.0
2024-10-13 09:00:00,0.0
2024-10-13 09:30:00,0.0
2024-10-13 10:00:00,0.0
2024-10-13 10:30:00,0.0
2024-10-13 11:00:00,0.0
2024-10-13 11:30:00,0.0
2024-10-13 12:00:00,0.0
2024-10-13 12:30:00,0.0
2024-10-13 13:00:00,0.0
2024-10-13 13:30:00,0.0
2024-10-13 14:00:00,0.0
2024-10-13 14:30:00,0.0
2024-10-13 15:00:00,0.0
2024-10-13 15:30:00,0.0
2024-10-13 16:00:00,0.0
2024-10-13 16:30:00,0.0
2024-10-13 17:00:00,0.0
2024-10-13 17:30:00,0.0
2024-10-13 18:00:00,0.0
2024-10-13 18:30:00,0.0
2024-10-13 19:00:00,0.0
2024-10-13 19:30:00,0.0
2024-10-13 20:00:00,0.0
2024-10-13 20:30:00,0.0
2024-10-13 21:00:00,0.0
2024-10-13 21:30:00,0.0
2024-10-13 22:00:00,0.0
2024-10-13 22:30:00,0.0
2024-10-13 23:00:00,0.0
2024-10-13 23:30:00,0.0
2024-10-14 00:00:00,0.0
2024-10-14 00:30:00,0.0
2024-10-14 01:00:00,0.0
2024-10-14 01:30:00,0.0
2024-10-14 02:00:00,0.0
2024-10-14 02:30:00,0.0
2024-10-14 03:00:00,0.0
2024-10-14 03:30:00,0.0
2024-10-14 04:00:00,0.0
2024-10-14 04:30:00,0.0
2024-10-14 05:00:00,0.0
2024-10-14 05:30:00,0.0
2024-10-14 06:00:00,0.0
2024-10-14 06:30:00,0.0
2024-10-14 07:00:00,0.0
2024-10-14 07:30:00,0.0
2024-10-14 08:00:00,0.0
2024-10-14 08:30:00,0.0
2024-10-14 09:00:00,0.0
2024-10-14 09:30:00,0.0
2024-10-14 10:00:00,0.0
2024-10-14 10:30:00,0.0
2024-10-14 11:00:00,0.0
2024-10-14 11:30:00,0.0
2024-10-14 12:00:00,0.0
2024-10-14 12:30:00,0.0
2024-10-14 13:00:00,0.0
2024-10-14 13:30:00,0.0
2024-10-14 14:00:00,0.0
2024-10-14 14:30:00,0.0
2024-10-14 15:00:00,0.0
2024-10-14 15:30:00,0.0
2024-10-14 16:00:00,0.0
2024-10-14 16:30:00,0.0
2024-10-14 17:00:00,0.0
2024-10-14 17:30:00,0.0
2024-10-14 18:00:00,0.0
2024-10-14 18:30:00,0.0
2024-10-14 19:00:00,0.0
2024-10-14 19:30:00,0.0
2024-10-14 20:00:00,0.0
2024-10-14 20:30:00,0.0
2024-10-14 21:00:00,0.0
2024-10-14 21:30:00,0.0
2024-10-14 22:00:00,0.0
2024-10-14 22:30:00,0.0
2024-10-14 23:00:00,0.0
2024-10-14 23:30:00,0.0
2024-10-15 00:00:00,0.0
2024-10-15 00:30:00,0.0
2024-10-15 01:00:00,0.0
2024-10-15 01:30:00,0.0
2024-10-15 02:00:00,0.0
2024-10-15 02:30:00,0.0
2024-10-15 03:00:00,0.0
2024-10-15 03:30:00,0.0
2024-10-15 04:00:00,0.0
2024-10-15 04:30:00,0.0
2024-10-15 05:00:00,0.0
2024-10-15 05:30:00,0.0
2024-10-15 06:00:00,0.0
2024-10-15 06:30:00,0.0
2024-10-15 07:00:00,0.0
2024-10-15 07:30:00,0.0
2024-10-15 08:00:00,0.0
2024-10-15 08:30:00,0.0
2024-10-15 09:00:00,0.0
2024-10-15 09:30:00,0.0
2024-10-15 10:00:00,0.0
2024-10-15 10:30:00,0.0
2024-10-15 11:00:00,0.0
2024-10-15 11:30:00,0.0
2024-10-15 12:00:00,0.0
2024-10-15 12:30:00,0.0
2024-10-15 13:00:00,0.0
2024-10-15 13:30:00,0.0
2024-10-15 14:00:00,0.0
2024-10-15 14:30:00,0.0
2024-10-15 15:00:00,0.0
2024-10-15 15:30:00,0.0
2024-10-15 16:00:00,0.0
2024-10-15 16:30:00,0.0
2024-10-15 17:00:00,0.0
2024-10-15 17:30:00,0.0
2024-10-15 18:00:00,0.0
2024-10-15 18:30:00,0.0
2024-10-15 19:00:00,0.0
2024-10-15 19:30:00,0.0
2024-10-15 20:00:00,0.0
2024-10-15 20:30:00,0.0
2024-10-15 21:00:00,0.0
2024-10-15 21:30:00,0.0
2024-10-15 22:00:00,0.0
2024-10-15 22:30:00,0.0
2024-10-15 23:00:00,0.0
2024-10-15 23:30:00,0.0
2024-10-16 00:00:00,0.0
2024-10-16 00:30:00,0.0
2024-10-16 01:00:00,0.0
2024-10-16 01:30:00,0.0
2024-10-16 02:00:00,0.0
2024-10-16 02:30:00,0.0
2024-10-16 03:00:00,0.0
2024-10-16 03:30:00,0.0
2024-10-16 04:00:00,0.0
2024-10-16 04:30:00,0.0
2024-10-16 05:00:00,0.0
2024-10-16 05:30:00,0.0
2024-10-16 06:00:00,0.0
2024-10-16 06:30:00,0.0
2024-10-16 07:00:00,0.0
2024-10-16 07:30:00,0.0
2024-10-16 08:00:00,0.0
2024-10-16 08:30:00,0.0
2024-10-16 09:00:00,0.0
2024-10-16 09:30:00,0.0
2024-10-16 10:00:00,0.0
2024-10-16 10:30:00,0.0
2024-10-16 11:00:00,0.0
2024-10-16 11:30:00,0.0
2024-10-16 12:00:00,0.0
2024-10-16 12:30:00,0.0
2024-10-16 13:00:00,0.0
2024-10-16 13:30:00,0.0
2024-10-16 14:00:00,0.0
2024-10-16 14:30:00,0.0
2024-10-16 15:00:00,0.0
2024-10-16 15:30:00,0.0
2024-10-16 16:00:00,0.0
2024-10-16 16:30:00,0.0
2024-10-16 17:00:00,0.0
2024-10-16 17:30:00,0.0
2024-10-16 18:00:00,0.0
2024-10-16 18:30:00,0.0
2024-10-16 19:00:00,0.0
2024-10-16 19:30:00,0.0
2024-10-16 20:00:00,0.0
2024-10-16 20:30:00,0.0
2024-10-16 21:00:00,0.0
2024-10-16 21:30:00,0.0
2024-10-16 22:00:00,0.0
2024-10-16 22:30:00,0.0
2024-10-16 23:00:00,0.0
2024-10-16 23:30:00,0.0
2024-10-17 00:00:00,0.0
2024-10-17 00:30:00,0.0
2024-10-17 01:00:00,0.0
2024-10-17 01:30:00,0.0
2024-10-17 02:00:00,0.0
2024-10-17 02:30:00,0.0
2024-10-17 03:00:00,0.0
2024-10-17 03:30:00,0.0
2024-10-17 04:00:00,0.0
2024-10-17 04:30:00,0.0
2024-10-17 05:00:00,0.0
2024-10-17 05:30:00,0.0
2024-10-17 06:00:00,0.0
2024-10-17 06:30:00,0.0
2024-10-17 07:00:00,0.0
2024-10-17 07:30:00,0.0
2024-10-17 08:00:00,0.0
2024-10-17 08:30:00,0.0
2024-10-17 09:00:00,0.0
2024-10-17 09:30:00,0.0
2024-10-17 10:00:00,0.0
2024-10-17 10:30:00,0.0
2024-10-17 11:00:00,0.0
2024-10-17 11:30:00,0.0
2024-10-17 12:00:00,0.0
2024-10-17 12:30:00,0.0
2024-10-17 13:00:00,0.0
2024-10-17 13:30:00,0.0
2024-10-17 14:00:00,0.0
2024-10-17 14:30:00,0.0
2024-10-17 15:00:00,0.0
2024-10-17 15:30:00,0.0
2024-10-17 16:00:00,0.0
2024-10-17 16:30:00,0.0
2024-10-17 17:00:00,0.0
2024-10-17 17:30:00,0.0
2024-10-17 18:00:00,0.0
2024-10-17 18:30:00,0.0
2024-10-17 19:00:00,0.0
2024-10-17 19:30:00,0.0
2024-10-17 20:00:00,0.0
2024-10-17 20:30:00,0.0
2024-10-17 21:00:00,0.0
2024-10-17 21:30:00,0.0
2024-10-17 22:00:00,0.0
2024-10-17 22:30:00,0.0
2024-10-17 23:00:00,0.0
2024-10-17 23:30:00,0.0
2024-10-18 00:00:00,0.0
2024-10-18 00:30:00,0.0
2024-10-18 01:00:00,0.0
2024-10-18 01:30:00,0.0
2024-10-18 02:00:00,0.0
2024-10-18 02:30:00,0.0
2024-10-18 03:00:00,0.0
2024-10-18 03:30:00,0.0
2024-10-18 04:00:00,0.0
2024-10-18 04:30:00,0.0
2024-10-18 05:00:00,0.0
2024-10-18 05:30:00,0.0
2024-10-18 06:00:00,0.0
2024-10-18 06:30:00,0.0
2024-10-18 07:00:00,0.0
2024-10-18 07:30:00,0.0
2024-10-18 08:00:00,0.0
2024-10-18 08:30:00,0.0
2024-10-18 09:00:00,0.0
2024-10-18 09:30:00,0.0
2024-10-18 10:00:00,0.0
2024-10-18 10:30:00,0.0
2024-10-18 11:00:00,0.0
2024-10-18 11:30:00,0.0
2024-10-18 12:00:00,0.0
2024-10-18 12:30:00,0.0
2024-10-18 13:00:00,0.0
2024-10-18 13:30:00,0.0
2024-10-18 14:00:00,0.0
2024-10-18 14:30:00,0.0
2024-10-18 15:00:00,0.0
2024-10-18 15:30:00,0.0
2024-10-18 16:00:00,0.0
2024-10-18 16:30:00,0.0
2024-10-18 17:00:00,0.0
2024-10-18 17:30:00,0.0
2024-10-18 18:00:00,0.0
2024-10-18 18:30:00,0.0
2024-10-18 19:00:00,0.0
2024-10-18 19:30:00,0.0
2024-10-18 20:00:00,0.0
2024-10-18 20:30:00,0.0
2024-10-18 21:00:00,88.9833333333334
2024-10-18 21:30:00,44.5
2024-10-18 22:00:00,317.9833333333334
2024-10-18 22:30:00,198.5
2024-10-18 23:00:00,227.2
2024-10-18 23:30:00,24.85
2024-10-19 00:00:00,427.9833333333334
2024-10-19 00:30:00,154.4166666666666
2024-10-19 01:00:00,57.2166666666666
2024-10-19 01:30:00,425.0166666666666
2024-10-19 02:00:00,130.2333333333334
2024-10-19 02:30:00,91.91666666666666
2024-10-19 03:00:00,399.4333333333332
2024-10-19 03:30:00,75.11666666666673
2024-10-19 04:00:00,329.66666666666663
2024-10-19 04:30:00,139.33333333333326
2024-10-19 05:00:00,144.51666666666665
2024-10-19 05:30:00,86.38333333333325
2024-10-19 06:00:00,185.14999999999992
2024-10-19 06:30:00,125.7
2024-10-19 07:00:00,46.1
2024-10-19 07:30:00,49.31666666666666
2024-10-19 08:00:00,49.03333333333326
2024-10-19 08:30:00,48.333333333333286
2024-10-19 09:00:00,46.699999999999996
2024-10-19 09:30:00,41.18333333333342
2024-10-19 10:00:00,56.91666666666674
2024-10-19 10:30:00,0.0
2024-10-19 11:00:00,0.0
2024-10-19 11:30:00,0.0
2024-10-19 12:00:00,0.0
2024-10-19 12:30:00,0.0
2024-10-19 13:00:00,0.0
2024-10-19 13:30:00,0.0
2024-10-19 14:00:00,0.0
2024-10-19 14:30:00,0.0
2024-10-19 15:00:00,0.0
2024-10-19 15:30:00,0.0
2024-10-19 16:00:00,0.0
2024-10-19 16:30:00,0.0
2024-10-19 17:00:00,0.0
2024-10-19 17:30:00,0.0
2024-10-19 18:00:00,0.0
2024-10-19 18:30:00,0.0
2024-10-19 19:00:00,0.0
2024-10-19 19:30:00,0.0
2024-10-19 20:00:00,0.0
2024-10-19 20:30:00,0.0
2024-10-19 21:00:00,0.0
2024-10-19 21:30:00,0.0
2024-10-19 22:00:00,0.0
2024-10-19 22:30:00,0.0
2024-10-19 23:00:00,0.0
2024-10-19 23:30:00,0.0
2024-10-20 00:00:00,0.0
2024-10-20 00:30:00,0.0
2024-10-20 01:00:00,0.0
2024-10-20 01:30:00,0.0
2024-10-20 02:00:00,0.0
2024-10-20 02:30:00,0.0
2024-10-20 03:00:00,0.0
2024-10-20 03:30:00,0.0
2024-10-20 04:00:00,14.28333333333332
2024-10-20 04:30:00,19.01666666666668
2024-10-20 05:00:00,24.55
2024-10-20 05:30:00,27.15
2024-10-20 06:00:00,98.13333333333333
2024-10-20 06:30:00,122.11666666666655
2024-10-20 07:00:00,134.61666666666662
2024-10-20 07:30:00,130.6333333333332
2024-10-20 08:00:00,112.61666666666659
2024-10-20 08:30:00,55.51666666666666
2024-10-20 09:00:00,177.73333333333326
2024-10-20 09:30:00,295.7333333333332
2024-10-20 10:00:00,250.6166666666666
2024-10-20 10:30:00,296.4166666666668
2024-10-20 11:00:00,234.6833333333332
2024-10-20 11:30:00,279.73333333333323
2024-10-20 12:00:00,311.9
2024-10-20 12:30:00,307.2666666666666
2024-10-20 13:00:00,318.2666666666666
2024-10-20 13:30:00,306.0666666666666
2024-10-20 14:00:00,16.26666666666668
2024-10-20 14:30:00,41.13333333333332
2024-10-20 15:00:00,122.0666666666668
2024-10-20 15:30:00,92.78333333333333
2024-10-20 16:00:00,223.6333333333332
2024-10-20 16:30:00,122.5666666666664
2024-10-20 17:00:00,139.8166666666668
2024-10-20 17:30:00,265.45
2024-10-20 18:00:00,100.76666666666681
2024-10-20 18:30:00,348.8166666666668
2024-10-20 19:00:00,284.3666666666668
2024-10-20 19:30:00,406.2833333333332
2024-10-20 20:00:00,265.5000000000002
2024-10-20 20:30:00,64.88333333333333
2024-10-20 21:00:00,413.2499999999998
2024-10-20 21:30:00,27.11666666666666
2024-10-20 22:00:00,411.41666666666663
2024-10-20 22:30:00,27.11666666666666
2024-10-20 23:00:00,427.0
2024-10-20 23:30:00,56.91666666666666
2024-10-21 00:00:00,27.11666666666666
2024-10-21 00:30:00,56.349999999999994
2024-10-21 01:00:00,427.0
2024-10-21 01:30:00,79.48333333333332
2024-10-21 02:00:00,429.0166666666666
2024-10-21 02:30:00,237.4833333333334
2024-10-21 03:00:00,60.83333333333332
2024-10-21 03:30:00,429.9833333333334
2024-10-21 04:00:00,121.38333333333333
2024-10-21 04:30:00,429.0
2024-10-21 05:00:00,27.14999999999998
2024-10-21 05:30:00,71.44999999999993
2024-10-21 06:00:00,429.0166666666666
2024-10-21 06:30:00,216.25
2024-10-21 07:00:00,394.16666666666663
2024-10-21 07:30:00,104.55000000000001
2024-10-21 08:00:00,118.1666666666666
2024-10-21 08:30:00,118.1666666666666
2024-10-21 09:00:00,117.7333333333334
2024-10-21 09:30:00,117.7333333333334
2024-10-21 10:00:00,117.7333333333334
2024-10-21 10:30:00,117.7333333333334
2024-10-21 11:00:00,117.7333333333334
2024-10-21 11:30:00,117.7333333333334
2024-10-21 12:00:00,117.5166666666666
2024-10-21 12:30:00,117.5166666666666
2024-10-21 13:00:00,117.5333333333334
2024-10-21 13:30:00,117.7333333333334
2024-10-21 14:00:00,118.35
2024-10-21 14:30:00,118.35
2024-10-21 15:00:00,118.35
2024-10-21 15:30:00,118.35
2024-10-21 16:00:00,117.95
2024-10-21 16:30:00,151.25
2024-10-21 17:00:00,151.6666666666666
2024-10-21 17:30:00,151.65
2024-10-21 18:00:00,151.85
2024-10-21 18:30:00,151.65
2024-10-21 19:00:00,151.8333333333334
2024-10-21 19:30:00,151.65
2024-10-21 20:00:00,151.7
2024-10-21 20:30:00,151.6833333333334
2024-10-21 21:00:00,98.19999999999999
2024-10-21 21:30:00,148.96666666666658
2024-10-21 22:00:00,113.55
2024-10-21 22:30:00,114.77777777777783
2024-10-21 23:00:00,114.76111111111123
2024-10-21 23:30:00,114.26666666666661
2024-10-22 00:00:00,125.21666666666674
2024-10-22 00:30:00,124.10000000000007
2024-10-22 01:00:00,125.0
2024-10-22 01:30:00,124.46666666666674
2024-10-22 02:00:00,123.54999999999987
2024-10-22 02:30:00,123.8
2024-10-22 03:00:00,124.39999999999986
2024-10-22 03:30:00,154.7
2024-10-22 04:00:00,155.86666666666673
2024-10-22 04:30:00,156.50000000000006
2024-10-22 05:00:00,156.03333333333342
2024-10-22 05:30:00,156.15
2024-10-22 06:00:00,155.86666666666662
2024-10-22 06:30:00,155.85000000000002
2024-10-22 07:00:00,155.86666666666662
2024-10-22 07:30:00,155.85000000000002
2024-10-22 08:00:00,156.35
2024-10-22 08:30:00,156.3333333333334
2024-10-22 09:00:00,156.8166666666666
2024-10-22 09:30:00,156.61666666666662
2024-10-22 10:00:00,156.95
2024-10-22 10:30:00,156.7333333333334
2024-10-22 11:00:00,156.7333333333334
2024-10-22 11:30:00,156.5166666666666
2024-10-22 12:00:00,156.5166666666666
2024-10-22 12:30:00,156.3166666666666
2024-10-22 13:00:00,156.3166666666666
2024-10-22 13:30:00,156.3166666666666
2024-10-22 14:00:00,156.3166666666666
2024-10-22 14:30:00,156.3166666666666
2024-10-22 15:00:00,156.3166666666666
2024-10-22 15:30:00,156.3166666666666
2024-10-22 16:00:00,156.3166666666666
2024-10-22 16:30:00,156.3166666666666
2024-10-22 17:00:00,156.3166666666666
2024-10-22 17:30:00,156.3166666666666
2024-10-22 18:00:00,156.3333333333334
2024-10-22 18:30:00,156.3333333333334
2024-10-22 19:00:00,156.75000000000006
2024-10-22 19:30:00,234.9333333333334
2024-10-22 20:00:00,140.6833333333334
2024-10-22 20:30:00,177.4666666666668
2024-10-22 21:00:00,238.2333333333334
2024-10-22 21:30:00,108.74999999999986
2024-10-22 22:00:00,108.7666666666666
2024-10-22 22:30:00,105.83333333333326
2024-10-22 23:00:00,103.75
2024-10-22 23:30:00,100.8333333333334
2024-10-23 00:00:00,102.25000000000006
2024-10-23 00:30:00,90.74999999999986
2024-10-23 01:00:00,131.50000000000006
2024-10-23 01:30:00,163.53333333333342
2024-10-23 02:00:00,167.38333333333338
2024-10-23 02:30:00,168.85000000000002
2024-10-23 03:00:00,174.11666666666662
2024-10-23 03:30:00,174.2833333333332
2024-10-23 04:00:00,175.9666666666666
2024-10-23 04:30:00,175.95000000000002
2024-10-23 05:00:00,175.6833333333334
2024-10-23 05:30:00,175.6833333333334
2024-10-23 06:00:00,175.6833333333334
2024-10-23 06:30:00,175.6833333333334
2024-10-23 07:00:00,175.6833333333334
2024-10-23 07:30:00,175.6833333333334
2024-10-23 08:00:00,182.4833333333334
2024-10-23 08:30:00,185.9166666666666
2024-10-23 09:00:00,203.0
2024-10-23 09:30:00,202.9833333333334
2024-10-23 10:00:00,203.36666666666662
2024-10-23 10:30:00,422.9
2024-10-23 11:00:00,153.35000000000008
2024-10-23 11:30:00,203.58333333333326
2024-10-23 12:00:00,168.28333333333325
2024-10-23 12:30:00,132.5333333333334
2024-10-23 13:00:00,148.02222222222215
2024-10-23 13:30:00,113.42222222222216
2024-10-23 14:00:00,78.75555555555549
2024-10-23 14:30:00,169.81666666666666
2024-10-23 15:00:00,272.05555555555554
2024-10-23 15:30:00,160.2666666666666
2024-10-23 16:00:00,218.16666666666674
2024-10-23 16:30:00,105.52777777777771
2024-10-23 17:00:00,276.9222222222222
2024-10-23 17:30:00,182.63888888888894
2024-10-23 18:00:00,227.87777777777794
2024-10-23 18:30:00,192.68888888888887
2024-10-23 19:00:00,285.2777777777778
2024-10-23 19:30:00,246.35000000000002
2024-10-23 20:00:00,215.04999999999978
2024-10-23 20:30:00,100.41666666666666
2024-10-23 21:00:00,189.33333333333326
2024-10-23 21:30:00,262.25
2024-10-23 22:00:00,225.1
2024-10-23 22:30:00,229.9999999999998
2024-10-23 23:00:00,157.51666666666665
2024-10-23 23:30:00,157.86666666666667
2024-10-24 00:00:00,159.98333333333326
2024-10-24 00:30:00,158.44444444444434
2024-10-24 01:00:00,263.6555555555558
2024-10-24 01:30:00,274.7833333333336
2024-10-24 02:00:00,274.9
2024-10-24 02:30:00,256.4333333333334
2024-10-24 03:00:00,241.9666666666666
2024-10-24 03:30:00,226.01666666666665
2024-10-24 04:00:00,209.44444444444446
2024-10-24 04:30:00,316.43888888888875
2024-10-24 05:00:00,303.11666666666656
2024-10-24 05:30:00,287.9666666666668
2024-10-24 06:00:00,271.9166666666668
2024-10-24 06:30:00,253.0666666666666
2024-10-24 07:00:00,236.1833333333334
2024-10-24 07:30:00,218.30000000000007
2024-10-24 08:00:00,355.9833333333334
2024-10-24 08:30:00,271.7
2024-10-24 09:00:00,253.2
2024-10-24 09:30:00,273.0333333333334
2024-10-24 10:00:00,250.28333333333342
2024-10-24 10:30:00,231.4333333333334
2024-10-24 11:00:00,319.9833333333334
2024-10-24 11:30:00,237.20000000000005
2024-10-24 12:00:00,261.5
2024-10-24 12:30:00,270.88333333333344
2024-10-24 13:00:00,315.5666666666666
2024-10-24 13:30:00,315.5666666666666
2024-10-24 14:00:00,240.6
2024-10-24 14:30:00,225.2333333333334
2024-10-24 15:00:00,223.6
2024-10-24 15:30:00,223.5833333333334
2024-10-24 16:00:00,222.83333333333343
2024-10-24 16:30:00,220.75
2024-10-24 17:00:00,219.03333333333342
2024-10-24 17:30:00,217.6666666666666
2024-10-24 18:00:00,213.95
2024-10-24 18:30:00,206.6833333333332
2024-10-24 19:00:00,186.9333333333334
2024-10-24 19:30:00,220.6166666666668
2024-10-24 20:00:00,214.2666666666668
2024-10-24 20:30:00,204.4166666666666
2024-10-24 21:00:00,200.19999999999982
2024-10-24 21:30:00,189.4166666666664
2024-10-24 22:00:00,177.3166666666666
2024-10-24 22:30:00,160.1833333333332
2024-10-24 23:00:00,135.2166666666668
2024-10-24 23:30:00,98.4
2024-10-25 00:00:00,22.98333333333334
2024-10-25 00:30:00,0.0
2024-10-25 01:00:00,0.0
2024-10-25 01:30:00,0.0
2024-10-25 02:00:00,0.0
2024-10-25 02:30:00,0.0
2024-10-25 03:00:00,0.0
2024-10-25 03:30:00,0.0
2024-10-25 04:00:00,0.0
2024-10-25 04:30:00,0.0
2024-10-25 05:00:00,0.0
2024-10-25 05:30:00,0.0
2024-10-25 06:00:00,0.0
2024-10-25 06:30:00,0.0
2024-10-25 07:00:00,0.0
2024-10-25 07:30:00,0.0
2024-10-25 08:00:00,0.0
2024-10-25 08:30:00,0.0
2024-10-25 09:00:00,0.0
2024-10-25 09:30:00,0.0
2024-10-25 10:00:00,0.0
2024-10-25 10:30:00,0.0
2024-10-25 11:00:00,0.0
2024-10-25 11:30:00,0.0
2024-10-25 12:00:00,0.0
2024-10-25 12:30:00,0.0
2024-10-25 13:00:00,0.0
2024-10-25 13:30:00,0.0
2024-10-25 14:00:00,0.0
2024-10-25 14:30:00,0.0
2024-10-25 15:00:00,0.0
2024-10-25 15:30:00,0.0
2024-10-25 16:00:00,0.0
2024-10-25 16:30:00,0.0
2024-10-25 17:00:00,0.0
2024-10-25 17:30:00,0.0
2024-10-25 18:00:00,0.0
2024-10-25 18:30:00,0.0
2024-10-25 19:00:00,0.0
2024-10-25 19:30:00,0.0
2024-10-25 20:00:00,0.0
2024-10-25 20:30:00,0.0
2024-10-25 21:00:00,0.0
2024-10-25 21:30:00,0.0
2024-10-25 22:00:00,0.0
2024-10-25 22:30:00,0.0
2024-10-25 23:00:00,0.0
2024-10-25 23:30:00,0.0
2024-10-26 00:00:00,0.0
2024-10-26 00:30:00,0.0
2024-10-26 01:00:00,0.0
2024-10-26 01:30:00,0.0
2024-10-26 02:00:00,0.0
2024-10-26 02:30:00,0.0
2024-10-26 03:00:00,0.0
2024-10-26 03:30:00,0.0
2024-10-26 04:00:00,0.0
2024-10-26 04:30:00,0.0
2024-10-26 05:00:00,60.3833333333334
2024-10-26 05:30:00,56.3666666666666
2024-10-26 06:00:00,134.2666666666668
2024-10-26 06:30:00,137.4
2024-10-26 07:00:00,137.53333333333322
2024-10-26 07:30:00,140.55
2024-10-26 08:00:00,141.6
2024-10-26 08:30:00,146.9833333333334
2024-10-26 09:00:00,153.7333333333334
2024-10-26 09:30:00,152.9166666666668
2024-10-26 10:00:00,151.3999999999998
2024-10-26 10:30:00,152.1333333333332
2024-10-26 11:00:00,153.28333333333322
2024-10-26 11:30:00,153.6499999999998
2024-10-26 12:00:00,154.4166666666668
2024-10-26 12:30:00,154.0
2024-10-26 13:00:00,165.0999999999998
2024-10-26 13:30:00,209.4833333333334
2024-10-26 14:00:00,210.45
2024-10-26 14:30:00,211.9666666666666
2024-10-26 15:00:00,214.0
2024-10-26 15:30:00,214.2333333333332
2024-10-26 16:00:00,211.6333333333332
2024-10-26 16:30:00,199.5
2024-10-26 17:00:00,183.3666666666668
2024-10-26 17:30:00,142.9166666666666
2024-10-26 18:00:00,118.0166666666668
2024-10-26 18:30:00,18.38333333333334
2024-10-26 19:00:00,14.26666666666666
2024-10-26 19:30:00,72.63333333333334
2024-10-26 20:00:00,63.06666666666674
2024-10-26 20:30:00,75.33333333333329
2024-10-26 21:00:00,89.73333333333339
2024-10-26 21:30:00,99.16666666666669
2024-10-26 22:00:00,68.1
2024-10-26 22:30:00,122.7333333333332
2024-10-26 23:00:00,121.44999999999999
2024-10-26 23:30:00,100.64999999999995
2024-10-27 00:00:00,134.3333333333332
2024-10-27 00:30:00,152.3000000000002
2024-10-27 01:00:00,154.9333333333332
2024-10-27 01:30:00,163.3166666666664
2024-10-27 02:00:00,169.1833333333334
2024-10-27 02:30:00,172.5333333333332
2024-10-27 03:00:00,172.9333333333334
2024-10-27 03:30:00,175.8333333333334
2024-10-27 04:00:00,178.3666666666666
2024-10-27 04:30:00,119.98333333333339
2024-10-27 05:00:00,132.03333333333325
2024-10-27 05:30:00,141.5333333333332
2024-10-27 06:00:00,152.2666666666668
2024-10-27 06:30:00,134.45000000000005
2024-10-27 07:00:00,154.95
2024-10-27 07:30:00,155.3166666666666
2024-10-27 08:00:00,158.0
2024-10-27 08:30:00,158.0
2024-10-27 09:00:00,157.9833333333334
2024-10-27 09:30:00,155.9833333333334
2024-10-27 10:00:00,155.63333333333338
2024-10-27 10:30:00,155.63333333333338
2024-10-27 11:00:00,155.63333333333338
2024-10-27 11:30:00,155.63333333333338
2024-10-27 12:00:00,156.21666666666658
2024-10-27 12:30:00,166.7166666666666
2024-10-27 13:00:00,165.9333333333334
2024-10-27 13:30:00,163.2833333333334
2024-10-27 14:00:00,162.7499999999998
2024-10-27 14:30:00,159.7333333333334
2024-10-27 15:00:00,159.7333333333334
2024-10-27 15:30:00,155.3166666666666
2024-10-27 16:00:00,150.8
2024-10-27 16:30:00,142.8333333333334
2024-10-27 17:00:00,132.4166666666666
2024-10-27 17:30:00,115.0333333333334
2024-10-27 18:00:00,99.44999999999999
2024-10-27 18:30:00,109.4000000000002
2024-10-27 19:00:00,0.0
2024-10-27 19:30:00,0.0
2024-10-27 20:00:00,0.0
2024-10-27 20:30:00,0.0
2024-10-27 21:00:00,0.0
2024-10-27 21:30:00,0.0
2024-10-27 22:00:00,0.0
2024-10-27 22:30:00,0.0
2024-10-27 23:00:00,0.0
2024-10-27 23:30:00,0.0
2024-10-28 00:00:00,0.0
2024-10-28 00:30:00,0.0
2024-10-28 01:00:00,0.0
2024-10-28 01:30:00,0.0
2024-10-28 02:00:00,0.0
2024-10-28 02:30:00,0.0
2024-10-28 03:00:00,0.0
2024-10-28 03:30:00,0.0
2024-10-28 04:00:00,0.0
2024-10-28 04:30:00,0.0
2024-10-28 05:00:00,0.0
2024-10-28 05:30:00,0.0
2024-10-28 06:00:00,0.0
2024-10-28 06:30:00,0.0
2024-10-28 07:00:00,0.0
2024-10-28 07:30:00,0.0
2024-10-28 08:00:00,0.0
2024-10-28 08:30:00,0.0
2024-10-28 09:00:00,0.0
2024-10-28 09:30:00,0.0
2024-10-28 10:00:00,0.0
2024-10-28 10:30:00,0.0
2024-10-28 11:00:00,0.0
2024-10-28 11:30:00,0.0
2024-10-28 12:00:00,0.0
2024-10-28 12:30:00,0.0
2024-10-28 13:00:00,0.0
2024-10-28 13:30:00,0.0
2024-10-28 14:00:00,0.0
2024-10-28 14:30:00,0.0
2024-10-28 15:00:00,0.0
2024-10-28 15:30:00,0.0
2024-10-28 16:00:00,0.0
2024-10-28 16:30:00,0.0
2024-10-28 17:00:00,0.0
2024-10-28 17:30:00,0.0
2024-10-28 18:00:00,0.0
2024-10-28 18:30:00,0.0
2024-10-28 19:00:00,0.0
2024-10-28 19:30:00,0.0
2024-10-28 20:00:00,0.0
2024-10-28 20:30:00,0.0
2024-10-28 21:00:00,0.0
2024-10-28 21:30:00,0.0
2024-10-28 22:00:00,0.0
2024-10-28 22:30:00,0.0
2024-10-28 23:00:00,0.0
2024-10-28 23:30:00,0.0
2024-10-29 00:00:00,0.0
2024-10-29 00:30:00,0.0
2024-10-29 01:00:00,0.0
2024-10-29 01:30:00,0.0
2024-10-29 02:00:00,0.0
2024-10-29 02:30:00,0.0
2024-10-29 03:00:00,0.0
2024-10-29 03:30:00,0.0
2024-10-29 04:00:00,0.0
2024-10-29 04:30:00,0.0
2024-10-29 05:00:00,0.0
2024-10-29 05:30:00,0.0
2024-10-29 06:00:00,0.0
2024-10-29 06:30:00,0.0
2024-10-29 07:00:00,0.0
2024-10-29 07:30:00,0.0
2024-10-29 08:00:00,0.0
2024-10-29 08:30:00,0.0
2024-10-29 09:00:00,0.0
2024-10-29 09:30:00,0.0
2024-10-29 10:00:00,22.8666666666666
2024-10-29 10:30:00,242.31666666666675
2024-10-29 11:00:00,242.99999999999994
2024-10-29 11:30:00,250.43333333333354
2024-10-29 12:00:00,253.25
2024-10-29 12:30:00,253.13333333333335
2024-10-29 13:00:00,251.34999999999988
2024-10-29 13:30:00,251.2333333333332
2024-10-29 14:00:00,252.28333333333333
2024-10-29 14:30:00,252.3
2024-10-29 15:00:00,190.91666666666674
2024-10-29 15:30:00,244.8666666666668
2024-10-29 16:00:00,22.13333333333334
2024-10-29 16:30:00,173.2333333333334
2024-10-29 17:00:00,38.05000000000006
2024-10-29 17:30:00,0.0
2024-10-29 18:00:00,0.0
2024-10-29 18:30:00,0.0
2024-10-29 19:00:00,0.0
2024-10-29 19:30:00,0.0
2024-10-29 20:00:00,0.0
2024-10-29 20:30:00,0.0
2024-10-29 21:00:00,0.0
2024-10-29 21:30:00,0.0
2024-10-29 22:00:00,0.0
2024-10-29 22:30:00,0.0
2024-10-29 23:00:00,0.0
2024-10-29 23:30:00,0.0
2024-10-30 00:00:00,0.0
2024-10-30 00:30:00,0.0
2024-10-30 01:00:00,0.0
2024-10-30 01:30:00,0.0
2024-10-30 02:00:00,4.23333333333334
2024-10-30 02:30:00,83.2833333333334
2024-10-30 03:00:00,0.716666666666666
2024-10-30 03:30:00,0.0
2024-10-30 04:00:00,0.0
2024-10-30 04:30:00,0.0
2024-10-30 05:00:00,0.0
2024-10-30 05:30:00,0.0
2024-10-30 06:00:00,0.0
2024-10-30 06:30:00,46.6166666666666
2024-10-30 07:00:00,44.7666666666666
2024-10-30 07:30:00,38.2666666666666
2024-10-30 08:00:00,0.0
2024-10-30 08:30:00,0.0
2024-10-30 09:00:00,0.0
2024-10-30 09:30:00,0.0
2024-10-30 10:00:00,0.0
2024-10-30 10:30:00,0.0
2024-10-30 11:00:00,0.0
2024-10-30 11:30:00,0.0
2024-10-30 12:00:00,0.0
2024-10-30 12:30:00,0.0
2024-10-30 13:00:00,0.0
2024-10-30 13:30:00,0.0
2024-10-30 14:00:00,0.0
2024-10-30 14:30:00,0.0
2024-10-30 15:00:00,0.0
2024-10-30 15:30:00,0.0
2024-10-30 16:00:00,0.0
2024-10-30 16:30:00,0.0
2024-10-30 17:00:00,159.2999999999998
2024-10-30 17:30:00,176.8333333333334
2024-10-30 18:00:00,36.85
2024-10-30 18:30:00,41.466666666666654
2024-10-30 19:00:00,44.14999999999998
2024-10-30 19:30:00,69.90000000000006
2024-10-30 20:00:00,74.10000000000005
2024-10-30 20:30:00,76.16666666666674
2024-10-30 21:00:00,77.61666666666666
2024-10-30 21:30:00,88.93333333333334
2024-10-30 22:00:00,95.78333333333333
2024-10-30 22:30:00,96.15000000000006
2024-10-30 23:00:00,96.41666666666666
2024-10-30 23:30:00,96.41666666666666
2024-10-31 00:00:00,96.41666666666666
2024-10-31 00:30:00,96.41666666666666
2024-10-31 01:00:00,96.76666666666665
2024-10-31 01:30:00,104.16666666666666
2024-10-31 02:00:00,102.90000000000006
2024-10-31 02:30:00,96.3083333333334
2024-10-31 03:00:00,91.35000000000007
2024-10-31 03:30:00,114.45000000000006
2024-10-31 04:00:00,119.35000000000005
2024-10-31 04:30:00,129.25000000000006
2024-10-31 05:00:00,149.71666666666667
2024-10-31 05:30:00,110.11666666666666
2024-10-31 06:00:00,120.01666666666665
2024-10-31 06:30:00,126.61666666666666
2024-10-31 07:00:00,84.41666666666666
2024-10-31 07:30:00,128.63333333333333
2024-10-31 08:00:00,55.533333333333324
2024-10-31 08:30:00,55.533333333333324
2024-10-31 09:00:00,55.533333333333324
2024-10-31 09:30:00,55.533333333333324
2024-10-31 10:00:00,55.533333333333324
2024-10-31 10:30:00,55.533333333333324
2024-10-31 11:00:00,55.533333333333324
2024-10-31 11:30:00,55.533333333333324
2024-10-31 12:00:00,55.300000000000004
2024-10-31 12:30:00,55.300000000000004
2024-10-31 13:00:00,55.18333333333332
2024-10-31 13:30:00,55.18333333333332
2024-10-31 14:00:00,55.18333333333332
2024-10-31 14:30:00,55.18333333333332
2024-10-31 15:00:00,55.300000000000004
2024-10-31 15:30:00,55.300000000000004
2024-10-31 16:00:00,55.300000000000004
2024-10-31 16:30:00,55.300000000000004
2024-10-31 17:00:00,55.300000000000004
2024-10-31 17:30:00,101.80000000000001
2024-10-31 18:00:00,97.30000000000001
2024-10-31 18:30:00,64.30000000000001
2024-10-31 19:00:00,106.09999999999987
2024-10-31 19:30:00,125.41666666666666
2024-10-31 20:00:00,120.16111111111111
2024-10-31 20:30:00,118.37777777777785
2024-10-31 21:00:00,117.82777777777773
2024-10-31 21:30:00,120.06666666666666
2024-10-31 22:00:00,122.30000000000013
2024-10-31 22:30:00,123.76666666666668
2024-10-31 23:00:00,124.08333333333327
2024-10-31 23:30:00,124.36666666666662
2024-11-01 00:00:00,125.11666666666666
2024-11-01 00:30:00,125.10000000000001
2024-11-01 01:00:00,125.11666666666666
2024-11-01 01:30:00,125.10000000000001
2024-11-01 02:00:00,126.48333333333326
2024-11-01 02:30:00,126.48333333333326
2024-11-01 03:00:00,125.11666666666666
2024-11-01 03:30:00,125.10000000000001
2024-11-01 04:00:00,125.11666666666666
2024-11-01 04:30:00,125.10000000000001
2024-11-01 05:00:00,125.11666666666666
2024-11-01 05:30:00,125.10000000000001
2024-11-01 06:00:00,122.83333333333333
2024-11-01 06:30:00,122.93333333333332
2024-11-01 07:00:00,124.62777777777771
2024-11-01 07:30:00,99.4222222222223
2024-11-01 08:00:00,70.39999999999993
2024-11-01 08:30:00,218.7944444444444
2024-11-01 09:00:00,2.35555555555556
2024-11-01 09:30:00,0.0
2024-11-01 10:00:00,0.0
2024-11-01 10:30:00,0.0
2024-11-01 11:00:00,0.0
2024-11-01 11:30:00,0.0
2024-11-01 12:00:00,0.0
2024-11-01 12:30:00,0.0
2024-11-01 13:00:00,0.0
2024-11-01 13:30:00,0.0
2024-11-01 14:00:00,0.0
2024-11-01 14:30:00,0.0
2024-11-01 15:00:00,0.0
2024-11-01 15:30:00,0.0
2024-11-01 16:00:00,0.0
2024-11-01 16:30:00,0.0
2024-11-01 17:00:00,0.0
2024-11-01 17:30:00,0.0
2024-11-01 18:00:00,0.0
2024-11-01 18:30:00,0.0
2024-11-01 19:00:00,0.0
2024-11-01 19:30:00,0.0
2024-11-01 20:00:00,0.0
2024-11-01 20:30:00,0.0
2024-11-01 21:00:00,0.0
2024-11-01 21:30:00,0.0
2024-11-01 22:00:00,0.0
2024-11-01 22:30:00,0.0
2024-11-01 23:00:00,0.0
2024-11-01 23:30:00,0.0
2024-11-02 00:00:00,0.0
2024-11-02 00:30:00,0.0
2024-11-02 01:00:00,0.0
2024-11-02 01:30:00,0.0
2024-11-02 02:00:00,0.0
2024-11-02 02:30:00,0.0
2024-11-02 03:00:00,0.0
2024-11-02 03:30:00,0.0
2024-11-02 04:00:00,0.0
2024-11-02 04:30:00,26.63333333333332
2024-11-02 05:00:00,39.45
2024-11-02 05:30:00,56.616666666666674
2024-11-02 06:00:00,75.90000000000006
2024-11-02 06:30:00,52.81666666666668
2024-11-02 07:00:00,0.0
2024-11-02 07:30:00,0.0
2024-11-02 08:00:00,0.0
2024-11-02 08:30:00,0.0
2024-11-02 09:00:00,0.0
2024-11-02 09:30:00,0.0
2024-11-02 10:00:00,0.0
2024-11-02 10:30:00,0.0
2024-11-02 11:00:00,0.0
2024-11-02 11:30:00,113.98333333333326
2024-11-02 12:00:00,134.90833333333342
2024-11-02 12:30:00,177.4500000000002
2024-11-02 13:00:00,179.9833333333334
2024-11-02 13:30:00,181.7
2024-11-02 14:00:00,181.9
2024-11-02 14:30:00,181.9000000000002
2024-11-02 15:00:00,58.383333333333404
2024-11-02 15:30:00,299.1333333333334
2024-11-02 16:00:00,192.13333333333327
2024-11-02 16:30:00,226.2
2024-11-02 17:00:00,193.0
2024-11-02 17:30:00,94.8333333333334
2024-11-02 18:00:00,3.16666666666666
2024-11-02 18:30:00,0.0
2024-11-02 19:00:00,0.0
2024-11-02 19:30:00,0.0
2024-11-02 20:00:00,46.46666666666668
2024-11-02 20:30:00,106.7333333333332
2024-11-02 21:00:00,180.3333333333332
2024-11-02 21:30:00,86.4666666666668
2024-11-02 22:00:00,0.0
2024-11-02 22:30:00,13.95
2024-11-02 23:00:00,57.60000000000006
2024-11-02 23:30:00,39.36666666666666
2024-11-03 00:00:00,101.3333333333334
2024-11-03 00:30:00,101.3333333333334
2024-11-03 01:00:00,101.3333333333334
2024-11-03 01:30:00,101.3333333333334
2024-11-03 02:00:00,121.1333333333334
2024-11-03 02:30:00,127.0
2024-11-03 03:00:00,45.66666666666666
2024-11-03 03:30:00,19.0
2024-11-03 04:00:00,0.0
2024-11-03 04:30:00,0.0
2024-11-03 05:00:00,0.0
2024-11-03 05:30:00,0.0
2024-11-03 06:00:00,0.0
2024-11-03 06:30:00,0.0
2024-11-03 07:00:00,0.0
2024-11-03 07:30:00,0.0
2024-11-03 08:00:00,0.0
2024-11-03 08:30:00,0.0
2024-11-03 09:00:00,0.0
2024-11-03 09:30:00,0.0
2024-11-03 10:00:00,0.0
2024-11-03 10:30:00,0.0
2024-11-03 11:00:00,0.0
2024-11-03 11:30:00,0.0
2024-11-03 12:00:00,0.0
2024-11-03 12:30:00,0.0
2024-11-03 13:00:00,0.0
2024-11-03 13:30:00,0.0
2024-11-03 14:00:00,0.0
2024-11-03 14:30:00,0.0
2024-11-03 15:00:00,0.0
2024-11-03 15:30:00,0.0
2024-11-03 16:00:00,0.0
2024-11-03 16:30:00,0.0
2024-11-03 17:00:00,0.0
2024-11-03 17:30:00,0.0
2024-11-03 18:00:00,0.0
2024-11-03 18:30:00,0.0
2024-11-03 19:00:00,0.0
2024-11-03 19:30:00,0.0
2024-11-03 20:00:00,0.0
2024-11-03 20:30:00,0.0
2024-11-03 21:00:00,0.0
2024-11-03 21:30:00,0.0
2024-11-03 22:00:00,0.0
2024-11-03 22:30:00,0.0
2024-11-03 23:00:00,0.0
2024-11-03 23:30:00,0.0
2024-11-04 00:00:00,0.0
2024-11-04 00:30:00,0.0
2024-11-04 01:00:00,0.0
2024-11-04 01:30:00,0.0
2024-11-04 02:00:00,0.0
2024-11-04 02:30:00,0.0
2024-11-04 03:00:00,0.0
2024-11-04 03:30:00,0.0
2024-11-04 04:00:00,0.0
2024-11-04 04:30:00,0.0
2024-11-04 05:00:00,0.0
2024-11-04 05:30:00,0.0
2024-11-04 06:00:00,0.0
2024-11-04 06:30:00,0.0
2024-11-04 07:00:00,0.0
2024-11-04 07:30:00,0.0
2024-11-04 08:00:00,0.0
2024-11-04 08:30:00,0.0
2024-11-04 09:00:00,0.0
2024-11-04 09:30:00,0.0
2024-11-04 10:00:00,0.0
2024-11-04 10:30:00,0.0
2024-11-04 11:00:00,0.0
2024-11-04 11:30:00,0.0
2024-11-04 12:00:00,0.0
2024-11-04 12:30:00,0.0
2024-11-04 13:00:00,0.0
2024-11-04 13:30:00,0.0
2024-11-04 14:00:00,0.0
2024-11-04 14:30:00,0.0
2024-11-04 15:00:00,0.0
2024-11-04 15:30:00,0.0
2024-11-04 16:00:00,0.0
2024-11-04 16:30:00,0.0
2024-11-04 17:00:00,0.0
2024-11-04 17:30:00,0.0
2024-11-04 18:00:00,0.0
2024-11-04 18:30:00,0.0
2024-11-04 19:00:00,0.0
2024-11-04 19:30:00,0.0
2024-11-04 20:00:00,0.0
2024-11-04 20:30:00,0.0
2024-11-04 21:00:00,0.0
2024-11-04 21:30:00,0.0
2024-11-04 22:00:00,0.0
2024-11-04 22:30:00,0.0
2024-11-04 23:00:00,0.0
2024-11-04 23:30:00,0.0
2024-11-05 00:00:00,0.0
2024-11-05 00:30:00,0.0
2024-11-05 01:00:00,0.0
2024-11-05 01:30:00,0.0
2024-11-05 02:00:00,0.0
2024-11-05 02:30:00,0.0
2024-11-05 03:00:00,0.0
2024-11-05 03:30:00,0.0
2024-11-05 04:00:00,0.0
2024-11-05 04:30:00,0.0
2024-11-05 05:00:00,0.0
2024-11-05 05:30:00,0.0
2024-11-05 06:00:00,0.0
2024-11-05 06:30:00,0.0
2024-11-05 07:00:00,0.0
2024-11-05 07:30:00,0.0
2024-11-05 08:00:00,0.0
2024-11-05 08:30:00,0.0
2024-11-05 09:00:00,0.0
2024-11-05 09:30:00,0.0
2024-11-05 10:00:00,0.0
2024-11-05 10:30:00,0.0
2024-11-05 11:00:00,0.0
2024-11-05 11:30:00,0.0
2024-11-05 12:00:00,0.0
2024-11-05 12:30:00,0.0
2024-11-05 13:00:00,0.0
2024-11-05 13:30:00,0.0
2024-11-05 14:00:00,0.0
2024-11-05 14:30:00,0.0
2024-11-05 15:00:00,0.0
2024-11-05 15:30:00,0.0
2024-11-05 16:00:00,0.0
2024-11-05 16:30:00,0.0
2024-11-05 17:00:00,0.0
2024-11-05 17:30:00,0.0
2024-11-05 18:00:00,0.0
2024-11-05 18:30:00,0.0
2024-11-05 19:00:00,0.0
2024-11-05 19:30:00,0.0
2024-11-05 20:00:00,0.0
2024-11-05 20:30:00,0.0
2024-11-05 21:00:00,0.0
2024-11-05 21:30:00,0.0
2024-11-05 22:00:00,0.0
2024-11-05 22:30:00,0.0
2024-11-05 23:00:00,0.0
2024-11-05 23:30:00,0.0
2024-11-06 00:00:00,0.0
2024-11-06 00:30:00,0.0
2024-11-06 01:00:00,0.0
2024-11-06 01:30:00,0.0
2024-11-06 02:00:00,0.0
2024-11-06 02:30:00,0.0
2024-11-06 03:00:00,0.0
2024-11-06 03:30:00,0.0
2024-11-06 04:00:00,0.0
2024-11-06 04:30:00,0.0
2024-11-06 05:00:00,0.0
2024-11-06 05:30:00,0.0
2024-11-06 06:00:00,0.0
2024-11-06 06:30:00,0.0
2024-11-06 07:00:00,0.0
2024-11-06 07:30:00,0.0
2024-11-06 08:00:00,0.0
2024-11-06 08:30:00,0.0
2024-11-06 09:00:00,0.0
2024-11-06 09:30:00,0.0
2024-11-06 10:00:00,0.0
2024-11-06 10:30:00,0.0
2024-11-06 11:00:00,0.0
2024-11-06 11:30:00,0.0
2024-11-06 12:00:00,0.0
2024-11-06 12:30:00,0.0
2024-11-06 13:00:00,0.0
2024-11-06 13:30:00,0.0
2024-11-06 14:00:00,0.0
2024-11-06 14:30:00,0.0
2024-11-06 15:00:00,0.0
2024-11-06 15:30:00,0.0
2024-11-06 16:00:00,0.0
2024-11-06 16:30:00,0.0
2024-11-06 17:00:00,0.0
2024-11-06 17:30:00,0.0
2024-11-06 18:00:00,0.0
2024-11-06 18:30:00,0.0
2024-11-06 19:00:00,0.0
2024-11-06 19:30:00,0.0
2024-11-06 20:00:00,0.0
2024-11-06 20:30:00,0.0
2024-11-06 21:00:00,0.0
2024-11-06 21:30:00,0.0
2024-11-06 22:00:00,0.0
2024-11-06 22:30:00,0.0
2024-11-06 23:00:00,0.0
2024-11-06 23:30:00,0.0
2024-11-07 00:00:00,0.0
2024-11-07 00:30:00,0.0
2024-11-07 01:00:00,0.0
2024-11-07 01:30:00,0.0
2024-11-07 02:00:00,0.0
2024-11-07 02:30:00,0.0
2024-11-07 03:00:00,0.0
2024-11-07 03:30:00,0.0
2024-11-07 04:00:00,0.0
2024-11-07 04:30:00,0.0
2024-11-07 05:00:00,0.0
2024-11-07 05:30:00,0.0
2024-11-07 06:00:00,0.0
2024-11-07 06:30:00,0.0
2024-11-07 07:00:00,0.0
2024-11-07 07:30:00,0.0
2024-11-07 08:00:00,0.0
2024-11-07 08:30:00,0.0
2024-11-07 09:00:00,0.0
2024-11-07 09:30:00,0.0
2024-11-07 10:00:00,0.0
2024-11-07 10:30:00,0.0
2024-11-07 11:00:00,0.0
2024-11-07 11:30:00,16.68333333333334
2024-11-07 12:00:00,22.23333333333332
2024-11-07 12:30:00,18.841666666666665
2024-11-07 13:00:00,69.30833333333334
2024-11-07 13:30:00,42.2666666666666
2024-11-07 14:00:00,45.20000000000013
2024-11-07 14:30:00,34.70833333333341
2024-11-07 15:00:00,52.76666666666674
2024-11-07 15:30:00,55.95833333333327
2024-11-07 16:00:00,164.2416666666668
2024-11-07 16:30:00,1.416666666666668
2024-11-07 17:00:00,0.0
2024-11-07 17:30:00,0.0
2024-11-07 18:00:00,0.0
2024-11-07 18:30:00,0.0
2024-11-07 19:00:00,0.0
2024-11-07 19:30:00,0.0
2024-11-07 20:00:00,0.0
2024-11-07 20:30:00,0.0
2024-11-07 21:00:00,0.0
2024-11-07 21:30:00,0.0
2024-11-07 22:00:00,0.0
2024-11-07 22:30:00,0.0
2024-11-07 23:00:00,0.0
2024-11-07 23:30:00,0.0
2024-11-08 00:00:00,0.0
2024-11-08 00:30:00,0.0
2024-11-08 01:00:00,0.0
2024-11-08 01:30:00,0.0
2024-11-08 02:00:00,0.0
2024-11-08 02:30:00,0.0
2024-11-08 03:00:00,0.0
2024-11-08 03:30:00,0.0
2024-11-08 04:00:00,0.0
2024-11-08 04:30:00,0.0
2024-11-08 05:00:00,0.0
2024-11-08 05:30:00,0.0
2024-11-08 06:00:00,0.0
2024-11-08 06:30:00,0.0
2024-11-08 07:00:00,0.0
2024-11-08 07:30:00,0.0
2024-11-08 08:00:00,0.0
2024-11-08 08:30:00,0.0
2024-11-08 09:00:00,0.0
2024-11-08 09:30:00,0.0
2024-11-08 10:00:00,0.0
2024-11-08 10:30:00,0.0
2024-11-08 11:00:00,0.0
2024-11-08 11:30:00,0.0
2024-11-08 12:00:00,0.0
2024-11-08 12:30:00,0.0
2024-11-08 13:00:00,0.0
2024-11-08 13:30:00,0.0
2024-11-08 14:00:00,0.0
2024-11-08 14:30:00,0.0
2024-11-08 15:00:00,0.0
2024-11-08 15:30:00,0.0
2024-11-08 16:00:00,0.0
2024-11-08 16:30:00,0.0
2024-11-08 17:00:00,0.0
2024-11-08 17:30:00,0.0
2024-11-08 18:00:00,0.0
2024-11-08 18:30:00,0.0
2024-11-08 19:00:00,0.0
2024-11-08 19:30:00,13.233333333333325
2024-11-08 20:00:00,47.71666666666666
2024-11-08 20:30:00,47.13333333333326
2024-11-08 21:00:00,60.75
2024-11-08 21:30:00,2.06666666666666
2024-11-08 22:00:00,6.61666666666666
2024-11-08 22:30:00,36.75
2024-11-08 23:00:00,0.0
2024-11-08 23:30:00,0.0
2024-11-09 00:00:00,0.0
2024-11-09 00:30:00,0.0
2024-11-09 01:00:00,0.0
2024-11-09 01:30:00,0.0
2024-11-09 02:00:00,0.0
2024-11-09 02:30:00,0.0
2024-11-09 03:00:00,0.0
2024-11-09 03:30:00,0.0
2024-11-09 04:00:00,0.0
2024-11-09 04:30:00,0.0
2024-11-09 05:00:00,0.0
2024-11-09 05:30:00,0.0
2024-11-09 06:00:00,0.0
2024-11-09 06:30:00,0.0
2024-11-09 07:00:00,0.0
2024-11-09 07:30:00,0.0
2024-11-09 08:00:00,0.0
2024-11-09 08:30:00,0.0
2024-11-09 09:00:00,0.0
2024-11-09 09:30:00,0.0
2024-11-09 10:00:00,0.0
2024-11-09 10:30:00,0.0
2024-11-09 11:00:00,0.0
2024-11-09 11:30:00,0.0
2024-11-09 12:00:00,0.0
2024-11-09 12:30:00,0.0
2024-11-09 13:00:00,0.0
2024-11-09 13:30:00,0.0
2024-11-09 14:00:00,0.0
2024-11-09 14:30:00,0.0
2024-11-09 15:00:00,0.0
2024-11-09 15:30:00,0.0
2024-11-09 16:00:00,0.0
2024-11-09 16:30:00,0.0
2024-11-09 17:00:00,0.0
2024-11-09 17:30:00,0.0
2024-11-09 18:00:00,0.0
2024-11-09 18:30:00,0.0
2024-11-09 19:00:00,0.0
2024-11-09 19:30:00,0.0
2024-11-09 20:00:00,0.0
2024-11-09 20:30:00,0.0
2024-11-09 21:00:00,0.0
2024-11-09 21:30:00,0.0
2024-11-09 22:00:00,0.0
2024-11-09 22:30:00,0.0
2024-11-09 23:00:00,0.0
2024-11-09 23:30:00,0.0
2024-11-10 00:00:00,0.0
2024-11-10 00:30:00,0.0
2024-11-10 01:00:00,0.0
2024-11-10 01:30:00,0.0
2024-11-10 02:00:00,0.0
2024-11-10 02:30:00,0.0
2024-11-10 03:00:00,0.0
2024-11-10 03:30:00,0.0
2024-11-10 04:00:00,0.0
2024-11-10 04:30:00,0.0
2024-11-10 05:00:00,0.0
2024-11-10 05:30:00,0.0
2024-11-10 06:00:00,0.0
2024-11-10 06:30:00,0.0
2024-11-10 07:00:00,0.0
2024-11-10 07:30:00,0.0
2024-11-10 08:00:00,0.0
2024-11-10 08:30:00,0.0
2024-11-10 09:00:00,0.0
2024-11-10 09:30:00,0.0
2024-11-10 10:00:00,0.0
2024-11-10 10:30:00,0.0
2024-11-10 11:00:00,0.0
2024-11-10 11:30:00,0.0
2024-11-10 12:00:00,0.0
2024-11-10 12:30:00,0.0
2024-11-10 13:00:00,0.0
2024-11-10 13:30:00,121.15
2024-11-10 14:00:00,103.49166666666673
2024-11-10 14:30:00,108.68333333333334
2024-11-10 15:00:00,64.16666666666671
2024-11-10 15:30:00,0.0
2024-11-10 16:00:00,0.0
2024-11-10 16:30:00,0.0
2024-11-10 17:00:00,0.0
2024-11-10 17:30:00,0.0
2024-11-10 18:00:00,0.0
2024-11-10 18:30:00,0.0
2024-11-10 19:00:00,0.0
2024-11-10 19:30:00,4.61666666666666
2024-11-10 20:00:00,53.0166666666666
2024-11-10 20:30:00,53.1833333333334
2024-11-10 21:00:00,54.2166666666666
2024-11-10 21:30:00,59.05
2024-11-10 22:00:00,62.85
2024-11-10 22:30:00,91.4666666666666
2024-11-10 23:00:00,126.6833333333334
2024-11-10 23:30:00,205.0833333333334
2024-11-11 00:00:00,218.46666666666658
2024-11-11 00:30:00,227.3166666666668
2024-11-11 01:00:00,235.95000000000002
2024-11-11 01:30:00,238.2666666666666
2024-11-11 02:00:00,239.2333333333332
2024-11-11 02:30:00,244.2833333333334
2024-11-11 03:00:00,249.65
2024-11-11 03:30:00,244.9666666666666
2024-11-11 04:00:00,240.9833333333332
2024-11-11 04:30:00,240.9833333333332
2024-11-11 05:00:00,241.86666666666662
2024-11-11 05:30:00,159.14999999999986
2024-11-11 06:00:00,51.00000000000006
2024-11-11 06:30:00,0.0
2024-11-11 07:00:00,0.0
2024-11-11 07:30:00,0.0
2024-11-11 08:00:00,0.0
2024-11-11 08:30:00,0.0
2024-11-11 09:00:00,0.0
2024-11-11 09:30:00,0.0
2024-11-11 10:00:00,0.0
2024-11-11 10:30:00,0.0
2024-11-11 11:00:00,0.0
2024-11-11 11:30:00,0.0
2024-11-11 12:00:00,0.0
2024-11-11 12:30:00,0.0
2024-11-11 13:00:00,0.0
2024-11-11 13:30:00,0.0
2024-11-11 14:00:00,0.0
2024-11-11 14:30:00,0.0
2024-11-11 15:00:00,0.0
2024-11-11 15:30:00,0.0
2024-11-11 16:00:00,0.0
2024-11-11 16:30:00,0.0
2024-11-11 17:00:00,0.0
2024-11-11 17:30:00,0.0
2024-11-11 18:00:00,0.0
2024-11-11 18:30:00,0.0
2024-11-11 19:00:00,0.0
2024-11-11 19:30:00,0.0
2024-11-11 20:00:00,0.0
2024-11-11 20:30:00,0.0
2024-11-11 21:00:00,0.0
2024-11-11 21:30:00,0.0
2024-11-11 22:00:00,0.0
2024-11-11 22:30:00,0.0
2024-11-11 23:00:00,0.0
2024-11-11 23:30:00,0.0
2024-11-12 00:00:00,0.0
2024-11-12 00:30:00,0.0
2024-11-12 01:00:00,0.0
2024-11-12 01:30:00,0.0
2024-11-12 02:00:00,0.0
2024-11-12 02:30:00,0.0
2024-11-12 03:00:00,0.0
2024-11-12 03:30:00,0.0
2024-11-12 04:00:00,0.0
2024-11-12 04:30:00,0.0
2024-11-12 05:00:00,0.0
2024-11-12 05:30:00,0.0
2024-11-12 06:00:00,0.0
2024-11-12 06:30:00,0.0
2024-11-12 07:00:00,0.0
2024-11-12 07:30:00,0.0
2024-11-12 08:00:00,0.0
2024-11-12 08:30:00,0.0
2024-11-12 09:00:00,0.0
2024-11-12 09:30:00,0.0
2024-11-12 10:00:00,0.0
2024-11-12 10:30:00,0.0
2024-11-12 11:00:00,0.0
2024-11-12 11:30:00,0.0
2024-11-12 12:00:00,0.0
2024-11-12 12:30:00,0.0
2024-11-12 13:00:00,0.0
2024-11-12 13:30:00,0.0
2024-11-12 14:00:00,0.0
2024-11-12 14:30:00,0.0
2024-11-12 15:00:00,0.0
2024-11-12 15:30:00,0.0
2024-11-12 16:00:00,0.0
2024-11-12 16:30:00,0.0
2024-11-12 17:00:00,0.0
2024-11-12 17:30:00,0.0
2024-11-12 18:00:00,0.0
2024-11-12 18:30:00,0.0
2024-11-12 19:00:00,0.0
2024-11-12 19:30:00,0.0
2024-11-12 20:00:00,0.0
2024-11-12 20:30:00,0.0
2024-11-12 21:00:00,0.0
2024-11-12 21:30:00,0.0
2024-11-12 22:00:00,0.0
2024-11-12 22:30:00,0.0
2024-11-12 23:00:00,0.0
2024-11-12 23:30:00,0.0
2024-11-13 00:00:00,0.0
2024-11-13 00:30:00,83.5666666666666
2024-11-13 01:00:00,8.7
2024-11-13 01:30:00,0.0
2024-11-13 02:00:00,0.0
2024-11-13 02:30:00,0.0
2024-11-13 03:00:00,0.0
2024-11-13 03:30:00,0.0
2024-11-13 04:00:00,0.0
2024-11-13 04:30:00,0.0
2024-11-13 05:00:00,0.0
2024-11-13 05:30:00,0.0
2024-11-13 06:00:00,0.0
2024-11-13 06:30:00,0.0
2024-11-13 07:00:00,0.0
2024-11-13 07:30:00,0.0
2024-11-13 08:00:00,0.0
2024-11-13 08:30:00,0.0
2024-11-13 09:00:00,0.0
2024-11-13 09:30:00,0.0
2024-11-13 10:00:00,0.0
2024-11-13 10:30:00,0.0
2024-11-13 11:00:00,0.0
2024-11-13 11:30:00,0.0
2024-11-13 12:00:00,0.0
2024-11-13 12:30:00,0.0
2024-11-13 13:00:00,0.0
2024-11-13 13:30:00,0.0
2024-11-13 14:00:00,0.0
2024-11-13 14:30:00,0.0
2024-11-13 15:00:00,0.0
2024-11-13 15:30:00,0.0
2024-11-13 16:00:00,0.0
2024-11-13 16:30:00,0.0
2024-11-13 17:00:00,0.0
2024-11-13 17:30:00,0.0
2024-11-13 18:00:00,0.0
2024-11-13 18:30:00,0.0
2024-11-13 19:00:00,0.0
2024-11-13 19:30:00,0.0
2024-11-13 20:00:00,0.0
2024-11-13 20:30:00,0.0
2024-11-13 21:00:00,0.0
2024-11-13 21:30:00,0.0
2024-11-13 22:00:00,0.0
2024-11-13 22:30:00,12.26666666666666
2024-11-13 23:00:00,60.333333333333336
2024-11-13 23:30:00,42.95
2024-11-14 00:00:00,0.0
2024-11-14 00:30:00,0.0
2024-11-14 01:00:00,0.0
2024-11-14 01:30:00,0.0
2024-11-14 02:00:00,8.58333333333332
2024-11-14 02:30:00,61.93333333333334
2024-11-14 03:00:00,127.98333333333319
2024-11-14 03:30:00,137.5833333333336
2024-11-14 04:00:00,124.68333333333341
2024-11-14 04:30:00,128.4166666666666
2024-11-14 05:00:00,81.81666666666675
2024-11-14 05:30:00,69.10000000000005
2024-11-14 06:00:00,0.0
2024-11-14 06:30:00,0.0
2024-11-14 07:00:00,0.0
2024-11-14 07:30:00,0.0
2024-11-14 08:00:00,0.0
2024-11-14 08:30:00,0.0
2024-11-14 09:00:00,0.0
2024-11-14 09:30:00,0.0
2024-11-14 10:00:00,0.0
2024-11-14 10:30:00,0.0
2024-11-14 11:00:00,0.0
2024-11-14 11:30:00,0.0
2024-11-14 12:00:00,0.0
2024-11-14 12:30:00,0.0
2024-11-14 13:00:00,0.0
2024-11-14 13:30:00,0.0
2024-11-14 14:00:00,0.0
2024-11-14 14:30:00,0.0
2024-11-14 15:00:00,0.0
2024-11-14 15:30:00,0.0
2024-11-14 16:00:00,0.0
2024-11-14 16:30:00,0.0
2024-11-14 17:00:00,0.0
2024-11-14 17:30:00,0.0
2024-11-14 18:00:00,0.0
2024-11-14 18:30:00,0.0
2024-11-14 19:00:00,0.0
2024-11-14 19:30:00,0.0
2024-11-14 20:00:00,0.0
2024-11-14 20:30:00,0.0
2024-11-14 21:00:00,0.0
2024-11-14 21:30:00,0.0
2024-11-14 22:00:00,0.0
2024-11-14 22:30:00,0.0
2024-11-14 23:00:00,0.0
2024-11-14 23:30:00,0.0
2024-11-15 00:00:00,21.5166666666666
2024-11-15 00:30:00,17.4
2024-11-15 01:00:00,93.65
2024-11-15 01:30:00,123.0
2024-11-15 02:00:00,88.9333333333334
2024-11-15 02:30:00,118.9166666666666
2024-11-15 03:00:00,116.1
2024-11-15 03:30:00,118.66666666666659
2024-11-15 04:00:00,120.4666666666668
2024-11-15 04:30:00,183.3666666666666
2024-11-15 05:00:00,203.6833333333334
2024-11-15 05:30:00,212.95000000000002
2024-11-15 06:00:00,211.9333333333332
2024-11-15 06:30:00,211.9166666666666
2024-11-15 07:00:00,211.9166666666666
2024-11-15 07:30:00,88.2333333333334
2024-11-15 08:00:00,93.05000000000001
2024-11-15 08:30:00,104.71666666666673
2024-11-15 09:00:00,281.8166666666668
2024-11-15 09:30:00,165.55
2024-11-15 10:00:00,175.6
2024-11-15 10:30:00,34.77777777777778
2024-11-15 11:00:00,295.838888888889
2024-11-15 11:30:00,253.9166666666666
2024-11-15 12:00:00,149.0666666666666
2024-11-15 12:30:00,111.82222222222222
2024-11-15 13:00:00,322.7944444444446
2024-11-15 13:30:00,255.2833333333334
2024-11-15 14:00:00,182.6
2024-11-15 14:30:00,197.0
2024-11-15 15:00:00,199.74999999999994
2024-11-15 15:30:00,207.4166666666666
2024-11-15 16:00:00,98.96111111111118
2024-11-15 16:30:00,99.1833333333334
2024-11-15 17:00:00,111.23333333333335
2024-11-15 17:30:00,213.3166666666666
2024-11-15 18:00:00,197.3
2024-11-15 18:30:00,179.9666666666666
2024-11-15 19:00:00,161.60000000000002
2024-11-15 19:30:00,144.60000000000002
2024-11-15 20:00:00,160.9
2024-11-15 20:30:00,144.46666666666667
2024-11-15 21:00:00,174.5
2024-11-15 21:30:00,174.5
2024-11-15 22:00:00,174.5
2024-11-15 22:30:00,174.5
2024-11-15 23:00:00,174.9666666666666
2024-11-15 23:30:00,174.9666666666666
2024-11-16 00:00:00,174.9666666666666
2024-11-16 00:30:00,174.9666666666666
2024-11-16 01:00:00,174.5
2024-11-16 01:30:00,174.5
2024-11-16 02:00:00,174.5
2024-11-16 02:30:00,174.5
2024-11-16 03:00:00,174.9666666666666
2024-11-16 03:30:00,174.9666666666666
2024-11-16 04:00:00,174.9666666666666
2024-11-16 04:30:00,174.9666666666666
2024-11-16 05:00:00,174.5
2024-11-16 05:30:00,174.5
2024-11-16 06:00:00,174.5
2024-11-16 06:30:00,174.5
2024-11-16 07:00:00,174.9666666666666
2024-11-16 07:30:00,174.9666666666666
2024-11-16 08:00:00,174.9666666666666
2024-11-16 08:30:00,174.9666666666666
2024-11-16 09:00:00,174.5
2024-11-16 09:30:00,174.5
2024-11-16 10:00:00,175.28333333333322
2024-11-16 10:30:00,175.28333333333322
2024-11-16 11:00:00,175.45000000000002
2024-11-16 11:30:00,175.45000000000002
2024-11-16 12:00:00,174.9666666666666
2024-11-16 12:30:00,174.9666666666666
2024-11-16 13:00:00,174.5
2024-11-16 13:30:00,174.5
2024-11-16 14:00:00,174.5
2024-11-16 14:30:00,174.5
2024-11-16 15:00:00,174.5
2024-11-16 15:30:00,174.5
2024-11-16 16:00:00,174.5
2024-11-16 16:30:00,174.5
2024-11-16 17:00:00,174.5
2024-11-16 17:30:00,174.5
2024-11-16 18:00:00,174.5
2024-11-16 18:30:00,188.10000000000002
2024-11-16 19:00:00,244.20000000000002
2024-11-16 19:30:00,239.10000000000002
2024-11-16 20:00:00,188.10000000000002
2024-11-16 20:30:00,244.20000000000002
2024-11-16 21:00:00,239.10000000000002
2024-11-16 21:30:00,188.10000000000002
2024-11-16 22:00:00,244.6666666666666
2024-11-16 22:30:00,237.9
2024-11-16 23:00:00,188.3166666666666
2024-11-16 23:30:00,245.8
2024-11-17 00:00:00,233.4666666666666
2024-11-17 00:30:00,182.9
2024-11-17 01:00:00,237.9666666666668
2024-11-17 01:30:00,232.8166666666666
2024-11-17 02:00:00,180.5666666666666
2024-11-17 02:30:00,231.85
2024-11-17 03:00:00,228.3166666666666
2024-11-17 03:30:00,180.20000000000002
2024-11-17 04:00:00,233.1833333333332
2024-11-17 04:30:00,230.08333333333343
2024-11-17 05:00:00,180.61666666666662
2024-11-17 05:30:00,328.2166666666666
2024-11-17 06:00:00,223.75
2024-11-17 06:30:00,174.0166666666666
2024-11-17 07:00:00,226.9666666666668
2024-11-17 07:30:00,260.36666666666656
2024-11-17 08:00:00,203.2666666666668
2024-11-17 08:30:00,280.06666666666683
2024-11-17 09:00:00,275.8333333333332
2024-11-17 09:30:00,229.96666666666658
2024-11-17 10:00:00,284.4500000000002
2024-11-17 10:30:00,279.2833333333334
2024-11-17 11:00:00,100.41666666666661
2024-11-17 11:30:00,194.7499999999998
2024-11-17 12:00:00,206.0
2024-11-17 12:30:00,187.6333333333334
2024-11-17 13:00:00,236.0833333333332
2024-11-17 13:30:00,231.74999999999983
2024-11-17 14:00:00,186.1666666666666
2024-11-17 14:30:00,186.1333333333332
2024-11-17 15:00:00,152.06666666666686
2024-11-17 15:30:00,159.93333333333325
2024-11-17 16:00:00,212.3
2024-11-17 16:30:00,196.8166666666668
2024-11-17 17:00:00,163.0666666666666
2024-11-17 17:30:00,115.91666666666674
2024-11-17 18:00:00,0.0
2024-11-17 18:30:00,0.0
2024-11-17 19:00:00,0.0
2024-11-17 19:30:00,0.0
2024-11-17 20:00:00,0.0
2024-11-17 20:30:00,0.0
2024-11-17 21:00:00,0.0
2024-11-17 21:30:00,0.0
2024-11-17 22:00:00,120.66666666666666
2024-11-17 22:30:00,146.0333333333332
2024-11-17 23:00:00,145.75
2024-11-17 23:30:00,138.1833333333334
2024-11-18 00:00:00,133.6166666666668
2024-11-18 00:30:00,123.8499999999998
2024-11-18 01:00:00,99.1166666666668
2024-11-18 01:30:00,147.4666666666666
2024-11-18 02:00:00,111.6166666666666
2024-11-18 02:30:00,105.99999999999994
2024-11-18 03:00:00,94.93333333333325
2024-11-18 03:30:00,94.95000000000006
2024-11-18 04:00:00,94.38333333333327
2024-11-18 04:30:00,93.93333333333325
2024-11-18 05:00:00,86.1166666666666
2024-11-18 05:30:00,54.35
2024-11-18 06:00:00,61.24999999999988
2024-11-18 06:30:00,39.54166666666659
2024-11-18 07:00:00,68.8666666666666
2024-11-18 07:30:00,81.84999999999987
2024-11-18 08:00:00,40.93333333333334
2024-11-18 08:30:00,1.966666666666666
2024-11-18 09:00:00,0.0
2024-11-18 09:30:00,0.0
2024-11-18 10:00:00,0.0
2024-11-18 10:30:00,0.0
2024-11-18 11:00:00,0.0
2024-11-18 11:30:00,0.0
2024-11-18 12:00:00,0.0
2024-11-18 12:30:00,0.0
2024-11-18 13:00:00,0.0
2024-11-18 13:30:00,0.0
2024-11-18 14:00:00,0.0
2024-11-18 14:30:00,0.0
2024-11-18 15:00:00,0.0
2024-11-18 15:30:00,0.0
2024-11-18 16:00:00,0.0
2024-11-18 16:30:00,0.0
2024-11-18 17:00:00,0.0
2024-11-18 17:30:00,0.0
2024-11-18 18:00:00,0.0
2024-11-18 18:30:00,0.0
2024-11-18 19:00:00,0.0
2024-11-18 19:30:00,0.0
2024-11-18 20:00:00,0.0
2024-11-18 20:30:00,0.0
2024-11-18 21:00:00,0.0
2024-11-18 21:30:00,0.0
2024-11-18 22:00:00,0.0
2024-11-18 22:30:00,0.0
2024-11-18 23:00:00,0.0
2024-11-18 23:30:00,0.0
2024-11-19 00:00:00,0.0
2024-11-19 00:30:00,0.0
2024-11-19 01:00:00,0.0
2024-11-19 01:30:00,0.0
2024-11-19 02:00:00,0.0
2024-11-19 02:30:00,0.0
2024-11-19 03:00:00,0.0
2024-11-19 03:30:00,0.0
2024-11-19 04:00:00,0.0
2024-11-19 04:30:00,0.0
2024-11-19 05:00:00,0.0
2024-11-19 05:30:00,0.0
2024-11-19 06:00:00,0.0
2024-11-19 06:30:00,0.0
2024-11-19 07:00:00,0.0
2024-11-19 07:30:00,0.0
2024-11-19 08:00:00,0.0
2024-11-19 08:30:00,0.0
2024-11-19 09:00:00,0.0
2024-11-19 09:30:00,0.0
2024-11-19 10:00:00,0.0
2024-11-19 10:30:00,0.0
2024-11-19 11:00:00,0.0
2024-11-19 11:30:00,0.0
2024-11-19 12:00:00,0.0
2024-11-19 12:30:00,0.0
2024-11-19 13:00:00,0.0
2024-11-19 13:30:00,0.0
2024-11-19 14:00:00,0.0
2024-11-19 14:30:00,0.0
2024-11-19 15:00:00,106.0333333333332
2024-11-19 15:30:00,73.0666666666666
2024-11-19 16:00:00,94.7666666666668
2024-11-19 16:30:00,101.1666666666666
2024-11-19 17:00:00,64.68333333333334
2024-11-19 17:30:00,89.52499999999995
2024-11-19 18:00:00,105.49999999999986
2024-11-19 18:30:00,119.8666666666666
2024-11-19 19:00:00,163.2333333333332
2024-11-19 19:30:00,117.0666666666666
2024-11-19 20:00:00,49.49166666666667
2024-11-19 20:30:00,128.52500000000006
2024-11-19 21:00:00,97.39166666666667
2024-11-19 21:30:00,65.17500000000007
2024-11-19 22:00:00,92.24166666666673
2024-11-19 22:30:00,60.5833333333334
2024-11-19 23:00:00,79.82500000000006
2024-11-19 23:30:00,107.29166666666667
2024-11-20 00:00:00,75.525
2024-11-20 00:30:00,43.45833333333333
2024-11-20 01:00:00,9.191666666666661
2024-11-20 01:30:00,134.43333333333334
2024-11-20 02:00:00,133.7333333333333
2024-11-20 02:30:00,115.63333333333334
2024-11-20 03:00:00,96.4166666666666
2024-11-20 03:30:00,78.90000000000006
2024-11-20 04:00:00,63.30000000000006
2024-11-20 04:30:00,47.4
2024-11-20 05:00:00,136.91666666666674
2024-11-20 05:30:00,128.90000000000006
2024-11-20 06:00:00,114.14999999999992
2024-11-20 06:30:00,92.68333333333334
2024-11-20 07:00:00,79.88333333333341
2024-11-20 07:30:00,63.58333333333334
2024-11-20 08:00:00,187.69999999999987
2024-11-20 08:30:00,109.2166666666666
2024-11-20 09:00:00,171.1833333333334
2024-11-20 09:30:00,93.25000000000006
2024-11-20 10:00:00,164.5833333333334
2024-11-20 10:30:00,165.95
2024-11-20 11:00:00,163.8
2024-11-20 11:30:00,157.8333333333334
2024-11-20 12:00:00,151.4833333333334
2024-11-20 12:30:00,151.03333333333342
2024-11-20 13:00:00,114.4666666666666
2024-11-20 13:30:00,38.5
2024-11-20 14:00:00,0.0
2024-11-20 14:30:00,0.0
2024-11-20 15:00:00,0.0
2024-11-20 15:30:00,0.0
2024-11-20 16:00:00,0.0
2024-11-20 16:30:00,0.0
2024-11-20 17:00:00,0.0
2024-11-20 17:30:00,0.0
2024-11-20 18:00:00,0.0
2024-11-20 18:30:00,0.0
2024-11-20 19:00:00,0.0
2024-11-20 19:30:00,0.0
2024-11-20 20:00:00,0.0
2024-11-20 20:30:00,0.0
2024-11-20 21:00:00,0.0
2024-11-20 21:30:00,0.0
2024-11-20 22:00:00,0.0
2024-11-20 22:30:00,0.0
2024-11-20 23:00:00,0.0
2024-11-20 23:30:00,0.0
2024-11-21 00:00:00,0.0
2024-11-21 00:30:00,0.0
2024-11-21 01:00:00,0.0
2024-11-21 01:30:00,0.0
2024-11-21 02:00:00,0.0
2024-11-21 02:30:00,0.0
2024-11-21 03:00:00,0.0
2024-11-21 03:30:00,0.0
2024-11-21 04:00:00,0.0
2024-11-21 04:30:00,0.0
2024-11-21 05:00:00,0.0
2024-11-21 05:30:00,0.0
2024-11-21 06:00:00,0.0
2024-11-21 06:30:00,0.0
2024-11-21 07:00:00,0.0
2024-11-21 07:30:00,0.0
2024-11-21 08:00:00,0.0
2024-11-21 08:30:00,0.0
2024-11-21 09:00:00,0.0
2024-11-21 09:30:00,0.0
2024-11-21 10:00:00,0.0
2024-11-21 10:30:00,0.0
2024-11-21 11:00:00,0.0
2024-11-21 11:30:00,35.74999999999994
2024-11-21 12:00:00,41.7
2024-11-21 12:30:00,38.3666666666666
2024-11-21 13:00:00,54.78333333333334
2024-11-21 13:30:00,111.1999999999998
2024-11-21 14:00:00,106.9499999999998
2024-11-21 14:30:00,102.4166666666668
2024-11-21 15:00:00,103.9499999999998
2024-11-21 15:30:00,95.4833333333334
2024-11-21 16:00:00,71.1333333333334
2024-11-21 16:30:00,68.4333333333332
2024-11-21 17:00:00,63.283333333333395
2024-11-21 17:30:00,61.4999999999998
2024-11-21 18:00:00,52.33333333333334
2024-11-21 18:30:00,19.33333333333334
2024-11-21 19:00:00,0.0
2024-11-21 19:30:00,0.0
2024-11-21 20:00:00,0.0
2024-11-21 20:30:00,0.0
2024-11-21 21:00:00,0.0
2024-11-21 21:30:00,0.0
2024-11-21 22:00:00,0.0
2024-11-21 22:30:00,0.0
2024-11-21 23:00:00,0.0
2024-11-21 23:30:00,0.0
2024-11-22 00:00:00,0.0
2024-11-22 00:30:00,0.0
2024-11-22 01:00:00,0.0
2024-11-22 01:30:00,0.0
2024-11-22 02:00:00,0.0
2024-11-22 02:30:00,0.0
2024-11-22 03:00:00,0.0
2024-11-22 03:30:00,0.0
2024-11-22 04:00:00,0.0
2024-11-22 04:30:00,0.0
2024-11-22 05:00:00,0.0
2024-11-22 05:30:00,0.0
2024-11-22 06:00:00,0.0
2024-11-22 06:30:00,0.0
2024-11-22 07:00:00,0.0
2024-11-22 07:30:00,0.0
2024-11-22 08:00:00,0.0
2024-11-22 08:30:00,0.0
2024-11-22 09:00:00,0.0
2024-11-22 09:30:00,0.0
2024-11-22 10:00:00,0.0
2024-11-22 10:30:00,0.0
2024-11-22 11:00:00,0.0
2024-11-22 11:30:00,0.0
2024-11-22 12:00:00,0.0
2024-11-22 12:30:00,0.0
2024-11-22 13:00:00,0.0
2024-11-22 13:30:00,0.0
2024-11-22 14:00:00,0.0
2024-11-22 14:30:00,0.0
2024-11-22 15:00:00,0.0
2024-11-22 15:30:00,0.0
2024-11-22 16:00:00,0.0
2024-11-22 16:30:00,0.0
2024-11-22 17:00:00,0.0
2024-11-22 17:30:00,0.0
2024-11-22 18:00:00,0.0
2024-11-22 18:30:00,0.0
2024-11-22 19:00:00,0.0
2024-11-22 19:30:00,0.0
2024-11-22 20:00:00,0.0
2024-11-22 20:30:00,0.0
2024-11-22 21:00:00,0.0
2024-11-22 21:30:00,0.0
2024-11-22 22:00:00,0.0
2024-11-22 22:30:00,0.0
2024-11-22 23:00:00,0.0
2024-11-22 23:30:00,0.0
2024-11-23 00:00:00,0.0
2024-11-23 00:30:00,0.0
2024-11-23 01:00:00,0.0
2024-11-23 01:30:00,0.0
2024-11-23 02:00:00,0.0
2024-11-23 02:30:00,0.0
2024-11-23 03:00:00,0.0
2024-11-23 03:30:00,0.0
2024-11-23 04:00:00,0.0
2024-11-23 04:30:00,0.0
2024-11-23 05:00:00,0.0
2024-11-23 05:30:00,0.0
2024-11-23 06:00:00,0.0
2024-11-23 06:30:00,2.833333333333334
2024-11-23 07:00:00,1.9000000000000015
2024-11-23 07:30:00,10.03333333333334
2024-11-23 08:00:00,15.93333333333334
2024-11-23 08:30:00,17.84999999999998
2024-11-23 09:00:00,20.78333333333332
2024-11-23 09:30:00,33.35
2024-11-23 10:00:00,46.10000000000002
2024-11-23 10:30:00,72.1333333333334
2024-11-23 11:00:00,97.3
2024-11-23 11:30:00,124.3166666666666
2024-11-23 12:00:00,149.55
2024-11-23 12:30:00,182.4
2024-11-23 13:00:00,217.3166666666668
2024-11-23 13:30:00,244.7
2024-11-23 14:00:00,272.98333333333323
2024-11-23 14:30:00,301.0666666666664
2024-11-23 15:00:00,330.38333333333344
2024-11-23 15:30:00,339.3833333333332
2024-11-23 16:00:00,347.56666666666683
2024-11-23 16:30:00,359.0333333333332
2024-11-23 17:00:00,361.68333333333317
2024-11-23 17:30:00,363.41666666666663
2024-11-23 18:00:00,366.0
2024-11-23 18:30:00,366.0
2024-11-23 19:00:00,366.0
2024-11-23 19:30:00,366.0
2024-11-23 20:00:00,366.0
2024-11-23 20:30:00,366.0
2024-11-23 21:00:00,366.0
2024-11-23 21:30:00,366.0
2024-11-23 22:00:00,366.0
2024-11-23 22:30:00,22.11666666666668
2024-11-23 23:00:00,74.1333333333334
2024-11-23 23:30:00,111.6000000000002
2024-11-24 00:00:00,7.78333333333334
2024-11-24 00:30:00,139.33333333333326
2024-11-24 01:00:00,57.26666666666672
2024-11-24 01:30:00,376.66666666666663
2024-11-24 02:00:00,100.1666666666666
2024-11-24 02:30:00,420.0
2024-11-24 03:00:00,99.2
2024-11-24 03:30:00,420.0
2024-11-24 04:00:00,47.5
2024-11-24 04:30:00,420.0
2024-11-24 05:00:00,58.11666666666674
2024-11-24 05:30:00,42.08333333333334
2024-11-24 06:00:00,416.0
2024-11-24 06:30:00,139.66666666666654
2024-11-24 07:00:00,109.53333333333319
2024-11-24 07:30:00,422.0
2024-11-24 08:00:00,151.95
2024-11-24 08:30:00,208.28333333333342
2024-11-24 09:00:00,255.0833333333334
2024-11-24 09:30:00,274.8666666666668
2024-11-24 10:00:00,186.0833333333336
2024-11-24 10:30:00,215.3500000000002
2024-11-24 11:00:00,331.55
2024-11-24 11:30:00,99.55000000000013
2024-11-24 12:00:00,394.9333333333334
2024-11-24 12:30:00,154.1333333333332
2024-11-24 13:00:00,347.3
2024-11-24 13:30:00,123.93333333333345
2024-11-24 14:00:00,232.1666666666666
2024-11-24 14:30:00,223.44999999999987
2024-11-24 15:00:00,246.0166666666668
2024-11-24 15:30:00,219.58333333333348
2024-11-24 16:00:00,163.06666666666666
2024-11-24 16:30:00,52.51666666666674
2024-11-24 17:00:00,99.08333333333329
2024-11-24 17:30:00,185.4833333333334
2024-11-24 18:00:00,208.61666666666662
2024-11-24 18:30:00,245.55
2024-11-24 19:00:00,3.208333333333332
2024-11-24 19:30:00,25.66666666666666
2024-11-24 20:00:00,25.78333333333334
2024-11-24 20:30:00,51.45
2024-11-24 21:00:00,77.23333333333332
2024-11-24 21:30:00,289.0333333333332
2024-11-24 22:00:00,0.0
2024-11-24 22:30:00,343.85
2024-11-24 23:00:00,316.1333333333336
2024-11-24 23:30:00,0.0
2024-11-25 00:00:00,0.0
2024-11-25 00:30:00,0.0
2024-11-25 01:00:00,0.0
2024-11-25 01:30:00,48.8
2024-11-25 02:00:00,53.1
2024-11-25 02:30:00,13.61111111111112
2024-11-25 03:00:00,14.44444444444448
2024-11-25 03:30:00,14.44444444444448
2024-11-25 04:00:00,14.72222222222224
2024-11-25 04:30:00,14.44444444444448
2024-11-25 05:00:00,14.72222222222224
2024-11-25 05:30:00,14.44444444444448
2024-11-25 06:00:00,14.72222222222224
2024-11-25 06:30:00,247.8444444444446
2024-11-25 07:00:00,0.0
2024-11-25 07:30:00,73.48333333333332
2024-11-25 08:00:00,93.5166666666668
2024-11-25 08:30:00,0.0
2024-11-25 09:00:00,0.0
2024-11-25 09:30:00,7.0
2024-11-25 10:00:00,0.0
2024-11-25 10:30:00,1.066666666666666
2024-11-25 11:00:00,0.0
2024-11-25 11:30:00,1.900000000000002
2024-11-25 12:00:00,2.150000000000002
2024-11-25 12:30:00,3.816666666666668
2024-11-25 13:00:00,5.599999999999994
2024-11-25 13:30:00,10.16666666666668
2024-11-25 14:00:00,14.46666666666666
2024-11-25 14:30:00,21.93333333333332
2024-11-25 15:00:00,30.18333333333334
2024-11-25 15:30:00,44.6
2024-11-25 16:00:00,52.66666666666668
2024-11-25 16:30:00,69.7
2024-11-25 17:00:00,89.73333333333335
2024-11-25 17:30:00,117.9166666666668
2024-11-25 18:00:00,145.1666666666666
2024-11-25 18:30:00,150.7
2024-11-25 19:00:00,151.7499999999998
2024-11-25 19:30:00,153.8499999999998
2024-11-25 20:00:00,154.6666666666666
2024-11-25 20:30:00,191.95
2024-11-25 21:00:00,191.95
2024-11-25 21:30:00,191.5666666666666
2024-11-25 22:00:00,191.5833333333332
2024-11-25 22:30:00,191.5666666666666
2024-11-25 23:00:00,198.7
2024-11-25 23:30:00,199.9833333333334
2024-11-26 00:00:00,200.0
2024-11-26 00:30:00,216.1666666666668
2024-11-26 01:00:00,223.95
2024-11-26 01:30:00,223.9333333333334
2024-11-26 02:00:00,223.95
2024-11-26 02:30:00,223.95
2024-11-26 03:00:00,225.2333333333334
2024-11-26 03:30:00,225.6
2024-11-26 04:00:00,224.65
2024-11-26 04:30:00,224.6333333333334
2024-11-26 05:00:00,219.85
2024-11-26 05:30:00,218.95
2024-11-26 06:00:00,178.05
2024-11-26 06:30:00,208.28333333333342
2024-11-26 07:00:00,61.2
2024-11-26 07:30:00,0.0
2024-11-26 08:00:00,0.0
2024-11-26 08:30:00,0.0
2024-11-26 09:00:00,0.0
2024-11-26 09:30:00,0.0
2024-11-26 10:00:00,0.0
2024-11-26 10:30:00,0.0
2024-11-26 11:00:00,0.0
2024-11-26 11:30:00,0.0
2024-11-26 12:00:00,0.0
2024-11-26 12:30:00,0.0
2024-11-26 13:00:00,0.0
2024-11-26 13:30:00,0.0
2024-11-26 14:00:00,0.0
2024-11-26 14:30:00,0.0
2024-11-26 15:00:00,0.0
2024-11-26 15:30:00,0.0
2024-11-26 16:00:00,0.0
2024-11-26 16:30:00,0.0
2024-11-26 17:00:00,0.0
2024-11-26 17:30:00,0.0
2024-11-26 18:00:00,0.0
2024-11-26 18:30:00,0.0
2024-11-26 19:00:00,0.0
2024-11-26 19:30:00,0.0
2024-11-26 20:00:00,0.0
2024-11-26 20:30:00,0.0
2024-11-26 21:00:00,0.0
2024-11-26 21:30:00,0.0
2024-11-26 22:00:00,0.0
2024-11-26 22:30:00,0.0
2024-11-26 23:00:00,0.0
2024-11-26 23:30:00,0.0
2024-11-27 00:00:00,0.0
2024-11-27 00:30:00,0.0
2024-11-27 01:00:00,0.0
2024-11-27 01:30:00,0.0
2024-11-27 02:00:00,0.0
2024-11-27 02:30:00,0.0
2024-11-27 03:00:00,0.0
2024-11-27 03:30:00,0.0
2024-11-27 04:00:00,0.0
2024-11-27 04:30:00,0.0
2024-11-27 05:00:00,0.0
2024-11-27 05:30:00,0.0
2024-11-27 06:00:00,0.0
2024-11-27 06:30:00,0.0
2024-11-27 07:00:00,0.0
2024-11-27 07:30:00,0.0
2024-11-27 08:00:00,0.0
2024-11-27 08:30:00,0.0
2024-11-27 09:00:00,0.0
2024-11-27 09:30:00,0.0
2024-11-27 10:00:00,0.0
2024-11-27 10:30:00,0.0
2024-11-27 11:00:00,0.0
2024-11-27 11:30:00,0.0
2024-11-27 12:00:00,0.0
2024-11-27 12:30:00,0.0
2024-11-27 13:00:00,0.0
2024-11-27 13:30:00,0.0
2024-11-27 14:00:00,0.0
2024-11-27 14:30:00,0.0
2024-11-27 15:00:00,0.0
2024-11-27 15:30:00,0.0
2024-11-27 16:00:00,0.0
2024-11-27 16:30:00,0.0
2024-11-27 17:00:00,0.0
2024-11-27 17:30:00,0.0
2024-11-27 18:00:00,0.0
2024-11-27 18:30:00,0.0
2024-11-27 19:00:00,0.0
2024-11-27 19:30:00,0.0
2024-11-27 20:00:00,0.0
2024-11-27 20:30:00,0.0
2024-11-27 21:00:00,0.0
2024-11-27 21:30:00,0.0
2024-11-27 22:00:00,0.0
2024-11-27 22:30:00,0.0
2024-11-27 23:00:00,0.0
2024-11-27 23:30:00,0.0
2024-11-28 00:00:00,0.0
2024-11-28 00:30:00,0.0
2024-11-28 01:00:00,0.0
2024-11-28 01:30:00,0.0
2024-11-28 02:00:00,0.0
2024-11-28 02:30:00,0.0
2024-11-28 03:00:00,0.0
2024-11-28 03:30:00,0.0
2024-11-28 04:00:00,0.0
2024-11-28 04:30:00,0.0
2024-11-28 05:00:00,0.0
2024-11-28 05:30:00,0.0
2024-11-28 06:00:00,0.0
2024-11-28 06:30:00,0.0
2024-11-28 07:00:00,0.0
2024-11-28 07:30:00,0.0
2024-11-28 08:00:00,0.0
2024-11-28 08:30:00,0.0
2024-11-28 09:00:00,0.0
2024-11-28 09:30:00,0.0
2024-11-28 10:00:00,0.0
2024-11-28 10:30:00,0.0
2024-11-28 11:00:00,0.0
2024-11-28 11:30:00,0.0
2024-11-28 12:00:00,0.0
2024-11-28 12:30:00,0.0
2024-11-28 13:00:00,0.0
2024-11-28 13:30:00,0.0
2024-11-28 14:00:00,0.0
2024-11-28 14:30:00,3.78333333333334
2024-11-28 15:00:00,28.25
2024-11-28 15:30:00,68.3
2024-11-28 16:00:00,32.3666666666666
2024-11-28 16:30:00,97.51666666666674
2024-11-28 17:00:00,51.56666666666666
2024-11-28 17:30:00,141.33333333333334
2024-11-28 18:00:00,69.3333333333334
2024-11-28 18:30:00,199.71666666666675
2024-11-28 19:00:00,98.53333333333327
2024-11-28 19:30:00,273.95
2024-11-28 20:00:00,124.13333333333327
2024-11-28 20:30:00,303.5333333333334
2024-11-28 21:00:00,132.96666666666675
2024-11-28 21:30:00,316.26666666666665
2024-11-28 22:00:00,137.9333333333334
2024-11-28 22:30:00,178.5
2024-11-28 23:00:00,174.61666666666673
2024-11-28 23:30:00,179.9166666666666
2024-11-29 00:00:00,175.7666666666666
2024-11-29 00:30:00,225.43333333333325
2024-11-29 01:00:00,221.39999999999992
2024-11-29 01:30:00,223.83333333333326
2024-11-29 02:00:00,218.86666666666667
2024-11-29 02:30:00,219.85000000000008
2024-11-29 03:00:00,218.16666666666646
2024-11-29 03:30:00,213.5666666666666
2024-11-29 04:00:00,127.6166666666666
2024-11-29 04:30:00,187.7
2024-11-29 05:00:00,108.0166666666666
2024-11-29 05:30:00,146.3833333333334
2024-11-29 06:00:00,80.23333333333326
2024-11-29 06:30:00,87.04999999999994
2024-11-29 07:00:00,76.0166666666666
2024-11-29 07:30:00,76.74999999999999
2024-11-29 08:00:00,78.19999999999992
2024-11-29 08:30:00,78.53333333333326
2024-11-29 09:00:00,80.93333333333328
2024-11-29 09:30:00,82.65000000000008
2024-11-29 10:00:00,86.06666666666672
2024-11-29 10:30:00,85.03333333333339
2024-11-29 11:00:00,85.66666666666666
2024-11-29 11:30:00,79.55
2024-11-29 12:00:00,87.83333333333334
2024-11-29 12:30:00,84.35000000000007
2024-11-29 13:00:00,146.1666666666666
2024-11-29 13:30:00,98.6666666666666
2024-11-29 14:00:00,52.3833333333334
2024-11-29 14:30:00,84.26666666666674
2024-11-29 15:00:00,93.83333333333341
2024-11-29 15:30:00,88.26666666666668
2024-11-29 16:00:00,83.73333333333333
2024-11-29 16:30:00,82.66666666666666
2024-11-29 17:00:00,81.48333333333335
2024-11-29 17:30:00,77.01666666666667
2024-11-29 18:00:00,73.69999999999995
2024-11-29 18:30:00,78.1
2024-11-29 19:00:00,93.18333333333334
2024-11-29 19:30:00,98.55000000000005
2024-11-29 20:00:00,103.1666666666666
2024-11-29 20:30:00,108.98333333333339
2024-11-29 21:00:00,114.6833333333334
2024-11-29 21:30:00,166.36666666666667
2024-11-29 22:00:00,243.9000000000002
2024-11-29 22:30:00,256.1500000000002
2024-11-29 23:00:00,145.2666666666666
2024-11-29 23:30:00,211.40000000000006
2024-11-30 00:00:00,372.7166666666666
2024-11-30 00:30:00,274.3
2024-11-30 01:00:00,154.0166666666666
2024-11-30 01:30:00,160.31666666666644
2024-11-30 02:00:00,295.08333333333326
2024-11-30 02:30:00,328.0499999999998
2024-11-30 03:00:00,198.95
2024-11-30 03:30:00,163.8166666666668
2024-11-30 04:00:00,296.9833333333334
2024-11-30 04:30:00,326.2666666666666
2024-11-30 05:00:00,196.5833333333334
2024-11-30 05:30:00,161.61666666666653
2024-11-30 06:00:00,194.8166666666666
2024-11-30 06:30:00,243.4500000000002
2024-11-30 07:00:00,154.6500000000002
2024-11-30 07:30:00,155.50000000000006
2024-11-30 08:00:00,193.35
2024-11-30 08:30:00,246.91666666666674
2024-11-30 09:00:00,202.4833333333334
2024-11-30 09:30:00,207.3
2024-11-30 10:00:00,246.95000000000005
2024-11-30 10:30:00,297.9833333333334
2024-11-30 11:00:00,210.9333333333334
2024-11-30 11:30:00,214.5666666666668
2024-11-30 12:00:00,261.5166666666669
2024-11-30 12:30:00,232.98333333333326
2024-11-30 13:00:00,166.08333333333334
2024-11-30 13:30:00,186.15000000000015
2024-11-30 14:00:00,89.60000000000007
2024-11-30 14:30:00,131.51666666666674
2024-11-30 15:00:00,119.48333333333333
2024-11-30 15:30:00,117.35000000000007
2024-11-30 16:00:00,115.3666666666666
2024-11-30 16:30:00,111.88333333333348
2024-11-30 17:00:00,108.73333333333326
2024-11-30 17:30:00,104.8666666666666
2024-11-30 18:00:00,101.83333333333331
2024-11-30 18:30:00,99.41666666666654
2024-11-30 19:00:00,119.0
2024-11-30 19:30:00,238.98333333333318
2024-11-30 20:00:00,251.3499999999998
2024-11-30 20:30:00,269.3833333333332
2024-11-30 21:00:00,286.2166666666666
2024-11-30 21:30:00,291.58333333333337
2024-11-30 22:00:00,300.66666666666663
2024-11-30 22:30:00,305.6
2024-11-30 23:00:00,311.1666666666668
2024-11-30 23:30:00,295.8
2024-12-01 00:00:00,260.65
2024-12-01 00:30:00,224.95000000000002
2024-12-01 01:00:00,329.7833333333334
2024-12-01 01:30:00,298.33333333333337
2024-12-01 02:00:00,234.9333333333334
2024-12-01 02:30:00,171.53333333333342
2024-12-01 03:00:00,267.9083333333334
2024-12-01 03:30:00,333.8083333333334
2024-12-01 04:00:00,278.9
2024-12-01 04:30:00,173.2333333333334
2024-12-01 05:00:00,210.5722222222222
2024-12-01 05:30:00,374.4444444444444
2024-12-01 06:00:00,278.55
2024-12-01 06:30:00,172.2166666666668
2024-12-01 07:00:00,212.32777777777778
2024-12-01 07:30:00,376.4722222222222
2024-12-01 08:00:00,281.08333333333337
2024-12-01 08:30:00,175.0833333333334
2024-12-01 09:00:00,212.3499999999999
2024-12-01 09:30:00,378.15
2024-12-01 10:00:00,280.9666666666666
2024-12-01 10:30:00,174.3
2024-12-01 11:00:00,211.3499999999999
2024-12-01 11:30:00,377.4333333333334
2024-12-01 12:00:00,306.7833333333334
2024-12-01 12:30:00,180.4166666666668
2024-12-01 13:00:00,163.26666666666665
2024-12-01 13:30:00,336.5333333333334
2024-12-01 14:00:00,301.1999999999998
2024-12-01 14:30:00,233.1499999999998
2024-12-01 15:00:00,232.1666666666668
2024-12-01 15:30:00,148.6166666666668
2024-12-01 16:00:00,75.70000000000006
2024-12-01 16:30:00,32.3
2024-12-01 17:00:00,0.0
2024-12-01 17:30:00,0.0
2024-12-01 18:00:00,0.0
2024-12-01 18:30:00,0.0
2024-12-01 19:00:00,0.0
2024-12-01 19:30:00,0.0
2024-12-01 20:00:00,0.0
2024-12-01 20:30:00,0.0
2024-12-01 21:00:00,0.0
2024-12-01 21:30:00,0.0
2024-12-01 22:00:00,189.9333333333334
2024-12-01 22:30:00,33.199999999999996
2024-12-01 23:00:00,90.37499999999994
2024-12-01 23:30:00,394.3916666666664
2024-12-02 00:00:00,122.25
2024-12-02 00:30:00,409.0333333333332
2024-12-02 01:00:00,289.3166666666666
2024-12-02 01:30:00,298.6166666666666
2024-12-02 02:00:00,332.25
2024-12-02 02:30:00,225.95000000000022
2024-12-02 03:00:00,404.0166666666666
2024-12-02 03:30:00,289.3333333333332
2024-12-02 04:00:00,259.7833333333332
2024-12-02 04:30:00,367.0333333333332
2024-12-02 05:00:00,152.2333333333332
2024-12-02 05:30:00,408.9666666666668
2024-12-02 06:00:00,325.2666666666666
2024-12-02 06:30:00,294.1166666666668
2024-12-02 07:00:00,345.4166666666668
2024-12-02 07:30:00,233.0166666666666
2024-12-02 08:00:00,414.4500000000002
2024-12-02 08:30:00,295.4666666666668
2024-12-02 09:00:00,264.3333333333332
2024-12-02 09:30:00,400.8666666666668
2024-12-02 10:00:00,215.9333333333334
2024-12-02 10:30:00,350.4666666666668
2024-12-02 11:00:00,243.8833333333334
2024-12-02 11:30:00,316.5499999999998
2024-12-02 12:00:00,372.9
2024-12-02 12:30:00,175.38333333333338
2024-12-02 13:00:00,301.6833333333334
2024-12-02 13:30:00,309.4833333333334
2024-12-02 14:00:00,311.7666666666666
2024-12-02 14:30:00,332.1833333333334
2024-12-02 15:00:00,97.82499999999993
2024-12-02 15:30:00,218.38333333333333
2024-12-02 16:00:00,195.26666666666665
2024-12-02 16:30:00,87.9833333333334
2024-12-02 17:00:00,27.8333333333334
2024-12-02 17:30:00,0.0
2024-12-02 18:00:00,0.0
2024-12-02 18:30:00,0.0
2024-12-02 19:00:00,0.0
2024-12-02 19:30:00,0.0
2024-12-02 20:00:00,0.0
2024-12-02 20:30:00,0.0
2024-12-02 21:00:00,0.0
2024-12-02 21:30:00,0.0
2024-12-02 22:00:00,0.0
2024-12-02 22:30:00,0.0
2024-12-02 23:00:00,0.0
2024-12-02 23:30:00,0.0
2024-12-03 00:00:00,0.0
2024-12-03 00:30:00,0.0
2024-12-03 01:00:00,0.0
2024-12-03 01:30:00,0.0
2024-12-03 02:00:00,0.0
2024-12-03 02:30:00,0.0
2024-12-03 03:00:00,0.0
2024-12-03 03:30:00,0.0
2024-12-03 04:00:00,0.0
2024-12-03 04:30:00,0.0
2024-12-03 05:00:00,0.0
2024-12-03 05:30:00,0.0
2024-12-03 06:00:00,0.0
2024-12-03 06:30:00,0.0
2024-12-03 07:00:00,0.0
2024-12-03 07:30:00,0.0
2024-12-03 08:00:00,0.0
2024-12-03 08:30:00,0.0
2024-12-03 09:00:00,0.0
2024-12-03 09:30:00,0.0
2024-12-03 10:00:00,0.0
2024-12-03 10:30:00,0.0
2024-12-03 11:00:00,0.0
2024-12-03 11:30:00,0.0
2024-12-03 12:00:00,0.0
2024-12-03 12:30:00,0.0
2024-12-03 13:00:00,0.0
2024-12-03 13:30:00,32.26666666666666
2024-12-03 14:00:00,21.983333333333313
2024-12-03 14:30:00,33.66666666666666
2024-12-03 15:00:00,43.7333333333334
2024-12-03 15:30:00,65.66666666666652
2024-12-03 16:00:00,123.53333333333333
2024-12-03 16:30:00,149.10000000000014
2024-12-03 17:00:00,182.03333333333325
2024-12-03 17:30:00,99.4666666666666
2024-12-03 18:00:00,43.3333333333334
2024-12-03 18:30:00,0.0
2024-12-03 19:00:00,0.0
2024-12-03 19:30:00,0.0
2024-12-03 20:00:00,0.0
2024-12-03 20:30:00,0.0
2024-12-03 21:00:00,0.0
2024-12-03 21:30:00,108.0833333333334
2024-12-03 22:00:00,348.33333333333337
2024-12-03 22:30:00,323.3666666666666
2024-12-03 23:00:00,238.44999999999993
2024-12-03 23:30:00,237.81666666666672
2024-12-04 00:00:00,2.36666666666666
2024-12-04 00:30:00,11.83333333333334
2024-12-04 01:00:00,0.0
2024-12-04 01:30:00,0.0
2024-12-04 02:00:00,0.0
2024-12-04 02:30:00,0.0
2024-12-04 03:00:00,0.0
2024-12-04 03:30:00,0.0
2024-12-04 04:00:00,0.0
2024-12-04 04:30:00,0.0
2024-12-04 05:00:00,0.0
2024-12-04 05:30:00,0.0
2024-12-04 06:00:00,0.0
2024-12-04 06:30:00,0.0
2024-12-04 07:00:00,0.0
2024-12-04 07:30:00,0.0
2024-12-04 08:00:00,0.0
2024-12-04 08:30:00,0.0
2024-12-04 09:00:00,0.0
2024-12-04 09:30:00,0.0
2024-12-04 10:00:00,0.0
2024-12-04 10:30:00,0.0
2024-12-04 11:00:00,0.0
2024-12-04 11:30:00,0.0
2024-12-04 12:00:00,0.0
2024-12-04 12:30:00,0.0
2024-12-04 13:00:00,0.0
2024-12-04 13:30:00,0.0
2024-12-04 14:00:00,0.0
2024-12-04 14:30:00,111.9999999999998
2024-12-04 15:00:00,108.38333333333325
2024-12-04 15:30:00,126.98333333333315
2024-12-04 16:00:00,221.10000000000002
2024-12-04 16:30:00,217.1833333333334
2024-12-04 17:00:00,192.19999999999987
2024-12-04 17:30:00,259.31666666666666
2024-12-04 18:00:00,362.3000000000002
2024-12-04 18:30:00,324.4833333333334
2024-12-04 19:00:00,274.0000000000002
2024-12-04 19:30:00,225.54999999999987
2024-12-04 20:00:00,304.4
2024-12-04 20:30:00,262.15
2024-12-04 21:00:00,325.3833333333334
2024-12-04 21:30:00,279.81666666666666
2024-12-04 22:00:00,355.4
2024-12-04 22:30:00,313.15
2024-12-04 23:00:00,262.4833333333334
2024-12-04 23:30:00,211.81666666666666
2024-12-05 00:00:00,286.4
2024-12-05 00:30:00,359.9666666666666
2024-12-05 01:00:00,314.7333333333334
2024-12-05 01:30:00,261.4
2024-12-05 02:00:00,358.2
2024-12-05 02:30:00,348.4666666666666
2024-12-05 03:00:00,309.5
2024-12-05 03:30:00,275.83333333333337
2024-12-05 04:00:00,368.41666666666663
2024-12-05 04:30:00,261.2833333333334
2024-12-05 05:00:00,304.5000000000002
2024-12-05 05:30:00,268.76666666666677
2024-12-05 06:00:00,247.4666666666666
2024-12-05 06:30:00,235.01666666666682
2024-12-05 07:00:00,239.45
2024-12-05 07:30:00,227.8666666666668
2024-12-05 08:00:00,214.4
2024-12-05 08:30:00,215.7333333333334
2024-12-05 09:00:00,213.26666666666682
2024-12-05 09:30:00,211.2666666666668
2024-12-05 10:00:00,206.4
2024-12-05 10:30:00,212.6166666666668
2024-12-05 11:00:00,50.6
2024-12-05 11:30:00,39.683333333333266
2024-12-05 12:00:00,47.6833333333334
2024-12-05 12:30:00,87.29999999999987
2024-12-05 13:00:00,222.49999999999994
2024-12-05 13:30:00,113.40000000000013
2024-12-05 14:00:00,196.7333333333334
2024-12-05 14:30:00,115.7166666666668
2024-12-05 15:00:00,139.7166666666668
2024-12-05 15:30:00,32.7
2024-12-05 16:00:00,0.0
2024-12-05 16:30:00,11.28333333333332
2024-12-05 17:00:00,191.3333333333332
2024-12-05 17:30:00,128.2166666666668
2024-12-05 18:00:00,63.53333333333332
2024-12-05 18:30:00,63.2833333333334
2024-12-05 19:00:00,179.8
2024-12-05 19:30:00,80.3666666666668
2024-12-05 20:00:00,37.31666666666668
2024-12-05 20:30:00,132.71666666666647
2024-12-05 21:00:00,152.75
2024-12-05 21:30:00,92.7666666666668
2024-12-05 22:00:00,35.20000000000002
2024-12-05 22:30:00,127.6166666666666
2024-12-05 23:00:00,172.9333333333332
2024-12-05 23:30:00,113.3166666666666
2024-12-06 00:00:00,45.033333333333346
2024-12-06 00:30:00,191.15000000000015
2024-12-06 01:00:00,239.5
2024-12-06 01:30:00,155.4833333333332
2024-12-06 02:00:00,60.71666666666666
2024-12-06 02:30:00,230.6166666666666
2024-12-06 03:00:00,252.26666666666682
2024-12-06 03:30:00,164.6666666666668
2024-12-06 04:00:00,64.85000000000005
2024-12-06 04:30:00,248.68333333333334
2024-12-06 05:00:00,288.7166666666666
2024-12-06 05:30:00,199.1166666666666
2024-12-06 06:00:00,80.93333333333347
2024-12-06 06:30:00,304.4
2024-12-06 07:00:00,337.76666666666677
2024-12-06 07:30:00,214.8166666666666
2024-12-06 08:00:00,332.6166666666668
2024-12-06 08:30:00,380.51666666666677
2024-12-06 09:00:00,291.0277777777777
2024-12-06 09:30:00,364.2388888888888
2024-12-06 10:00:00,71.6666666666666
2024-12-06 10:30:00,239.85
2024-12-06 11:00:00,5.6
2024-12-06 11:30:00,17.70000000000002
2024-12-06 12:00:00,65.05000000000008
2024-12-06 12:30:00,48.3
2024-12-06 13:00:00,0.0
2024-12-06 13:30:00,0.0
2024-12-06 14:00:00,0.0
2024-12-06 14:30:00,0.0
2024-12-06 15:00:00,0.0
2024-12-06 15:30:00,0.0
2024-12-06 16:00:00,0.0
2024-12-06 16:30:00,0.0
2024-12-06 17:00:00,0.0
2024-12-06 17:30:00,0.0
2024-12-06 18:00:00,0.0
2024-12-06 18:30:00,0.0
2024-12-06 19:00:00,0.0
2024-12-06 19:30:00,0.0
2024-12-06 20:00:00,0.0
2024-12-06 20:30:00,7.1499999999999995
2024-12-06 21:00:00,54.833333333333314
2024-12-06 21:30:00,34.45
2024-12-06 22:00:00,16.05
2024-12-06 22:30:00,15.88333333333332
2024-12-06 23:00:00,14.28333333333334
2024-12-06 23:30:00,14.35
2024-12-07 00:00:00,24.56666666666668
2024-12-07 00:30:00,20.283333333333317
2024-12-07 01:00:00,12.75
2024-12-07 01:30:00,12.7
2024-12-07 02:00:00,9.316666666666679
2024-12-07 02:30:00,8.35
2024-12-07 03:00:00,4.85
2024-12-07 03:30:00,8.383333333333326
2024-12-07 04:00:00,10.96666666666666
2024-12-07 04:30:00,13.71666666666666
2024-12-07 05:00:00,18.599999999999998
2024-12-07 05:30:00,27.76666666666668
2024-12-07 06:00:00,37.7
2024-12-07 06:30:00,55.23333333333334
2024-12-07 07:00:00,56.56666666666666
2024-12-07 07:30:00,71.89999999999993
2024-12-07 08:00:00,90.23333333333333
2024-12-07 08:30:00,102.5333333333334
2024-12-07 09:00:00,117.1
2024-12-07 09:30:00,137.9166666666666
2024-12-07 10:00:00,161.7666666666666
2024-12-07 10:30:00,189.2666666666666
2024-12-07 11:00:00,213.0
2024-12-07 11:30:00,234.2333333333334
2024-12-07 12:00:00,281.6333333333334
2024-12-07 12:30:00,294.4833333333334
2024-12-07 13:00:00,288.2
2024-12-07 13:30:00,265.7333333333332
2024-12-07 14:00:00,237.88333333333338
2024-12-07 14:30:00,328.8
2024-12-07 15:00:00,310.75
2024-12-07 15:30:00,276.3166666666666
2024-12-07 16:00:00,238.65000000000015
2024-12-07 16:30:00,327.2666666666668
2024-12-07 17:00:00,302.9333333333334
2024-12-07 17:30:00,268.7000000000002
2024-12-07 18:00:00,232.08333333333346
2024-12-07 18:30:00,317.3
2024-12-07 19:00:00,296.66666666666663
2024-12-07 19:30:00,262.81666666666683
2024-12-07 20:00:00,229.85
2024-12-07 20:30:00,315.65
2024-12-07 21:00:00,298.2166666666666
2024-12-07 21:30:00,261.45
2024-12-07 22:00:00,227.20000000000005
2024-12-07 22:30:00,304.65
2024-12-07 23:00:00,283.41666666666663
2024-12-07 23:30:00,255.4666666666666
2024-12-08 00:00:00,227.3
2024-12-08 00:30:00,315.4166666666668
2024-12-08 01:00:00,296.7
2024-12-08 01:30:00,264.5
2024-12-08 02:00:00,231.46666666666653
2024-12-08 02:30:00,315.4333333333334
2024-12-08 03:00:00,294.6499999999998
2024-12-08 03:30:00,264.9
2024-12-08 04:00:00,233.1666666666668
2024-12-08 04:30:00,320.2833333333334
2024-12-08 05:00:00,301.25
2024-12-08 05:30:00,268.7333333333334
2024-12-08 06:00:00,233.73333333333346
2024-12-08 06:30:00,319.4166666666668
2024-12-08 07:00:00,297.1
2024-12-08 07:30:00,258.3000000000002
2024-12-08 08:00:00,190.10000000000005
2024-12-08 08:30:00,370.1166666666668
2024-12-08 09:00:00,295.8499999999998
2024-12-08 09:30:00,186.61666666666667
2024-12-08 10:00:00,160.50000000000009
2024-12-08 10:30:00,323.75
2024-12-08 11:00:00,217.3500000000002
2024-12-08 11:30:00,190.41666666666674
2024-12-08 12:00:00,185.26666666666674
2024-12-08 12:30:00,238.53333333333313
2024-12-08 13:00:00,239.6499999999998
2024-12-08 13:30:00,136.76666666666654
2024-12-08 14:00:00,151.1333333333332
2024-12-08 14:30:00,207.2666666666668
2024-12-08 15:00:00,110.0833333333332
2024-12-08 15:30:00,90.66666666666674
2024-12-08 16:00:00,28.86666666666668
2024-12-08 16:30:00,139.65
2024-12-08 17:00:00,64.56666666666673
2024-12-08 17:30:00,37.56666666666666
2024-12-08 18:00:00,63.233333333333334
2024-12-08 18:30:00,45.8833333333334
2024-12-08 19:00:00,26.65
2024-12-08 19:30:00,0.0
2024-12-08 20:00:00,0.0
2024-12-08 20:30:00,0.0
2024-12-08 21:00:00,0.0
2024-12-08 21:30:00,0.0
2024-12-08 22:00:00,0.0
2024-12-08 22:30:00,0.0
2024-12-08 23:00:00,0.0
2024-12-08 23:30:00,0.0
2024-12-09 00:00:00,0.0
2024-12-09 00:30:00,0.0
2024-12-09 01:00:00,0.0
2024-12-09 01:30:00,0.0
2024-12-09 02:00:00,0.0
2024-12-09 02:30:00,0.0
2024-12-09 03:00:00,0.0
2024-12-09 03:30:00,0.0
2024-12-09 04:00:00,0.0
2024-12-09 04:30:00,0.0
2024-12-09 05:00:00,0.0
2024-12-09 05:30:00,0.0
2024-12-09 06:00:00,0.0
2024-12-09 06:30:00,0.0
2024-12-09 07:00:00,0.0
2024-12-09 07:30:00,0.0
2024-12-09 08:00:00,0.0
2024-12-09 08:30:00,0.0
2024-12-09 09:00:00,0.0
2024-12-09 09:30:00,0.0
2024-12-09 10:00:00,0.0
2024-12-09 10:30:00,0.0
2024-12-09 11:00:00,0.0
2024-12-09 11:30:00,0.0
2024-12-09 12:00:00,0.0
2024-12-09 12:30:00,0.0
2024-12-09 13:00:00,0.0
2024-12-09 13:30:00,0.0
2024-12-09 14:00:00,0.0
2024-12-09 14:30:00,0.0
2024-12-09 15:00:00,0.0
2024-12-09 15:30:00,0.0
2024-12-09 16:00:00,0.0
2024-12-09 16:30:00,0.0
2024-12-09 17:00:00,0.0
2024-12-09 17:30:00,0.0
2024-12-09 18:00:00,0.0
2024-12-09 18:30:00,0.0
2024-12-09 19:00:00,0.0
2024-12-09 19:30:00,0.0
2024-12-09 20:00:00,0.0
2024-12-09 20:30:00,0.0
2024-12-09 21:00:00,0.0
2024-12-09 21:30:00,0.0
2024-12-09 22:00:00,0.0
2024-12-09 22:30:00,0.0
2024-12-09 23:00:00,0.0
2024-12-09 23:30:00,0.0
2024-12-10 00:00:00,0.0
2024-12-10 00:30:00,0.0
2024-12-10 01:00:00,0.0
2024-12-10 01:30:00,0.0
2024-12-10 02:00:00,0.0
2024-12-10 02:30:00,0.0
2024-12-10 03:00:00,0.0
2024-12-10 03:30:00,0.0
2024-12-10 04:00:00,0.0
2024-12-10 04:30:00,0.0
2024-12-10 05:00:00,0.0
2024-12-10 05:30:00,0.0
2024-12-10 06:00:00,0.0
2024-12-10 06:30:00,0.0
2024-12-10 07:00:00,0.0
2024-12-10 07:30:00,0.0
2024-12-10 08:00:00,0.0
2024-12-10 08:30:00,0.0
2024-12-10 09:00:00,0.0
2024-12-10 09:30:00,0.0
2024-12-10 10:00:00,0.0
2024-12-10 10:30:00,0.0
2024-12-10 11:00:00,0.0
2024-12-10 11:30:00,0.0
2024-12-10 12:00:00,0.0
2024-12-10 12:30:00,0.0
2024-12-10 13:00:00,0.0
2024-12-10 13:30:00,0.0
2024-12-10 14:00:00,0.0
2024-12-10 14:30:00,0.0
2024-12-10 15:00:00,0.0
2024-12-10 15:30:00,0.0
2024-12-10 16:00:00,0.0
2024-12-10 16:30:00,0.0
2024-12-10 17:00:00,0.0
2024-12-10 17:30:00,0.0
2024-12-10 18:00:00,0.0
2024-12-10 18:30:00,0.0
2024-12-10 19:00:00,0.0
2024-12-10 19:30:00,0.0
2024-12-10 20:00:00,0.0
2024-12-10 20:30:00,0.0
2024-12-10 21:00:00,0.0
2024-12-10 21:30:00,0.0
2024-12-10 22:00:00,0.0
2024-12-10 22:30:00,0.0
2024-12-10 23:00:00,0.0
2024-12-10 23:30:00,0.0
2024-12-11 00:00:00,0.0
2024-12-11 00:30:00,0.0
2024-12-11 01:00:00,0.0
2024-12-11 01:30:00,0.0
2024-12-11 02:00:00,0.0
2024-12-11 02:30:00,0.0
2024-12-11 03:00:00,0.0
2024-12-11 03:30:00,0.0
2024-12-11 04:00:00,0.0
2024-12-11 04:30:00,0.0
2024-12-11 05:00:00,0.0
2024-12-11 05:30:00,0.0
2024-12-11 06:00:00,0.0
2024-12-11 06:30:00,0.0
2024-12-11 07:00:00,0.0
2024-12-11 07:30:00,0.0
2024-12-11 08:00:00,0.0
2024-12-11 08:30:00,0.0
2024-12-11 09:00:00,0.0
2024-12-11 09:30:00,0.0
2024-12-11 10:00:00,0.0
2024-12-11 10:30:00,0.0
2024-12-11 11:00:00,0.0
2024-12-11 11:30:00,0.0
2024-12-11 12:00:00,0.0
2024-12-11 12:30:00,0.0
2024-12-11 13:00:00,0.0
2024-12-11 13:30:00,0.0
2024-12-11 14:00:00,0.0
2024-12-11 14:30:00,0.0
2024-12-11 15:00:00,0.0
2024-12-11 15:30:00,0.0
2024-12-11 16:00:00,0.0
2024-12-11 16:30:00,0.0
2024-12-11 17:00:00,0.0
2024-12-11 17:30:00,0.0
2024-12-11 18:00:00,0.0
2024-12-11 18:30:00,0.0
2024-12-11 19:00:00,0.0
2024-12-11 19:30:00,0.0
2024-12-11 20:00:00,0.0
2024-12-11 20:30:00,0.0
2024-12-11 21:00:00,0.0
2024-12-11 21:30:00,0.0
2024-12-11 22:00:00,0.0
2024-12-11 22:30:00,0.0
2024-12-11 23:00:00,0.0
2024-12-11 23:30:00,0.0
2024-12-12 00:00:00,0.0
2024-12-12 00:30:00,0.0
2024-12-12 01:00:00,0.0
2024-12-12 01:30:00,0.0
2024-12-12 02:00:00,0.0
2024-12-12 02:30:00,0.0
2024-12-12 03:00:00,0.0
2024-12-12 03:30:00,0.0
2024-12-12 04:00:00,0.0
2024-12-12 04:30:00,0.0
2024-12-12 05:00:00,0.0
2024-12-12 05:30:00,0.0
2024-12-12 06:00:00,0.0
2024-12-12 06:30:00,0.0
2024-12-12 07:00:00,0.0
2024-12-12 07:30:00,0.0
2024-12-12 08:00:00,0.0
2024-12-12 08:30:00,0.0
2024-12-12 09:00:00,0.0
2024-12-12 09:30:00,0.0
2024-12-12 10:00:00,0.0
2024-12-12 10:30:00,0.0
2024-12-12 11:00:00,0.0
2024-12-12 11:30:00,0.0
2024-12-12 12:00:00,0.0
2024-12-12 12:30:00,0.0
2024-12-12 13:00:00,0.0
2024-12-12 13:30:00,0.0
2024-12-12 14:00:00,0.0
2024-12-12 14:30:00,0.0
2024-12-12 15:00:00,0.0
2024-12-12 15:30:00,0.0
2024-12-12 16:00:00,0.0
2024-12-12 16:30:00,0.0
2024-12-12 17:00:00,0.0
2024-12-12 17:30:00,0.0
2024-12-12 18:00:00,0.0
2024-12-12 18:30:00,0.0
2024-12-12 19:00:00,0.0
2024-12-12 19:30:00,0.0
2024-12-12 20:00:00,0.0
2024-12-12 20:30:00,0.0
2024-12-12 21:00:00,0.0
2024-12-12 21:30:00,0.0
2024-12-12 22:00:00,0.0
2024-12-12 22:30:00,0.0
2024-12-12 23:00:00,0.0
2024-12-12 23:30:00,0.0
2024-12-13 00:00:00,0.0
2024-12-13 00:30:00,0.0
2024-12-13 01:00:00,0.0
2024-12-13 01:30:00,0.0
2024-12-13 02:00:00,0.0
2024-12-13 02:30:00,0.0
2024-12-13 03:00:00,0.0
2024-12-13 03:30:00,0.0
2024-12-13 04:00:00,0.0
2024-12-13 04:30:00,0.0
2024-12-13 05:00:00,0.0
2024-12-13 05:30:00,0.0
2024-12-13 06:00:00,0.0
2024-12-13 06:30:00,0.0
2024-12-13 07:00:00,0.0
2024-12-13 07:30:00,0.0
2024-12-13 08:00:00,0.0
2024-12-13 08:30:00,0.0
2024-12-13 09:00:00,0.0
2024-12-13 09:30:00,0.0
2024-12-13 10:00:00,0.0
2024-12-13 10:30:00,0.0
2024-12-13 11:00:00,0.0
2024-12-13 11:30:00,0.0
2024-12-13 12:00:00,0.0
2024-12-13 12:30:00,0.0
2024-12-13 13:00:00,0.0
2024-12-13 13:30:00,0.0
2024-12-13 14:00:00,0.0
2024-12-13 14:30:00,0.0
2024-12-13 15:00:00,0.0
2024-12-13 15:30:00,0.0
2024-12-13 16:00:00,0.0
2024-12-13 16:30:00,0.0
2024-12-13 17:00:00,0.0
2024-12-13 17:30:00,0.0
2024-12-13 18:00:00,0.0
2024-12-13 18:30:00,0.0
2024-12-13 19:00:00,0.0
2024-12-13 19:30:00,0.0
2024-12-13 20:00:00,0.0
2024-12-13 20:30:00,0.0
2024-12-13 21:00:00,0.0
2024-12-13 21:30:00,0.0
2024-12-13 22:00:00,0.0
2024-12-13 22:30:00,0.0
2024-12-13 23:00:00,0.0
2024-12-13 23:30:00,0.0
2024-12-14 00:00:00,0.0
2024-12-14 00:30:00,0.0
2024-12-14 01:00:00,0.0
2024-12-14 01:30:00,0.0
2024-12-14 02:00:00,0.0
2024-12-14 02:30:00,0.0
2024-12-14 03:00:00,0.0
2024-12-14 03:30:00,0.0
2024-12-14 04:00:00,0.0
2024-12-14 04:30:00,0.0
2024-12-14 05:00:00,0.0
2024-12-14 05:30:00,0.0
2024-12-14 06:00:00,0.0
2024-12-14 06:30:00,0.0
2024-12-14 07:00:00,0.0
2024-12-14 07:30:00,0.0
2024-12-14 08:00:00,0.0
2024-12-14 08:30:00,0.0
2024-12-14 09:00:00,0.0
2024-12-14 09:30:00,0.0
2024-12-14 10:00:00,0.0
2024-12-14 10:30:00,0.0
2024-12-14 11:00:00,0.0
2024-12-14 11:30:00,0.0
2024-12-14 12:00:00,0.0
2024-12-14 12:30:00,0.0
2024-12-14 13:00:00,0.0
2024-12-14 13:30:00,0.0
2024-12-14 14:00:00,0.0
2024-12-14 14:30:00,0.0
2024-12-14 15:00:00,0.0
2024-12-14 15:30:00,0.0
2024-12-14 16:00:00,0.0
2024-12-14 16:30:00,0.0
2024-12-14 17:00:00,0.0
2024-12-14 17:30:00,0.0
2024-12-14 18:00:00,0.0
2024-12-14 18:30:00,0.0
2024-12-14 19:00:00,0.0
2024-12-14 19:30:00,0.0
2024-12-14 20:00:00,0.0
2024-12-14 20:30:00,0.0
2024-12-14 21:00:00,0.0
2024-12-14 21:30:00,0.0
2024-12-14 22:00:00,0.0
2024-12-14 22:30:00,0.0
2024-12-14 23:00:00,0.0
2024-12-14 23:30:00,0.0
2024-12-15 00:00:00,0.0
2024-12-15 00:30:00,0.0
2024-12-15 01:00:00,0.0
2024-12-15 01:30:00,0.0
2024-12-15 02:00:00,0.0
2024-12-15 02:30:00,0.0
2024-12-15 03:00:00,0.0
2024-12-15 03:30:00,0.0
2024-12-15 04:00:00,0.0
2024-12-15 04:30:00,67.65
2024-12-15 05:00:00,143.66666666666666
2024-12-15 05:30:00,137.35
2024-12-15 06:00:00,137.4
2024-12-15 06:30:00,114.1666666666666
2024-12-15 07:00:00,114.11666666666659
2024-12-15 07:30:00,117.4166666666666
2024-12-15 08:00:00,117.4166666666666
2024-12-15 08:30:00,117.4166666666666
2024-12-15 09:00:00,118.39999999999993
2024-12-15 09:30:00,124.13333333333325
2024-12-15 10:00:00,124.13333333333325
2024-12-15 10:30:00,115.09999999999994
2024-12-15 11:00:00,111.71666666666661
2024-12-15 11:30:00,111.1166666666666
2024-12-15 12:00:00,111.1166666666666
2024-12-15 12:30:00,111.46666666666661
2024-12-15 13:00:00,123.1833333333334
2024-12-15 13:30:00,111.1166666666666
2024-12-15 14:00:00,111.1166666666666
2024-12-15 14:30:00,111.1166666666666
2024-12-15 15:00:00,111.1166666666666
2024-12-15 15:30:00,131.4166666666666
2024-12-15 16:00:00,127.55
2024-12-15 16:30:00,131.28333333333342
2024-12-15 17:00:00,196.0333333333334
2024-12-15 17:30:00,146.85
2024-12-15 18:00:00,146.85
2024-12-15 18:30:00,137.3166666666666
2024-12-15 19:00:00,6.2
2024-12-15 19:30:00,173.3166666666666
2024-12-15 20:00:00,28.63333333333332
2024-12-15 20:30:00,236.0
2024-12-15 21:00:00,28.63333333333332
2024-12-15 21:30:00,236.4166666666666
2024-12-15 22:00:00,31.96666666666666
2024-12-15 22:30:00,279.7833333333333
2024-12-15 23:00:00,42.31666666666666
2024-12-15 23:30:00,263.68333333333334
2024-12-16 00:00:00,54.96666666666666
2024-12-16 00:30:00,288.41666666666663
2024-12-16 01:00:00,45.91666666666666
2024-12-16 01:30:00,264.6166666666667
2024-12-16 02:00:00,62.96666666666666
2024-12-16 02:30:00,285.2833333333334
2024-12-16 03:00:00,45.91666666666666
2024-12-16 03:30:00,264.6166666666667
2024-12-16 04:00:00,63.96666666666666
2024-12-16 04:30:00,286.05
2024-12-16 05:00:00,46.36666666666666
2024-12-16 05:30:00,264.73333333333335
2024-12-16 06:00:00,63.96666666666666
2024-12-16 06:30:00,282.0666666666666
2024-12-16 07:00:00,167.20000000000005
2024-12-16 07:30:00,107.16666666666667
2024-12-16 08:00:00,119.77499999999999
2024-12-16 08:30:00,195.30833333333334
2024-12-16 09:00:00,99.7083333333334
2024-12-16 09:30:00,173.97500000000008
2024-12-16 10:00:00,48.24166666666665
2024-12-16 10:30:00,123.77499999999993
2024-12-16 11:00:00,28.174999999999994
2024-12-16 11:30:00,123.39999999999993
2024-12-16 12:00:00,63.03333333333332
2024-12-16 12:30:00,140.99999999999994
2024-12-16 13:00:00,45.633333333333326
2024-12-16 13:30:00,119.9
2024-12-16 14:00:00,62.999999999999986
2024-12-16 14:30:00,140.98333333333326
2024-12-16 15:00:00,44.90833333333333
2024-12-16 15:30:00,118.925
2024-12-16 16:00:00,61.625
2024-12-16 16:30:00,137.5083333333334
2024-12-16 17:00:00,43.025000000000006
2024-12-16 17:30:00,113.76666666666667
2024-12-16 18:00:00,57.96666666666672
2024-12-16 18:30:00,124.32499999999993
2024-12-16 19:00:00,32.00833333333334
2024-12-16 19:30:00,92.29166666666669
2024-12-16 20:00:00,42.916666666666735
2024-12-16 20:30:00,104.51666666666674
2024-12-16 21:00:00,92.08333333333326
2024-12-16 21:30:00,88.01666666666674
2024-12-16 22:00:00,124.9166666666668
2024-12-16 22:30:00,6.93333333333334
2024-12-16 23:00:00,0.0
2024-12-16 23:30:00,0.0
2024-12-17 00:00:00,0.0
2024-12-17 00:30:00,0.0
2024-12-17 01:00:00,0.0
2024-12-17 01:30:00,0.0
2024-12-17 02:00:00,0.0
2024-12-17 02:30:00,0.0
2024-12-17 03:00:00,0.0
2024-12-17 03:30:00,0.0
2024-12-17 04:00:00,0.0
2024-12-17 04:30:00,0.0
2024-12-17 05:00:00,0.0
2024-12-17 05:30:00,0.0
2024-12-17 06:00:00,0.0
2024-12-17 06:30:00,0.0
2024-12-17 07:00:00,0.0
2024-12-17 07:30:00,0.0
2024-12-17 08:00:00,0.0
2024-12-17 08:30:00,0.0
2024-12-17 09:00:00,0.0
2024-12-17 09:30:00,0.0
2024-12-17 10:00:00,0.0
2024-12-17 10:30:00,0.0
2024-12-17 11:00:00,45.24999999999998
2024-12-17 11:30:00,44.66666666666666
2024-12-17 12:00:00,47.68333333333334
2024-12-17 12:30:00,58.11666666666668
2024-12-17 13:00:00,109.5
2024-12-17 13:30:00,123.7833333333334
2024-12-17 14:00:00,141.1833333333334
2024-12-17 14:30:00,184.8833333333332
2024-12-17 15:00:00,229.1666666666666
2024-12-17 15:30:00,204.6666666666668
2024-12-17 16:00:00,181.61666666666662
2024-12-17 16:30:00,183.6
2024-12-17 17:00:00,188.0166666666666
2024-12-17 17:30:00,181.4
2024-12-17 18:00:00,173.15
2024-12-17 18:30:00,218.2500000000002
2024-12-17 19:00:00,261.8333333333332
2024-12-17 19:30:00,285.9166666666668
2024-12-17 20:00:00,246.26666666666665
2024-12-17 20:30:00,266.70000000000005
2024-12-17 21:00:00,285.01666666666677
2024-12-17 21:30:00,321.6833333333336
2024-12-17 22:00:00,344.4333333333334
2024-12-17 22:30:00,356.2
2024-12-17 23:00:00,283.67777777777775
2024-12-17 23:30:00,314.65
2024-12-18 00:00:00,335.7166666666668
2024-12-18 00:30:00,234.63333333333327
2024-12-18 01:00:00,266.7833333333333
2024-12-18 01:30:00,296.45
2024-12-18 02:00:00,218.5444444444444
2024-12-18 02:30:00,243.25000000000014
2024-12-18 03:00:00,265.4166666666668
2024-12-18 03:30:00,262.36666666666673
2024-12-18 04:00:00,271.26666666666665
2024-12-18 04:30:00,190.63333333333335
2024-12-18 05:00:00,189.71666666666675
2024-12-18 05:30:00,190.63333333333335
2024-12-18 06:00:00,209.21666666666673
2024-12-18 06:30:00,151.70000000000005
2024-12-18 07:00:00,338.1166666666668
2024-12-18 07:30:00,197.6
2024-12-18 08:00:00,425.0
2024-12-18 08:30:00,279.3166666666666
2024-12-18 09:00:00,426.0
2024-12-18 09:30:00,368.65
2024-12-18 10:00:00,147.61666666666667
2024-12-18 10:30:00,329.6333333333334
2024-12-18 11:00:00,423.0
2024-12-18 11:30:00,149.05
2024-12-18 12:00:00,425.0
2024-12-18 12:30:00,265.55
2024-12-18 13:00:00,337.2
2024-12-18 13:30:00,282.05
2024-12-18 14:00:00,357.0
2024-12-18 14:30:00,380.45
2024-12-18 15:00:00,327.9333333333334
2024-12-18 15:30:00,260.6333333333334
2024-12-18 16:00:00,334.0
2024-12-18 16:30:00,298.2
2024-12-18 17:00:00,332.2166666666666
2024-12-18 17:30:00,241.53333333333342
2024-12-18 18:00:00,276.65
2024-12-18 18:30:00,298.2
2024-12-18 19:00:00,332.2166666666666
2024-12-18 19:30:00,241.53333333333342
2024-12-18 20:00:00,276.65
2024-12-18 20:30:00,298.2
2024-12-18 21:00:00,331.45
2024-12-18 21:30:00,241.1
2024-12-18 22:00:00,263.55
2024-12-18 22:30:00,289.5166666666666
2024-12-18 23:00:00,328.1
2024-12-18 23:30:00,242.08333333333334
2024-12-19 00:00:00,263.55
2024-12-19 00:30:00,289.5166666666666
2024-12-19 01:00:00,328.1
2024-12-19 01:30:00,195.95
2024-12-19 02:00:00,247.5833333333334
2024-12-19 02:30:00,20.16666666666666
2024-12-19 03:00:00,0.0
2024-12-19 03:30:00,0.0
2024-12-19 04:00:00,0.0
2024-12-19 04:30:00,0.0
2024-12-19 05:00:00,0.0
2024-12-19 05:30:00,133.1166666666666
2024-12-19 06:00:00,39.60833333333334
2024-12-19 06:30:00,409.175
2024-12-19 07:00:00,238.95
2024-12-19 07:30:00,108.0166666666666
2024-12-19 08:00:00,410.0
2024-12-19 08:30:00,310.7833333333334
2024-12-19 09:00:00,23.78333333333334
2024-12-19 09:30:00,77.1
2024-12-19 10:00:00,79.2
2024-12-19 10:30:00,423.0
2024-12-19 11:00:00,149.7
2024-12-19 11:30:00,79.2
2024-12-19 12:00:00,149.7
2024-12-19 12:30:00,65.1
2024-12-19 13:00:00,135.6
2024-12-19 13:30:00,51.0
2024-12-19 14:00:00,93.5333333333334
2024-12-19 14:30:00,135.9333333333334
2024-12-19 15:00:00,424.0
2024-12-19 15:30:00,137.2333333333334
2024-12-19 16:00:00,87.4
2024-12-19 16:30:00,93.86666666666659
2024-12-19 17:00:00,70.45000000000007
2024-12-19 17:30:00,427.0
2024-12-19 18:00:00,73.9333333333334
2024-12-19 18:30:00,415.0166666666666
2024-12-19 19:00:00,83.16666666666666
2024-12-19 19:30:00,131.60277777777776
2024-12-19 20:00:00,52.9055555555556
2024-12-19 20:30:00,0.0
2024-12-19 21:00:00,0.0
2024-12-19 21:30:00,0.0
2024-12-19 22:00:00,0.0
2024-12-19 22:30:00,0.0
2024-12-19 23:00:00,0.0
2024-12-19 23:30:00,0.0
2024-12-20 00:00:00,0.0
2024-12-20 00:30:00,0.0
2024-12-20 01:00:00,0.0
2024-12-20 01:30:00,0.0
2024-12-20 02:00:00,0.0
2024-12-20 02:30:00,0.0
2024-12-20 03:00:00,0.0
2024-12-20 03:30:00,0.0
2024-12-20 04:00:00,0.0
2024-12-20 04:30:00,31.88333333333332
2024-12-20 05:00:00,43.55000000000002
2024-12-20 05:30:00,64.1
2024-12-20 06:00:00,84.75000000000014
2024-12-20 06:30:00,112.4833333333334
2024-12-20 07:00:00,132.7333333333336
2024-12-20 07:30:00,149.3166666666668
2024-12-20 08:00:00,134.1
2024-12-20 08:30:00,203.96666666666658
2024-12-20 09:00:00,132.19444444444446
2024-12-20 09:30:00,138.35000000000005
2024-12-20 10:00:00,98.7333333333332
2024-12-20 10:30:00,87.93333333333334
2024-12-20 11:00:00,161.8166666666666
2024-12-20 11:30:00,205.4000000000002
2024-12-20 12:00:00,240.5333333333336
2024-12-20 12:30:00,124.38333333333334
2024-12-20 13:00:00,181.44999999999982
2024-12-20 13:30:00,202.9
2024-12-20 14:00:00,126.73333333333326
2024-12-20 14:30:00,172.8583333333334
2024-12-20 15:00:00,175.38333333333333
2024-12-20 15:30:00,175.4333333333332
2024-12-20 16:00:00,180.51666666666665
2024-12-20 16:30:00,182.3416666666668
2024-12-20 17:00:00,145.66666666666654
2024-12-20 17:30:00,131.95
2024-12-20 18:00:00,147.40555555555557
2024-12-20 18:30:00,160.01111111111092
2024-12-20 19:00:00,106.07222222222215
2024-12-20 19:30:00,128.9611111111111
2024-12-20 20:00:00,171.67222222222216
2024-12-20 20:30:00,106.98333333333319
2024-12-20 21:00:00,106.28333333333333
2024-12-20 21:30:00,106.5416666666666
2024-12-20 22:00:00,103.88333333333341
2024-12-20 22:30:00,80.04166666666667
2024-12-20 23:00:00,120.18333333333327
2024-12-20 23:30:00,131.30833333333328
2024-12-21 00:00:00,128.75000000000006
2024-12-21 00:30:00,14.83333333333336
2024-12-21 01:00:00,150.46666666666658
2024-12-21 01:30:00,106.58333333333326
2024-12-21 02:00:00,133.53333333333347
2024-12-21 02:30:00,151.195238095238
2024-12-21 03:00:00,4.199999999999999
2024-12-21 03:30:00,10.95
2024-12-21 04:00:00,34.25
2024-12-21 04:30:00,83.0333333333334
2024-12-21 05:00:00,114.8833333333334
2024-12-21 05:30:00,171.4
2024-12-21 06:00:00,77.05000000000008
2024-12-21 06:30:00,237.9166666666666
2024-12-21 07:00:00,348.5666666666666
2024-12-21 07:30:00,227.85
2024-12-21 08:00:00,302.11666666666656
2024-12-21 08:30:00,280.0166666666666
2024-12-21 09:00:00,232.13333333333338
2024-12-21 09:30:00,227.1833333333334
2024-12-21 10:00:00,205.0166666666666
2024-12-21 10:30:00,276.2666666666666
2024-12-21 11:00:00,363.3833333333334
2024-12-21 11:30:00,257.6833333333334
2024-12-21 12:00:00,209.85
2024-12-21 12:30:00,287.5
2024-12-21 13:00:00,264.3
2024-12-21 13:30:00,135.1
2024-12-21 14:00:00,330.85
2024-12-21 14:30:00,318.66666666666663
2024-12-21 15:00:00,270.3
2024-12-21 15:30:00,263.2
2024-12-21 16:00:00,242.0
2024-12-21 16:30:00,194.39999999999998
2024-12-21 17:00:00,268.9
2024-12-21 17:30:00,286.35
2024-12-21 18:00:00,248.0
2024-12-21 18:30:00,322.5
2024-12-21 19:00:00,301.3
2024-12-21 19:30:00,172.1
2024-12-21 20:00:00,171.45
2024-12-21 20:30:00,171.65
2024-12-21 21:00:00,172.4166666666666
2024-12-21 21:30:00,172.4
2024-12-21 22:00:00,170.8
2024-12-21 22:30:00,198.7333333333334
2024-12-21 23:00:00,198.5333333333332
2024-12-21 23:30:00,191.85
2024-12-22 00:00:00,192.85
2024-12-22 00:30:00,192.8333333333334
2024-12-22 01:00:00,192.4833333333332
2024-12-22 01:30:00,190.9499999999998
2024-12-22 02:00:00,190.4
2024-12-22 02:30:00,168.9333333333334
2024-12-22 03:00:00,173.20000000000002
2024-12-22 03:30:00,173.6500000000002
2024-12-22 04:00:00,173.9
2024-12-22 04:30:00,173.3666666666668
2024-12-22 05:00:00,169.3166666666666
2024-12-22 05:30:00,175.25
2024-12-22 06:00:00,181.71666666666638
2024-12-22 06:30:00,186.1666666666666
2024-12-22 07:00:00,147.2999999999998
2024-12-22 07:30:00,161.6833333333332
2024-12-22 08:00:00,174.2833333333334
2024-12-22 08:30:00,180.7333333333336
2024-12-22 09:00:00,190.13333333333338
2024-12-22 09:30:00,194.4
2024-12-22 10:00:00,199.6833333333334
2024-12-22 10:30:00,200.7833333333332
2024-12-22 11:00:00,201.56666666666658
2024-12-22 11:30:00,201.5166666666666
2024-12-22 12:00:00,202.0
2024-12-22 12:30:00,201.5166666666666
2024-12-22 13:00:00,202.0
2024-12-22 13:30:00,201.5333333333334
2024-12-22 14:00:00,202.0
2024-12-22 14:30:00,203.1833333333334
2024-12-22 15:00:00,203.2
2024-12-22 15:30:00,203.1833333333334
2024-12-22 16:00:00,203.2
2024-12-22 16:30:00,201.5333333333334
2024-12-22 17:00:00,202.0
2024-12-22 17:30:00,201.5333333333334
2024-12-22 18:00:00,202.0
2024-12-22 18:30:00,201.5333333333334
2024-12-22 19:00:00,202.9166666666666
2024-12-22 19:30:00,202.9166666666666
2024-12-22 20:00:00,203.3666666666666
2024-12-22 20:30:00,218.1666666666666
2024-12-22 21:00:00,218.63333333333338
2024-12-22 21:30:00,218.1666666666666
2024-12-22 22:00:00,217.39999999999998
2024-12-22 22:30:00,217.39999999999998
2024-12-22 23:00:00,216.54999999999998
2024-12-22 23:30:00,216.1
2024-12-23 00:00:00,214.31666666666678
2024-12-23 00:30:00,215.0833333333334
2024-12-23 01:00:00,213.2333333333334
2024-12-23 01:30:00,210.0333333333332
2024-12-23 02:00:00,211.11666666666662
2024-12-23 02:30:00,207.46666666666658
2024-12-23 03:00:00,204.2666666666666
2024-12-23 03:30:00,193.2000000000002
2024-12-23 04:00:00,179.8166666666666
2024-12-23 04:30:00,172.2666666666666
2024-12-23 05:00:00,163.6333333333334
2024-12-23 05:30:00,58.8666666666666
2024-12-23 06:00:00,0.0
2024-12-23 06:30:00,0.0
2024-12-23 07:00:00,0.0
2024-12-23 07:30:00,0.0
2024-12-23 08:00:00,0.0
2024-12-23 08:30:00,0.0
2024-12-23 09:00:00,0.0
2024-12-23 09:30:00,0.0
2024-12-23 10:00:00,0.0
2024-12-23 10:30:00,0.0
2024-12-23 11:00:00,0.0
2024-12-23 11:30:00,0.0
2024-12-23 12:00:00,0.0
2024-12-23 12:30:00,0.0
2024-12-23 13:00:00,0.0
2024-12-23 13:30:00,0.0
2024-12-23 14:00:00,0.0
2024-12-23 14:30:00,0.0
2024-12-23 15:00:00,0.0
2024-12-23 15:30:00,0.0
2024-12-23 16:00:00,0.0
2024-12-23 16:30:00,0.0
2024-12-23 17:00:00,0.0
2024-12-23 17:30:00,0.0
2024-12-23 18:00:00,0.0
2024-12-23 18:30:00,0.0
2024-12-23 19:00:00,0.0
2024-12-23 19:30:00,0.0
2024-12-23 20:00:00,161.6166666666668
2024-12-23 20:30:00,2.4
2024-12-23 21:00:00,102.29444444444451
2024-12-23 21:30:00,229.3611111111113
2024-12-23 22:00:00,186.2333333333332
2024-12-23 22:30:00,133.76666666666665
2024-12-23 23:00:00,203.05
2024-12-23 23:30:00,198.48333333333346
2024-12-24 00:00:00,139.16666666666666
2024-12-24 00:30:00,93.8666666666666
2024-12-24 01:00:00,204.03333333333333
2024-12-24 01:30:00,171.09999999999994
2024-12-24 02:00:00,222.98333333333326
2024-12-24 02:30:00,214.1666666666666
2024-12-24 03:00:00,184.4
2024-12-24 03:30:00,166.86666666666665
2024-12-24 04:00:00,147.5333333333334
2024-12-24 04:30:00,219.3333333333332
2024-12-24 05:00:00,216.13333333333338
2024-12-24 05:30:00,187.45000000000002
2024-12-24 06:00:00,157.38333333333347
2024-12-24 06:30:00,123.78333333333335
2024-12-24 07:00:00,104.36666666666667
2024-12-24 07:30:00,158.6833333333332
2024-12-24 08:00:00,107.50000000000006
2024-12-24 08:30:00,80.15000000000008
2024-12-24 09:00:00,93.13333333333334
2024-12-24 09:30:00,92.78333333333327
2024-12-24 10:00:00,131.48333333333335
2024-12-24 10:30:00,137.01666666666665
2024-12-24 11:00:00,140.58333333333326
2024-12-24 11:30:00,184.7166666666668
2024-12-24 12:00:00,174.23333333333326
2024-12-24 12:30:00,261.53333333333336
2024-12-24 13:00:00,175.1166666666668
2024-12-24 13:30:00,174.36666666666667
2024-12-24 14:00:00,174.56666666666666
2024-12-24 14:30:00,174.4333333333334
2024-12-24 15:00:00,174.3333333333334
2024-12-24 15:30:00,175.2166666666668
2024-12-24 16:00:00,175.2166666666668
2024-12-24 16:30:00,259.5333333333334
2024-12-24 17:00:00,180.2833333333334
2024-12-24 17:30:00,149.9833333333334
2024-12-24 18:00:00,136.1833333333334
2024-12-24 18:30:00,136.1833333333334
2024-12-24 19:00:00,136.35000000000005
2024-12-24 19:30:00,136.35000000000005
2024-12-24 20:00:00,136.35000000000005
2024-12-24 20:30:00,136.35000000000005
2024-12-24 21:00:00,136.35000000000005
2024-12-24 21:30:00,136.35000000000005
2024-12-24 22:00:00,127.1833333333334
2024-12-24 22:30:00,254.0833333333334
2024-12-24 23:00:00,197.0833333333334
2024-12-24 23:30:00,134.0833333333334
2024-12-25 00:00:00,189.88333333333338
2024-12-25 00:30:00,254.0833333333334
2024-12-25 01:00:00,197.0833333333334
2024-12-25 01:30:00,134.0833333333334
2024-12-25 02:00:00,189.88333333333338
2024-12-25 02:30:00,254.0833333333334
2024-12-25 03:00:00,197.0833333333334
2024-12-25 03:30:00,134.0833333333334
2024-12-25 04:00:00,190.05000000000007
2024-12-25 04:30:00,254.25000000000006
2024-12-25 05:00:00,197.25000000000006
2024-12-25 05:30:00,134.25000000000006
2024-12-25 06:00:00,190.05000000000007
2024-12-25 06:30:00,254.25000000000006
2024-12-25 07:00:00,197.25000000000006
2024-12-25 07:30:00,134.25000000000006
2024-12-25 08:00:00,190.21666666666675
2024-12-25 08:30:00,254.41666666666674
2024-12-25 09:00:00,197.41666666666674
2024-12-25 09:30:00,134.41666666666674
2024-12-25 10:00:00,189.54999999999995
2024-12-25 10:30:00,91.3833333333334
2024-12-25 11:00:00,197.31666666666678
2024-12-25 11:30:00,232.6
2024-12-25 12:00:00,246.81666666666678
2024-12-25 12:30:00,246.8
2024-12-25 13:00:00,243.81666666666678
2024-12-25 13:30:00,243.31666666666678
2024-12-25 14:00:00,242.6166666666666
2024-12-25 14:30:00,242.5166666666666
2024-12-25 15:00:00,238.7
2024-12-25 15:30:00,243.8666666666666
2024-12-25 16:00:00,248.46666666666678
2024-12-25 16:30:00,254.7166666666666
2024-12-25 17:00:00,254.2
2024-12-25 17:30:00,255.3666666666668
2024-12-25 18:00:00,255.35000000000002
2024-12-25 18:30:00,254.8333333333334
2024-12-25 19:00:00,254.8333333333334
2024-12-25 19:30:00,254.8333333333334
2024-12-25 20:00:00,254.85000000000002
2024-12-25 20:30:00,255.3666666666668
2024-12-25 21:00:00,255.3666666666668
2024-12-25 21:30:00,253.7166666666668
2024-12-25 22:00:00,242.2
2024-12-25 22:30:00,219.2833333333332
2024-12-25 23:00:00,186.76666666666662
2024-12-25 23:30:00,262.1666666666668
2024-12-26 00:00:00,204.75
2024-12-26 00:30:00,121.8666666666666
2024-12-26 01:00:00,123.60000000000001
2024-12-26 01:30:00,0.0
2024-12-26 02:00:00,0.0
2024-12-26 02:30:00,0.0
2024-12-26 03:00:00,0.0
2024-12-26 03:30:00,0.0
2024-12-26 04:00:00,0.0
2024-12-26 04:30:00,0.0
2024-12-26 05:00:00,0.0
2024-12-26 05:30:00,0.0
2024-12-26 06:00:00,0.0
2024-12-26 06:30:00,0.0
2024-12-26 07:00:00,0.0
2024-12-26 07:30:00,0.0
2024-12-26 08:00:00,0.0
2024-12-26 08:30:00,0.0
2024-12-26 09:00:00,0.0
2024-12-26 09:30:00,0.0
2024-12-26 10:00:00,0.0
2024-12-26 10:30:00,0.0
2024-12-26 11:00:00,0.0
2024-12-26 11:30:00,0.0
2024-12-26 12:00:00,0.0
2024-12-26 12:30:00,0.0
2024-12-26 13:00:00,0.0
2024-12-26 13:30:00,0.0
2024-12-26 14:00:00,0.0
2024-12-26 14:30:00,0.0
2024-12-26 15:00:00,0.0
2024-12-26 15:30:00,0.0
2024-12-26 16:00:00,0.0
2024-12-26 16:30:00,0.0
2024-12-26 17:00:00,0.0
2024-12-26 17:30:00,0.0
2024-12-26 18:00:00,0.0
2024-12-26 18:30:00,0.0
2024-12-26 19:00:00,0.0
2024-12-26 19:30:00,0.0
2024-12-26 20:00:00,0.0
2024-12-26 20:30:00,0.0
2024-12-26 21:00:00,0.0
2024-12-26 21:30:00,0.0
2024-12-26 22:00:00,0.0
2024-12-26 22:30:00,0.0
2024-12-26 23:00:00,0.0
2024-12-26 23:30:00,0.0
2024-12-27 00:00:00,0.0
2024-12-27 00:30:00,0.0
2024-12-27 01:00:00,0.0
2024-12-27 01:30:00,0.0
2024-12-27 02:00:00,0.0
2024-12-27 02:30:00,0.0
2024-12-27 03:00:00,0.0
2024-12-27 03:30:00,0.0
2024-12-27 04:00:00,0.0
2024-12-27 04:30:00,0.0
2024-12-27 05:00:00,0.0
2024-12-27 05:30:00,0.0
2024-12-27 06:00:00,0.0
2024-12-27 06:30:00,0.0
2024-12-27 07:00:00,0.0
2024-12-27 07:30:00,0.0
2024-12-27 08:00:00,0.0
2024-12-27 08:30:00,0.0
2024-12-27 09:00:00,0.0
2024-12-27 09:30:00,0.0
2024-12-27 10:00:00,0.0
2024-12-27 10:30:00,0.0
2024-12-27 11:00:00,0.0
2024-12-27 11:30:00,0.0
2024-12-27 12:00:00,0.0
2024-12-27 12:30:00,0.0
2024-12-27 13:00:00,0.0
2024-12-27 13:30:00,0.0
2024-12-27 14:00:00,0.0
2024-12-27 14:30:00,0.0
2024-12-27 15:00:00,0.0
2024-12-27 15:30:00,0.0
2024-12-27 16:00:00,0.0
2024-12-27 16:30:00,0.0
2024-12-27 17:00:00,0.0
2024-12-27 17:30:00,0.0
2024-12-27 18:00:00,0.0
2024-12-27 18:30:00,0.0
2024-12-27 19:00:00,0.0
2024-12-27 19:30:00,0.0
2024-12-27 20:00:00,0.0
2024-12-27 20:30:00,0.0
2024-12-27 21:00:00,0.0
2024-12-27 21:30:00,0.0
2024-12-27 22:00:00,0.0
2024-12-27 22:30:00,0.0
2024-12-27 23:00:00,0.0
2024-12-27 23:30:00,0.0
2024-12-28 00:00:00,0.0
2024-12-28 00:30:00,0.0
2024-12-28 01:00:00,0.0
2024-12-28 01:30:00,0.0
2024-12-28 02:00:00,0.0
2024-12-28 02:30:00,0.0
2024-12-28 03:00:00,0.0
2024-12-28 03:30:00,0.0
2024-12-28 04:00:00,0.0
2024-12-28 04:30:00,0.0
2024-12-28 05:00:00,0.0
2024-12-28 05:30:00,0.0
2024-12-28 06:00:00,0.0
2024-12-28 06:30:00,0.0
2024-12-28 07:00:00,0.0
2024-12-28 07:30:00,0.0
2024-12-28 08:00:00,0.0
2024-12-28 08:30:00,0.0
2024-12-28 09:00:00,0.0
2024-12-28 09:30:00,0.0
2024-12-28 10:00:00,0.0
2024-12-28 10:30:00,0.0
2024-12-28 11:00:00,0.0
2024-12-28 11:30:00,0.0
2024-12-28 12:00:00,0.0
2024-12-28 12:30:00,0.0
2024-12-28 13:00:00,0.0
2024-12-28 13:30:00,0.0
2024-12-28 14:00:00,0.0
2024-12-28 14:30:00,0.0
2024-12-28 15:00:00,0.0
2024-12-28 15:30:00,0.0
2024-12-28 16:00:00,0.0
2024-12-28 16:30:00,0.0
2024-12-28 17:00:00,0.0
2024-12-28 17:30:00,0.0
2024-12-28 18:00:00,101.25000000000006
2024-12-28 18:30:00,191.15000000000006
2024-12-28 19:00:00,7.2
2024-12-28 19:30:00,20.21666666666666
2024-12-28 20:00:00,35.06666666666666
2024-12-28 20:30:00,35.0
2024-12-28 21:00:00,35.06666666666666
2024-12-28 21:30:00,36.65
2024-12-28 22:00:00,36.56666666666666
2024-12-28 22:30:00,36.58333333333332
2024-12-28 23:00:00,36.56666666666666
2024-12-28 23:30:00,36.58333333333332
2024-12-29 00:00:00,36.66666666666666
2024-12-29 00:30:00,35.0
2024-12-29 01:00:00,35.08333333333332
2024-12-29 01:30:00,35.08333333333332
2024-12-29 02:00:00,42.0
2024-12-29 02:30:00,42.06666666666666
2024-12-29 03:00:00,42.0
2024-12-29 03:30:00,42.0
2024-12-29 04:00:00,41.55
2024-12-29 04:30:00,41.26666666666666
2024-12-29 05:00:00,41.2
2024-12-29 05:30:00,58.05
2024-12-29 06:00:00,58.26666666666672
2024-12-29 06:30:00,58.00000000000006
2024-12-29 07:00:00,58.58333333333338
2024-12-29 07:30:00,57.70000000000006
2024-12-29 08:00:00,60.24999999999994
2024-12-29 08:30:00,68.13333333333328
2024-12-29 09:00:00,68.09999999999998
2024-12-29 09:30:00,66.86666666666672
2024-12-29 10:00:00,65.6333333333334
2024-12-29 10:30:00,63.71666666666672
2024-12-29 11:00:00,59.69999999999994
2024-12-29 11:30:00,58.51666666666674
2024-12-29 12:00:00,47.0166666666666
2024-12-29 12:30:00,42.25000000000002
2024-12-29 13:00:00,34.68333333333334
2024-12-29 13:30:00,32.26666666666666
2024-12-29 14:00:00,28.98333333333334
2024-12-29 14:30:00,25.23333333333332
2024-12-29 15:00:00,21.85
2024-12-29 15:30:00,17.59999999999998
2024-12-29 16:00:00,13.533333333333326
2024-12-29 16:30:00,11.983333333333334
2024-12-29 17:00:00,10.6
2024-12-29 17:30:00,7.48333333333334
2024-12-29 18:00:00,4.699999999999999
2024-12-29 18:30:00,4.683333333333334
2024-12-29 19:00:00,7.78333333333334
2024-12-29 19:30:00,7.583333333333332
2024-12-29 20:00:00,7.6
2024-12-29 20:30:00,7.683333333333334
2024-12-29 21:00:00,7.71666666666666
2024-12-29 21:30:00,9.416666666666668
2024-12-29 22:00:00,11.633333333333326
2024-12-29 22:30:00,12.866666666666674
2024-12-29 23:00:00,15.283333333333355
2024-12-29 23:30:00,17.43333333333332
2024-12-30 00:00:00,18.88333333333332
2024-12-30 00:30:00,25.066666666666674
2024-12-30 01:00:00,14.433333333333334
2024-12-30 01:30:00,13.483333333333347
2024-12-30 02:00:00,12.233333333333334
2024-12-30 02:30:00,10.316666666666674
2024-12-30 03:00:00,10.083333333333334
2024-12-30 03:30:00,10.183333333333334
2024-12-30 04:00:00,10.78333333333334
2024-12-30 04:30:00,10.100000000000014
2024-12-30 05:00:00,9.9
2024-12-30 05:30:00,10.0
2024-12-30 06:00:00,10.549999999999986
2024-12-30 06:30:00,12.533333333333335
2024-12-30 07:00:00,16.699999999999985
2024-12-30 07:30:00,19.633333333333347
2024-12-30 08:00:00,23.599999999999994
2024-12-30 08:30:00,33.25
2024-12-30 09:00:00,42.01666666666668
2024-12-30 09:30:00,46.6166666666666
2024-12-30 10:00:00,50.35000000000006
2024-12-30 10:30:00,44.33333333333334
2024-12-30 11:00:00,40.18333333333334
2024-12-30 11:30:00,37.816666666666684
2024-12-30 12:00:00,36.71666666666668
2024-12-30 12:30:00,39.0
2024-12-30 13:00:00,45.23333333333328
2024-12-30 13:30:00,42.466666666666654
2024-12-30 14:00:00,41.06666666666666
2024-12-30 14:30:00,41.63333333333334
2024-12-30 15:00:00,50.76666666666658
2024-12-30 15:30:00,32.783333333333324
2024-12-30 16:00:00,7.65
2024-12-30 16:30:00,0.0
2024-12-30 17:00:00,0.0
2024-12-30 17:30:00,0.0
2024-12-30 18:00:00,0.0
2024-12-30 18:30:00,0.0
2024-12-30 19:00:00,0.0
2024-12-30 19:30:00,0.0
2024-12-30 20:00:00,0.0
2024-12-30 20:30:00,0.0
2024-12-30 21:00:00,0.0
2024-12-30 21:30:00,10.100000000000014
2024-12-30 22:00:00,9.299999999999994
2024-12-30 22:30:00,8.183333333333326
2024-12-30 23:00:00,9.749999999999993
2024-12-30 23:30:00,8.683333333333334
2024-12-31 00:00:00,9.366666666666665
2024-12-31 00:30:00,10.433333333333332
2024-12-31 01:00:00,11.666666666666666
2024-12-31 01:30:00,19.73333333333332
2024-12-31 02:00:00,0.0
2024-12-31 02:30:00,0.0
2024-12-31 03:00:00,0.0
2024-12-31 03:30:00,0.0
2024-12-31 04:00:00,0.0
2024-12-31 04:30:00,0.0
2024-12-31 05:00:00,0.0
2024-12-31 05:30:00,0.0
2024-12-31 06:00:00,1.15
2024-12-31 06:30:00,234.96666666666667
2024-12-31 07:00:00,193.0666666666666
2024-12-31 07:30:00,225.6666666666666
2024-12-31 08:00:00,261.1333333333332
2024-12-31 08:30:00,305.5166666666666
2024-12-31 09:00:00,347.2833333333334
2024-12-31 09:30:00,275.9333333333334
2024-12-31 10:00:00,278.1166666666666
2024-12-31 10:30:00,280.2333333333334
2024-12-31 11:00:00,190.96666666666658
2024-12-31 11:30:00,357.7833333333332
2024-12-31 12:00:00,351.0333333333332
2024-12-31 12:30:00,212.55
2024-12-31 13:00:00,360.2333333333334
2024-12-31 13:30:00,362.0833333333332
2024-12-31 14:00:00,364.23333333333323
2024-12-31 14:30:00,365.05
2024-12-31 15:00:00,367.61666666666656
2024-12-31 15:30:00,366.86666666666656
2024-12-31 16:00:00,366.4166666666668
2024-12-31 16:30:00,366.4166666666668
2024-12-31 17:00:00,362.75000000000017
2024-12-31 17:30:00,362.76666666666677
2024-12-31 18:00:00,365.4333333333334
2024-12-31 18:30:00,365.4333333333334
2024-12-31 19:00:00,280.0
2024-12-31 19:30:00,280.01666666666665
2024-12-31 20:00:00,290.25
2024-12-31 20:30:00,290.2666666666666
2024-12-31 21:00:00,294.51666666666677
2024-12-31 21:30:00,300.95
2024-12-31 22:00:00,301.4000000000002
2024-12-31 22:30:00,309.45000000000016
2024-12-31 23:00:00,280.7166666666668
2024-12-31 23:30:00,258.5
2025-01-01 00:00:00,273.3166666666668
2025-01-01 00:30:00,273.3166666666668
2025-01-01 01:00:00,273.3
2025-01-01 01:30:00,272.4
2025-01-01 02:00:00,273.3166666666668
2025-01-01 02:30:00,273.3166666666668
2025-01-01 03:00:00,273.33333333333337
2025-01-01 03:30:00,264.0333333333334
2025-01-01 04:00:00,264.3666666666668
2025-01-01 04:30:00,264.6666666666668
2025-01-01 05:00:00,264.3166666666666
2025-01-01 05:30:00,262.6833333333332
2025-01-01 06:00:00,263.25
2025-01-01 06:30:00,233.2666666666666
2025-01-01 07:00:00,198.1
2025-01-01 07:30:00,207.6666666666668
2025-01-01 08:00:00,267.5166666666666
2025-01-01 08:30:00,19.96666666666666
2025-01-01 09:00:00,0.0
2025-01-01 09:30:00,0.0
2025-01-01 10:00:00,20.01666666666668
2025-01-01 10:30:00,111.71666666666661
2025-01-01 11:00:00,107.66666666666674
2025-01-01 11:30:00,114.5166666666666
2025-01-01 12:00:00,133.8833333333332
2025-01-01 12:30:00,62.15000000000006
2025-01-01 13:00:00,413.0
2025-01-01 13:30:00,120.35
2025-01-01 14:00:00,98.44999999999995
2025-01-01 14:30:00,93.6
2025-01-01 15:00:00,61.3333333333334
2025-01-01 15:30:00,27.6
2025-01-01 16:00:00,60.1333333333334
2025-01-01 16:30:00,205.6916666666666
2025-01-01 17:00:00,169.00833333333318
2025-01-01 17:30:00,110.4166666666666
2025-01-01 18:00:00,178.9166666666666
2025-01-01 18:30:00,168.9999999999999
2025-01-01 19:00:00,204.28333333333325
2025-01-01 19:30:00,187.1
2025-01-01 20:00:00,175.63333333333333
2025-01-01 20:30:00,201.9333333333332
2025-01-01 21:00:00,232.05
2025-01-01 21:30:00,116.5
2025-01-01 22:00:00,6.1
2025-01-01 22:30:00,155.4666666666668
2025-01-01 23:00:00,0.0
2025-01-01 23:30:00,0.0
2025-01-02 00:00:00,0.0
2025-01-02 00:30:00,0.0
2025-01-02 01:00:00,0.0
2025-01-02 01:30:00,0.0
2025-01-02 02:00:00,0.0
2025-01-02 02:30:00,0.0
2025-01-02 03:00:00,0.0
2025-01-02 03:30:00,0.0
2025-01-02 04:00:00,0.0
2025-01-02 04:30:00,0.0
2025-01-02 05:00:00,0.0
2025-01-02 05:30:00,5.31666666666666
2025-01-02 06:00:00,75.15
2025-01-02 06:30:00,49.96666666666666
2025-01-02 07:00:00,50.08333333333334
2025-01-02 07:30:00,20.78333333333334
2025-01-02 08:00:00,21.825
2025-01-02 08:30:00,176.10000000000002
2025-01-02 09:00:00,106.8
2025-01-02 09:30:00,95.22500000000007
2025-01-02 10:00:00,138.70000000000005
2025-01-02 10:30:00,53.4333333333334
2025-01-02 11:00:00,4.75
2025-01-02 11:30:00,1.9
2025-01-02 12:00:00,19.43333333333334
2025-01-02 12:30:00,0.0
2025-01-02 13:00:00,0.0
2025-01-02 13:30:00,0.0
2025-01-02 14:00:00,0.0
2025-01-02 14:30:00,0.0
2025-01-02 15:00:00,0.0
2025-01-02 15:30:00,0.0
2025-01-02 16:00:00,0.0
2025-01-02 16:30:00,0.0
2025-01-02 17:00:00,0.0
2025-01-02 17:30:00,0.0
2025-01-02 18:00:00,0.0
2025-01-02 18:30:00,0.0
2025-01-02 19:00:00,0.0
2025-01-02 19:30:00,0.0
2025-01-02 20:00:00,228.5666666666668
2025-01-02 20:30:00,139.46666666666673
2025-01-02 21:00:00,12.399999999999999
2025-01-02 21:30:00,40.8
2025-01-02 22:00:00,376.0
2025-01-02 22:30:00,146.13333333333327
2025-01-02 23:00:00,143.5
2025-01-02 23:30:00,272.16666666666663
2025-01-03 00:00:00,141.9
2025-01-03 00:30:00,172.5666666666666
2025-01-03 01:00:00,207.75
2025-01-03 01:30:00,139.43333333333345
2025-01-03 02:00:00,137.61666666666673
2025-01-03 02:30:00,135.93333333333334
2025-01-03 03:00:00,134.84999999999985
2025-01-03 03:30:00,135.13333333333335
2025-01-03 04:00:00,135.63333333333333
2025-01-03 04:30:00,133.6666666666666
2025-01-03 05:00:00,132.63333333333333
2025-01-03 05:30:00,131.10000000000005
2025-01-03 06:00:00,131.38333333333327
2025-01-03 06:30:00,137.71666666666673
2025-01-03 07:00:00,86.05000000000007
2025-01-03 07:30:00,81.8
2025-01-03 08:00:00,81.7333333333334
2025-01-03 08:30:00,79.2833333333334
2025-01-03 09:00:00,78.0166666666668
2025-01-03 09:30:00,74.9166666666668
2025-01-03 10:00:00,73.1833333333334
2025-01-03 10:30:00,71.30000000000001
2025-01-03 11:00:00,72.3666666666666
2025-01-03 11:30:00,77.5666666666666
2025-01-03 12:00:00,0.0
2025-01-03 12:30:00,0.0
2025-01-03 13:00:00,0.0
2025-01-03 13:30:00,0.0
2025-01-03 14:00:00,0.0
2025-01-03 14:30:00,0.0
2025-01-03 15:00:00,0.0
2025-01-03 15:30:00,0.0
2025-01-03 16:00:00,0.0
2025-01-03 16:30:00,0.0
2025-01-03 17:00:00,0.0
2025-01-03 17:30:00,0.0
2025-01-03 18:00:00,0.0
2025-01-03 18:30:00,0.0
2025-01-03 19:00:00,0.0
2025-01-03 19:30:00,0.0
2025-01-03 20:00:00,0.0
2025-01-03 20:30:00,0.0
2025-01-03 21:00:00,0.0
2025-01-03 21:30:00,0.0
2025-01-03 22:00:00,0.0
2025-01-03 22:30:00,0.0
2025-01-03 23:00:00,0.0
2025-01-03 23:30:00,0.0
2025-01-04 00:00:00,0.0
2025-01-04 00:30:00,0.0
2025-01-04 01:00:00,0.0
2025-01-04 01:30:00,0.0
2025-01-04 02:00:00,0.0
2025-01-04 02:30:00,0.0
2025-01-04 03:00:00,0.0
2025-01-04 03:30:00,0.0
2025-01-04 04:00:00,0.0
2025-01-04 04:30:00,0.0
2025-01-04 05:00:00,0.0
2025-01-04 05:30:00,0.0
2025-01-04 06:00:00,0.0
2025-01-04 06:30:00,0.0
2025-01-04 07:00:00,0.0
2025-01-04 07:30:00,0.0
2025-01-04 08:00:00,0.0
2025-01-04 08:30:00,0.0
2025-01-04 09:00:00,0.0
2025-01-04 09:30:00,0.0
2025-01-04 10:00:00,0.0
2025-01-04 10:30:00,0.0
2025-01-04 11:00:00,0.0
2025-01-04 11:30:00,0.0
2025-01-04 12:00:00,0.0
2025-01-04 12:30:00,0.0
2025-01-04 13:00:00,0.0
2025-01-04 13:30:00,0.0
2025-01-04 14:00:00,0.0
2025-01-04 14:30:00,0.0
2025-01-04 15:00:00,0.0
2025-01-04 15:30:00,0.0
2025-01-04 16:00:00,0.0
2025-01-04 16:30:00,0.0
2025-01-04 17:00:00,0.0
2025-01-04 17:30:00,0.0
2025-01-04 18:00:00,0.0
2025-01-04 18:30:00,0.0
2025-01-04 19:00:00,0.0
2025-01-04 19:30:00,0.0
2025-01-04 20:00:00,0.0
2025-01-04 20:30:00,0.0
2025-01-04 21:00:00,0.0
2025-01-04 21:30:00,0.0
2025-01-04 22:00:00,0.0
2025-01-04 22:30:00,0.0
2025-01-04 23:00:00,0.0
2025-01-04 23:30:00,0.0
2025-01-05 00:00:00,0.0
2025-01-05 00:30:00,0.0
2025-01-05 01:00:00,0.0
2025-01-05 01:30:00,0.0
2025-01-05 02:00:00,0.0
2025-01-05 02:30:00,0.0
2025-01-05 03:00:00,0.0
2025-01-05 03:30:00,0.0
2025-01-05 04:00:00,0.0
2025-01-05 04:30:00,0.0
2025-01-05 05:00:00,0.0
2025-01-05 05:30:00,0.0
2025-01-05 06:00:00,0.0
2025-01-05 06:30:00,0.0
2025-01-05 07:00:00,0.0
2025-01-05 07:30:00,0.0
2025-01-05 08:00:00,0.0
2025-01-05 08:30:00,0.0
2025-01-05 09:00:00,0.0
2025-01-05 09:30:00,0.0
2025-01-05 10:00:00,0.0
2025-01-05 10:30:00,0.0
2025-01-05 11:00:00,0.0
2025-01-05 11:30:00,0.0
2025-01-05 12:00:00,0.0
2025-01-05 12:30:00,0.0
2025-01-05 13:00:00,0.0
2025-01-05 13:30:00,0.0
2025-01-05 14:00:00,0.0
2025-01-05 14:30:00,0.0
2025-01-05 15:00:00,0.0
2025-01-05 15:30:00,0.0
2025-01-05 16:00:00,0.0
2025-01-05 16:30:00,0.0
2025-01-05 17:00:00,0.0
2025-01-05 17:30:00,0.0
2025-01-05 18:00:00,0.0
2025-01-05 18:30:00,0.0
2025-01-05 19:00:00,0.0
2025-01-05 19:30:00,0.0
2025-01-05 20:00:00,0.0
2025-01-05 20:30:00,0.0
2025-01-05 21:00:00,0.0
2025-01-05 21:30:00,0.0
2025-01-05 22:00:00,0.0
2025-01-05 22:30:00,0.0
2025-01-05 23:00:00,0.0
2025-01-05 23:30:00,0.0
2025-01-06 00:00:00,0.0
2025-01-06 00:30:00,0.0
2025-01-06 01:00:00,0.0
2025-01-06 01:30:00,0.0
2025-01-06 02:00:00,0.0
2025-01-06 02:30:00,0.0
2025-01-06 03:00:00,0.0
2025-01-06 03:30:00,0.0
2025-01-06 04:00:00,0.0
2025-01-06 04:30:00,0.0
2025-01-06 05:00:00,0.0
2025-01-06 05:30:00,0.0
2025-01-06 06:00:00,0.0
2025-01-06 06:30:00,0.0
2025-01-06 07:00:00,0.0
2025-01-06 07:30:00,0.0
2025-01-06 08:00:00,0.0
2025-01-06 08:30:00,0.0
2025-01-06 09:00:00,0.0
2025-01-06 09:30:00,0.0
2025-01-06 10:00:00,0.0
2025-01-06 10:30:00,0.0
2025-01-06 11:00:00,0.0
2025-01-06 11:30:00,0.0
2025-01-06 12:00:00,0.0
2025-01-06 12:30:00,0.0
2025-01-06 13:00:00,0.0
2025-01-06 13:30:00,0.0
2025-01-06 14:00:00,0.0
2025-01-06 14:30:00,0.0
2025-01-06 15:00:00,0.0
2025-01-06 15:30:00,0.0
2025-01-06 16:00:00,121.63333333333334
2025-01-06 16:30:00,118.6
2025-01-06 17:00:00,279.08333333333337
2025-01-06 17:30:00,211.0833333333334
2025-01-06 18:00:00,305.5333333333334
2025-01-06 18:30:00,203.60000000000005
2025-01-06 19:00:00,200.6222222222222
2025-01-06 19:30:00,137.3111111111112
2025-01-06 20:00:00,55.1
2025-01-06 20:30:00,208.5
2025-01-06 21:00:00,211.86666666666662
2025-01-06 21:30:00,45.73888888888887
2025-01-06 22:00:00,86.46666666666667
2025-01-06 22:30:00,124.86666666666659
2025-01-06 23:00:00,162.95
2025-01-06 23:30:00,200.95
2025-01-07 00:00:00,249.2166666666668
2025-01-07 00:30:00,248.58333333333343
2025-01-07 01:00:00,248.11666666666662
2025-01-07 01:30:00,248.58333333333343
2025-01-07 02:00:00,248.11666666666662
2025-01-07 02:30:00,248.5666666666668
2025-01-07 03:00:00,248.5666666666668
2025-01-07 03:30:00,182.9333333333334
2025-01-07 04:00:00,215.2166666666668
2025-01-07 04:30:00,200.4333333333334
2025-01-07 05:00:00,195.9833333333334
2025-01-07 05:30:00,191.6333333333334
2025-01-07 06:00:00,191.6333333333334
2025-01-07 06:30:00,183.53333333333342
2025-01-07 07:00:00,183.7583333333334
2025-01-07 07:30:00,183.7583333333334
2025-01-07 08:00:00,183.7583333333334
2025-01-07 08:30:00,183.7583333333334
2025-01-07 09:00:00,121.7333333333334
2025-01-07 09:30:00,202.4333333333334
2025-01-07 10:00:00,104.43333333333341
2025-01-07 10:30:00,302.2833333333334
2025-01-07 11:00:00,209.4333333333334
2025-01-07 11:30:00,104.43333333333341
2025-01-07 12:00:00,302.2833333333334
2025-01-07 12:30:00,209.4333333333334
2025-01-07 13:00:00,104.43333333333341
2025-01-07 13:30:00,302.2833333333334
2025-01-07 14:00:00,210.0
2025-01-07 14:30:00,104.4833333333334
2025-01-07 15:00:00,303.2833333333334
2025-01-07 15:30:00,210.0
2025-01-07 16:00:00,104.50000000000006
2025-01-07 16:30:00,193.88333333333333
2025-01-07 17:00:00,173.5166666666666
2025-01-07 17:30:00,49.15
2025-01-07 18:00:00,101.9
2025-01-07 18:30:00,85.71666666666665
2025-01-07 19:00:00,100.4
2025-01-07 19:30:00,91.3333333333334
2025-01-07 20:00:00,91.9
2025-01-07 20:30:00,91.1333333333334
2025-01-07 21:00:00,91.7166666666666
2025-01-07 21:30:00,91.7
2025-01-07 22:00:00,91.7166666666666
2025-01-07 22:30:00,91.7166666666666
2025-01-07 23:00:00,92.1666666666668
2025-01-07 23:30:00,92.7333333333334
2025-01-08 00:00:00,140.5833333333334
2025-01-08 00:30:00,139.5333333333332
2025-01-08 01:00:00,140.55
2025-01-08 01:30:00,140.3
2025-01-08 02:00:00,137.8333333333334
2025-01-08 02:30:00,141.8333333333334
2025-01-08 03:00:00,139.65
2025-01-08 03:30:00,144.8333333333334
2025-01-08 04:00:00,145.10000000000005
2025-01-08 04:30:00,141.01666666666665
2025-01-08 05:00:00,62.2
2025-01-08 05:30:00,12.3
2025-01-08 06:00:00,29.18333333333334
2025-01-08 06:30:00,18.916666666666664
2025-01-08 07:00:00,61.5
2025-01-08 07:30:00,14.6
2025-01-08 08:00:00,0.0
2025-01-08 08:30:00,0.0
2025-01-08 09:00:00,0.0
2025-01-08 09:30:00,0.0
2025-01-08 10:00:00,0.0
2025-01-08 10:30:00,0.0
2025-01-08 11:00:00,0.0
2025-01-08 11:30:00,0.0
2025-01-08 12:00:00,0.0
2025-01-08 12:30:00,0.0
2025-01-08 13:00:00,0.0
2025-01-08 13:30:00,0.0
2025-01-08 14:00:00,0.0
2025-01-08 14:30:00,0.0
2025-01-08 15:00:00,0.0
2025-01-08 15:30:00,0.0
2025-01-08 16:00:00,0.0
2025-01-08 16:30:00,0.0
2025-01-08 17:00:00,0.0
2025-01-08 17:30:00,0.0
2025-01-08 18:00:00,0.0
2025-01-08 18:30:00,0.0
2025-01-08 19:00:00,0.0
2025-01-08 19:30:00,0.0
2025-01-08 20:00:00,0.0
2025-01-08 20:30:00,0.0
2025-01-08 21:00:00,0.0
2025-01-08 21:30:00,0.0
2025-01-08 22:00:00,0.0
2025-01-08 22:30:00,0.0
2025-01-08 23:00:00,0.0
2025-01-08 23:30:00,0.0
2025-01-09 00:00:00,0.0
2025-01-09 00:30:00,0.0
2025-01-09 01:00:00,0.0
2025-01-09 01:30:00,0.0
2025-01-09 02:00:00,0.0
2025-01-09 02:30:00,0.0
2025-01-09 03:00:00,0.0
2025-01-09 03:30:00,0.0
2025-01-09 04:00:00,0.0
2025-01-09 04:30:00,73.3
2025-01-09 05:00:00,10.53333333333334
2025-01-09 05:30:00,0.0
2025-01-09 06:00:00,0.0
2025-01-09 06:30:00,0.0
2025-01-09 07:00:00,0.0
2025-01-09 07:30:00,0.0
2025-01-09 08:00:00,0.0
2025-01-09 08:30:00,0.0
2025-01-09 09:00:00,0.0
2025-01-09 09:30:00,0.0
2025-01-09 10:00:00,0.0
2025-01-09 10:30:00,0.0
2025-01-09 11:00:00,0.0
2025-01-09 11:30:00,0.0
2025-01-09 12:00:00,0.0
2025-01-09 12:30:00,0.0
2025-01-09 13:00:00,0.0
2025-01-09 13:30:00,0.0
2025-01-09 14:00:00,0.0
2025-01-09 14:30:00,0.0
2025-01-09 15:00:00,0.0
2025-01-09 15:30:00,0.0
2025-01-09 16:00:00,0.0
2025-01-09 16:30:00,0.0
2025-01-09 17:00:00,0.0
2025-01-09 17:30:00,0.0
2025-01-09 18:00:00,0.0
2025-01-09 18:30:00,0.0
2025-01-09 19:00:00,0.0
2025-01-09 19:30:00,0.0
2025-01-09 20:00:00,0.0
2025-01-09 20:30:00,0.0
2025-01-09 21:00:00,0.0
2025-01-09 21:30:00,0.0
2025-01-09 22:00:00,0.0
2025-01-09 22:30:00,0.0
2025-01-09 23:00:00,0.0
2025-01-09 23:30:00,0.0
2025-01-10 00:00:00,0.0
2025-01-10 00:30:00,0.0
2025-01-10 01:00:00,0.0
2025-01-10 01:30:00,0.0
2025-01-10 02:00:00,0.0
2025-01-10 02:30:00,0.0
2025-01-10 03:00:00,0.0
2025-01-10 03:30:00,0.0
2025-01-10 04:00:00,0.0
2025-01-10 04:30:00,0.0
2025-01-10 05:00:00,0.0
2025-01-10 05:30:00,0.0
2025-01-10 06:00:00,0.0
2025-01-10 06:30:00,0.0
2025-01-10 07:00:00,0.0
2025-01-10 07:30:00,0.0
2025-01-10 08:00:00,0.0
2025-01-10 08:30:00,0.0
2025-01-10 09:00:00,0.0
2025-01-10 09:30:00,0.0
2025-01-10 10:00:00,0.0
2025-01-10 10:30:00,0.0
2025-01-10 11:00:00,0.0
2025-01-10 11:30:00,0.0
2025-01-10 12:00:00,0.0
2025-01-10 12:30:00,0.0
2025-01-10 13:00:00,0.0
2025-01-10 13:30:00,0.0
2025-01-10 14:00:00,0.0
2025-01-10 14:30:00,0.0
2025-01-10 15:00:00,0.0
2025-01-10 15:30:00,0.0
2025-01-10 16:00:00,0.0
2025-01-10 16:30:00,0.0
2025-01-10 17:00:00,0.0
2025-01-10 17:30:00,0.0
2025-01-10 18:00:00,0.0
2025-01-10 18:30:00,0.0
2025-01-10 19:00:00,0.0
2025-01-10 19:30:00,0.0
2025-01-10 20:00:00,0.0
2025-01-10 20:30:00,0.0
2025-01-10 21:00:00,0.0
2025-01-10 21:30:00,0.0
2025-01-10 22:00:00,0.0
2025-01-10 22:30:00,0.0
2025-01-10 23:00:00,0.0
2025-01-10 23:30:00,0.0
2025-01-11 00:00:00,0.0
2025-01-11 00:30:00,0.0
2025-01-11 01:00:00,0.0
2025-01-11 01:30:00,0.0
2025-01-11 02:00:00,0.0
2025-01-11 02:30:00,0.0
2025-01-11 03:00:00,0.0
2025-01-11 03:30:00,0.0
2025-01-11 04:00:00,0.0
2025-01-11 04:30:00,0.0
2025-01-11 05:00:00,0.0
2025-01-11 05:30:00,0.0
2025-01-11 06:00:00,0.0
2025-01-11 06:30:00,0.0
2025-01-11 07:00:00,0.0
2025-01-11 07:30:00,0.0
2025-01-11 08:00:00,0.0
2025-01-11 08:30:00,0.0
2025-01-11 09:00:00,0.0
2025-01-11 09:30:00,0.0
2025-01-11 10:00:00,0.0
2025-01-11 10:30:00,0.0
2025-01-11 11:00:00,0.0
2025-01-11 11:30:00,0.0
2025-01-11 12:00:00,0.0
2025-01-11 12:30:00,0.0
2025-01-11 13:00:00,0.0
2025-01-11 13:30:00,0.0
2025-01-11 14:00:00,0.0
2025-01-11 14:30:00,0.0
2025-01-11 15:00:00,0.0
2025-01-11 15:30:00,0.0
2025-01-11 16:00:00,0.0
2025-01-11 16:30:00,0.0
2025-01-11 17:00:00,0.0
2025-01-11 17:30:00,0.0
2025-01-11 18:00:00,0.0
2025-01-11 18:30:00,0.0
2025-01-11 19:00:00,0.0
2025-01-11 19:30:00,0.0
2025-01-11 20:00:00,0.0
2025-01-11 20:30:00,0.0
2025-01-11 21:00:00,0.0
2025-01-11 21:30:00,0.0
2025-01-11 22:00:00,0.0
2025-01-11 22:30:00,0.0
2025-01-11 23:00:00,0.0
2025-01-11 23:30:00,0.0
2025-01-12 00:00:00,0.0
2025-01-12 00:30:00,0.0
2025-01-12 01:00:00,0.0
2025-01-12 01:30:00,0.0
2025-01-12 02:00:00,0.0
2025-01-12 02:30:00,0.0
2025-01-12 03:00:00,0.0
2025-01-12 03:30:00,0.0
2025-01-12 04:00:00,0.0
2025-01-12 04:30:00,0.0
2025-01-12 05:00:00,0.0
2025-01-12 05:30:00,0.0
2025-01-12 06:00:00,0.0
2025-01-12 06:30:00,0.0
2025-01-12 07:00:00,0.0
2025-01-12 07:30:00,0.0
2025-01-12 08:00:00,0.0
2025-01-12 08:30:00,0.0
2025-01-12 09:00:00,0.0
2025-01-12 09:30:00,0.0
2025-01-12 10:00:00,0.0
2025-01-12 10:30:00,0.0
2025-01-12 11:00:00,0.0
2025-01-12 11:30:00,0.0
2025-01-12 12:00:00,0.0
2025-01-12 12:30:00,0.0
2025-01-12 13:00:00,0.0
2025-01-12 13:30:00,0.0
2025-01-12 14:00:00,0.0
2025-01-12 14:30:00,0.0
2025-01-12 15:00:00,0.0
2025-01-12 15:30:00,0.0
2025-01-12 16:00:00,0.0
2025-01-12 16:30:00,0.0
2025-01-12 17:00:00,0.0
2025-01-12 17:30:00,0.0
2025-01-12 18:00:00,0.0
2025-01-12 18:30:00,0.0
2025-01-12 19:00:00,1.2
2025-01-12 19:30:00,112.2833333333334
2025-01-12 20:00:00,243.15
2025-01-12 20:30:00,229.28333333333342
2025-01-12 21:00:00,230.1333333333332
2025-01-12 21:30:00,209.5999999999998
2025-01-12 22:00:00,205.3
2025-01-12 22:30:00,237.85000000000002
2025-01-12 23:00:00,247.43333333333322
2025-01-12 23:30:00,246.5333333333332
2025-01-13 00:00:00,247.43333333333322
2025-01-13 00:30:00,248.18333333333322
2025-01-13 01:00:00,248.18333333333322
2025-01-13 01:30:00,247.2666666666666
2025-01-13 02:00:00,248.18333333333322
2025-01-13 02:30:00,247.2666666666666
2025-01-13 03:00:00,247.2666666666666
2025-01-13 03:30:00,247.2666666666666
2025-01-13 04:00:00,247.2666666666666
2025-01-13 04:30:00,247.2666666666666
2025-01-13 05:00:00,247.2666666666666
2025-01-13 05:30:00,247.2666666666666
2025-01-13 06:00:00,247.2666666666666
2025-01-13 06:30:00,247.2666666666666
2025-01-13 07:00:00,247.2666666666666
2025-01-13 07:30:00,247.2666666666666
2025-01-13 08:00:00,202.6333333333334
2025-01-13 08:30:00,173.45
2025-01-13 09:00:00,173.45
2025-01-13 09:30:00,173.45
2025-01-13 10:00:00,214.15
2025-01-13 10:30:00,138.3
2025-01-13 11:00:00,149.4333333333334
2025-01-13 11:30:00,93.3333333333334
2025-01-13 12:00:00,93.3333333333334
2025-01-13 12:30:00,91.6666666666666
2025-01-13 13:00:00,92.5833333333334
2025-01-13 13:30:00,92.5666666666666
2025-01-13 14:00:00,210.2166666666666
2025-01-13 14:30:00,230.6
2025-01-13 15:00:00,216.36666666666662
2025-01-13 15:30:00,166.6833333333332
2025-01-13 16:00:00,135.3166666666668
2025-01-13 16:30:00,291.41666666666663
2025-01-13 17:00:00,198.1166666666668
2025-01-13 17:30:00,196.6166666666668
2025-01-13 18:00:00,233.8333333333334
2025-01-13 18:30:00,321.6
2025-01-13 19:00:00,228.06666666666666
2025-01-13 19:30:00,221.68333333333345
2025-01-13 20:00:00,232.4833333333334
2025-01-13 20:30:00,320.95
2025-01-13 21:00:00,148.7833333333332
2025-01-13 21:30:00,216.55000000000015
2025-01-13 22:00:00,258.1833333333334
2025-01-13 22:30:00,283.65
2025-01-13 23:00:00,194.0666666666666
2025-01-13 23:30:00,216.4666666666668
2025-01-14 00:00:00,259.1
2025-01-14 00:30:00,284.4833333333334
2025-01-14 01:00:00,140.25000000000014
2025-01-14 01:30:00,268.4333333333334
2025-01-14 02:00:00,346.08333333333337
2025-01-14 02:30:00,250.3333333333334
2025-01-14 03:00:00,303.4333333333334
2025-01-14 03:30:00,169.5166666666666
2025-01-14 04:00:00,368.1833333333334
2025-01-14 04:30:00,257.1166666666666
2025-01-14 05:00:00,303.4333333333334
2025-01-14 05:30:00,213.7333333333334
2025-01-14 06:00:00,368.1833333333334
2025-01-14 06:30:00,321.7333333333334
2025-01-14 07:00:00,184.29999999999998
2025-01-14 07:30:00,254.8166666666668
2025-01-14 08:00:00,251.5166666666666
2025-01-14 08:30:00,251.5
2025-01-14 09:00:00,251.05
2025-01-14 09:30:00,251.2666666666666
2025-01-14 10:00:00,278.65
2025-01-14 10:30:00,163.65
2025-01-14 11:00:00,161.9833333333334
2025-01-14 11:30:00,158.45
2025-01-14 12:00:00,32.6333333333334
2025-01-14 12:30:00,0.0
2025-01-14 13:00:00,0.0
2025-01-14 13:30:00,0.0
2025-01-14 14:00:00,0.0
2025-01-14 14:30:00,0.0
2025-01-14 15:00:00,0.0
2025-01-14 15:30:00,0.0
2025-01-14 16:00:00,0.0
2025-01-14 16:30:00,0.0
2025-01-14 17:00:00,0.0
2025-01-14 17:30:00,0.0
2025-01-14 18:00:00,0.0
2025-01-14 18:30:00,0.0
2025-01-14 19:00:00,0.0
2025-01-14 19:30:00,0.0
2025-01-14 20:00:00,0.0
2025-01-14 20:30:00,0.0
2025-01-14 21:00:00,11.399999999999995
2025-01-14 21:30:00,146.7333333333332
2025-01-14 22:00:00,189.13333333333338
2025-01-14 22:30:00,197.56666666666672
2025-01-14 23:00:00,197.75
2025-01-14 23:30:00,199.03333333333333
2025-01-15 00:00:00,203.9833333333332
2025-01-15 00:30:00,205.4
2025-01-15 01:00:00,205.4333333333332
2025-01-15 01:30:00,206.05
2025-01-15 02:00:00,205.76666666666665
2025-01-15 02:30:00,204.98333333333326
2025-01-15 03:00:00,205.21666666666658
2025-01-15 03:30:00,204.29999999999998
2025-01-15 04:00:00,205.21666666666658
2025-01-15 04:30:00,204.2833333333332
2025-01-15 05:00:00,203.3666666666666
2025-01-15 05:30:00,203.3666666666666
2025-01-15 06:00:00,203.3666666666666
2025-01-15 06:30:00,203.3666666666666
2025-01-15 07:00:00,203.3666666666666
2025-01-15 07:30:00,203.3666666666666
2025-01-15 08:00:00,203.3666666666666
2025-01-15 08:30:00,203.3666666666666
2025-01-15 09:00:00,127.53333333333335
2025-01-15 09:30:00,206.4
2025-01-15 10:00:00,205.33333333333334
2025-01-15 10:30:00,284.2
2025-01-15 11:00:00,241.3
2025-01-15 11:30:00,245.3
2025-01-15 12:00:00,246.0
2025-01-15 12:30:00,245.9833333333334
2025-01-15 13:00:00,246.0
2025-01-15 13:30:00,245.9833333333334
2025-01-15 14:00:00,246.6833333333334
2025-01-15 14:30:00,246.0
2025-01-15 15:00:00,292.8833333333334
2025-01-15 15:30:00,136.4
2025-01-15 16:00:00,3.16666666666666
2025-01-15 16:30:00,57.0
2025-01-15 17:00:00,57.0
2025-01-15 17:30:00,31.6666666666666
2025-01-15 18:00:00,0.0
2025-01-15 18:30:00,0.0
2025-01-15 19:00:00,0.0
2025-01-15 19:30:00,0.0
2025-01-15 20:00:00,0.0
2025-01-15 20:30:00,0.0
2025-01-15 21:00:00,0.0
2025-01-15 21:30:00,0.0
2025-01-15 22:00:00,0.0
2025-01-15 22:30:00,0.0
2025-01-15 23:00:00,0.0
2025-01-15 23:30:00,0.0
2025-01-16 00:00:00,0.0
2025-01-16 00:30:00,0.0
2025-01-16 01:00:00,0.0
2025-01-16 01:30:00,0.0
2025-01-16 02:00:00,0.0
2025-01-16 02:30:00,0.0
2025-01-16 03:00:00,0.0
2025-01-16 03:30:00,0.0
2025-01-16 04:00:00,0.0
2025-01-16 04:30:00,0.0
2025-01-16 05:00:00,0.0
2025-01-16 05:30:00,4.05
2025-01-16 06:00:00,2.11666666666666
2025-01-16 06:30:00,2.16666666666666
2025-01-16 07:00:00,61.0166666666668
2025-01-16 07:30:00,90.9166666666666
2025-01-16 08:00:00,85.5
2025-01-16 08:30:00,58.300000000000054
2025-01-16 09:00:00,64.45
2025-01-16 09:30:00,73.55000000000001
2025-01-16 10:00:00,279.7
2025-01-16 10:30:00,68.58333333333334
2025-01-16 11:00:00,62.73333333333346
2025-01-16 11:30:00,12.0
2025-01-16 12:00:00,93.33333333333334
2025-01-16 12:30:00,106.66666666666666
2025-01-16 13:00:00,120.83333333333333
2025-01-16 13:30:00,239.1666666666666
2025-01-16 14:00:00,165.55555555555554
2025-01-16 14:30:00,176.71666666666658
2025-01-16 15:00:00,192.4333333333334
2025-01-16 15:30:00,205.4666666666666
2025-01-16 16:00:00,219.2
2025-01-16 16:30:00,161.3
2025-01-16 17:00:00,151.99999999999994
2025-01-16 17:30:00,72.21666666666667
2025-01-16 18:00:00,97.10000000000008
2025-01-16 18:30:00,103.7333333333332
2025-01-16 19:00:00,110.04999999999987
2025-01-16 19:30:00,119.53333333333333
2025-01-16 20:00:00,129.46666666666667
2025-01-16 20:30:00,62.875
2025-01-16 21:00:00,76.71666666666668
2025-01-16 21:30:00,78.73333333333333
2025-01-16 22:00:00,253.4333333333332
2025-01-16 22:30:00,228.0
2025-01-16 23:00:00,192.56666666666658
2025-01-16 23:30:00,258.8333333333334
2025-01-17 00:00:00,168.4
2025-01-17 00:30:00,132.99999999999986
2025-01-17 01:00:00,98.5
2025-01-17 01:30:00,281.11666666666656
2025-01-17 02:00:00,279.5666666666666
2025-01-17 02:30:00,245.7833333333332
2025-01-17 03:00:00,122.1444444444443
2025-01-17 03:30:00,216.88333333333327
2025-01-17 04:00:00,223.4333333333334
2025-01-17 04:30:00,204.1833333333334
2025-01-17 05:00:00,183.0
2025-01-17 05:30:00,272.7
2025-01-17 06:00:00,277.4
2025-01-17 06:30:00,178.2
2025-01-17 07:00:00,157.39999999999998
2025-01-17 07:30:00,247.1
2025-01-17 08:00:00,251.8
2025-01-17 08:30:00,231.0
2025-01-17 09:00:00,184.71666666666658
2025-01-17 09:30:00,273.0388888888888
2025-01-17 10:00:00,139.86111111111103
2025-01-17 10:30:00,215.1
2025-01-17 11:00:00,160.55
2025-01-17 11:30:00,0.0
2025-01-17 12:00:00,7.55
2025-01-17 12:30:00,19.8
2025-01-17 13:00:00,0.0
2025-01-17 13:30:00,0.0
2025-01-17 14:00:00,0.0
2025-01-17 14:30:00,0.0
2025-01-17 15:00:00,0.0
2025-01-17 15:30:00,0.0
2025-01-17 16:00:00,0.0
2025-01-17 16:30:00,0.0
2025-01-17 17:00:00,0.0
2025-01-17 17:30:00,0.0
2025-01-17 18:00:00,0.0
2025-01-17 18:30:00,0.0
2025-01-17 19:00:00,0.0
2025-01-17 19:30:00,0.0
2025-01-17 20:00:00,0.0
2025-01-17 20:30:00,0.0
2025-01-17 21:00:00,0.0
2025-01-17 21:30:00,0.0
2025-01-17 22:00:00,0.0
2025-01-17 22:30:00,0.0
2025-01-17 23:00:00,0.0
2025-01-17 23:30:00,0.0
2025-01-18 00:00:00,0.0
2025-01-18 00:30:00,0.0
2025-01-18 01:00:00,0.0
2025-01-18 01:30:00,0.0
2025-01-18 02:00:00,15.08333333333334
2025-01-18 02:30:00,60.475000000000065
2025-01-18 03:00:00,61.175000000000054
2025-01-18 03:30:00,59.8666666666666
2025-01-18 04:00:00,54.75833333333327
2025-01-18 04:30:00,53.491666666666745
2025-01-18 05:00:00,89.45833333333334
2025-01-18 05:30:00,62.19166666666661
2025-01-18 06:00:00,58.408333333333346
2025-01-18 06:30:00,51.933333333333266
2025-01-18 07:00:00,53.71666666666666
2025-01-18 07:30:00,72.48333333333333
2025-01-18 08:00:00,15.59999999999998
2025-01-18 08:30:00,17.78333333333334
2025-01-18 09:00:00,20.2
2025-01-18 09:30:00,6.23333333333334
2025-01-18 10:00:00,4.98333333333334
2025-01-18 10:30:00,5.36666666666666
2025-01-18 11:00:00,0.0
2025-01-18 11:30:00,0.0
2025-01-18 12:00:00,0.0
2025-01-18 12:30:00,0.0
2025-01-18 13:00:00,0.0
2025-01-18 13:30:00,0.0
2025-01-18 14:00:00,0.0
2025-01-18 14:30:00,0.0
2025-01-18 15:00:00,0.0
2025-01-18 15:30:00,0.0
2025-01-18 16:00:00,0.0
2025-01-18 16:30:00,0.0
2025-01-18 17:00:00,0.0
2025-01-18 17:30:00,0.0
2025-01-18 18:00:00,0.0
2025-01-18 18:30:00,0.0
2025-01-18 19:00:00,0.0
2025-01-18 19:30:00,0.0
2025-01-18 20:00:00,0.0
2025-01-18 20:30:00,0.0
2025-01-18 21:00:00,0.0
2025-01-18 21:30:00,0.0
2025-01-18 22:00:00,0.0
2025-01-18 22:30:00,0.0
2025-01-18 23:00:00,0.0
2025-01-18 23:30:00,0.0
2025-01-19 00:00:00,0.0
2025-01-19 00:30:00,0.0
2025-01-19 01:00:00,0.0
2025-01-19 01:30:00,0.0
2025-01-19 02:00:00,0.0
2025-01-19 02:30:00,0.0
2025-01-19 03:00:00,0.0
2025-01-19 03:30:00,0.0
2025-01-19 04:00:00,0.0
2025-01-19 04:30:00,0.0
2025-01-19 05:00:00,0.0
2025-01-19 05:30:00,0.0
2025-01-19 06:00:00,0.0
2025-01-19 06:30:00,0.0
2025-01-19 07:00:00,0.0
2025-01-19 07:30:00,0.0
2025-01-19 08:00:00,0.0
2025-01-19 08:30:00,0.0
2025-01-19 09:00:00,0.0
2025-01-19 09:30:00,0.0
2025-01-19 10:00:00,0.0
2025-01-19 10:30:00,0.0
2025-01-19 11:00:00,0.0
2025-01-19 11:30:00,0.0
2025-01-19 12:00:00,0.0
2025-01-19 12:30:00,0.0
2025-01-19 13:00:00,0.0
2025-01-19 13:30:00,0.0
2025-01-19 14:00:00,0.0
2025-01-19 14:30:00,0.0
2025-01-19 15:00:00,0.0
2025-01-19 15:30:00,0.0
2025-01-19 16:00:00,0.0
2025-01-19 16:30:00,0.0
2025-01-19 17:00:00,0.0
2025-01-19 17:30:00,0.0
2025-01-19 18:00:00,0.0
2025-01-19 18:30:00,0.0
2025-01-19 19:00:00,0.0
2025-01-19 19:30:00,0.0
2025-01-19 20:00:00,0.0
2025-01-19 20:30:00,0.0
2025-01-19 21:00:00,0.0
2025-01-19 21:30:00,0.0
2025-01-19 22:00:00,0.0
2025-01-19 22:30:00,0.0
2025-01-19 23:00:00,0.0
2025-01-19 23:30:00,0.0
2025-01-20 00:00:00,0.0
2025-01-20 00:30:00,0.0
2025-01-20 01:00:00,0.0
2025-01-20 01:30:00,0.0
2025-01-20 02:00:00,0.0
2025-01-20 02:30:00,0.0
2025-01-20 03:00:00,0.0
2025-01-20 03:30:00,0.0
2025-01-20 04:00:00,0.0
2025-01-20 04:30:00,0.0
2025-01-20 05:00:00,0.0
2025-01-20 05:30:00,0.0
2025-01-20 06:00:00,0.0
2025-01-20 06:30:00,0.0
2025-01-20 07:00:00,0.0
2025-01-20 07:30:00,0.0
2025-01-20 08:00:00,0.0
2025-01-20 08:30:00,0.0
2025-01-20 09:00:00,0.0
2025-01-20 09:30:00,0.0
2025-01-20 10:00:00,0.0
2025-01-20 10:30:00,0.0
2025-01-20 11:00:00,0.0
2025-01-20 11:30:00,0.0
2025-01-20 12:00:00,0.0
2025-01-20 12:30:00,0.0
2025-01-20 13:00:00,0.0
2025-01-20 13:30:00,0.0
2025-01-20 14:00:00,0.0
2025-01-20 14:30:00,0.0
2025-01-20 15:00:00,0.0
2025-01-20 15:30:00,0.0
2025-01-20 16:00:00,0.0
2025-01-20 16:30:00,0.0
2025-01-20 17:00:00,0.0
2025-01-20 17:30:00,0.0
2025-01-20 18:00:00,0.0
2025-01-20 18:30:00,0.0
2025-01-20 19:00:00,0.0
2025-01-20 19:30:00,0.0
2025-01-20 20:00:00,0.0
2025-01-20 20:30:00,0.0
2025-01-20 21:00:00,0.0
2025-01-20 21:30:00,0.0
2025-01-20 22:00:00,0.0
2025-01-20 22:30:00,0.0
2025-01-20 23:00:00,0.0
2025-01-20 23:30:00,0.0
2025-01-21 00:00:00,0.0
2025-01-21 00:30:00,0.0
2025-01-21 01:00:00,0.0
2025-01-21 01:30:00,0.0
2025-01-21 02:00:00,0.0
2025-01-21 02:30:00,0.0
2025-01-21 03:00:00,0.0
2025-01-21 03:30:00,0.0
2025-01-21 04:00:00,0.0
2025-01-21 04:30:00,0.0
2025-01-21 05:00:00,0.0
2025-01-21 05:30:00,0.0
2025-01-21 06:00:00,0.0
2025-01-21 06:30:00,0.0
2025-01-21 07:00:00,0.0
2025-01-21 07:30:00,0.0
2025-01-21 08:00:00,0.0
2025-01-21 08:30:00,0.0
2025-01-21 09:00:00,0.0
2025-01-21 09:30:00,0.0
2025-01-21 10:00:00,0.0
2025-01-21 10:30:00,0.0
2025-01-21 11:00:00,0.0
2025-01-21 11:30:00,0.0
2025-01-21 12:00:00,0.0
2025-01-21 12:30:00,0.0
2025-01-21 13:00:00,0.0
2025-01-21 13:30:00,0.0
2025-01-21 14:00:00,0.0
2025-01-21 14:30:00,0.0
2025-01-21 15:00:00,0.0
2025-01-21 15:30:00,0.0
2025-01-21 16:00:00,0.0
2025-01-21 16:30:00,0.0
2025-01-21 17:00:00,0.0
2025-01-21 17:30:00,0.0
2025-01-21 18:00:00,0.0
2025-01-21 18:30:00,0.0
2025-01-21 19:00:00,0.0
2025-01-21 19:30:00,0.0
2025-01-21 20:00:00,0.0
2025-01-21 20:30:00,0.0
2025-01-21 21:00:00,0.0
2025-01-21 21:30:00,0.0
2025-01-21 22:00:00,0.0
2025-01-21 22:30:00,0.0
2025-01-21 23:00:00,0.0
2025-01-21 23:30:00,0.0
2025-01-22 00:00:00,0.0
2025-01-22 00:30:00,0.0
2025-01-22 01:00:00,0.0
2025-01-22 01:30:00,0.0
2025-01-22 02:00:00,0.0
2025-01-22 02:30:00,0.0
2025-01-22 03:00:00,0.0
2025-01-22 03:30:00,0.0
2025-01-22 04:00:00,0.0
2025-01-22 04:30:00,0.0
2025-01-22 05:00:00,0.0
2025-01-22 05:30:00,0.0
2025-01-22 06:00:00,0.0
2025-01-22 06:30:00,0.0
2025-01-22 07:00:00,0.0
2025-01-22 07:30:00,0.0
2025-01-22 08:00:00,0.0
2025-01-22 08:30:00,0.0
2025-01-22 09:00:00,0.0
2025-01-22 09:30:00,0.0
2025-01-22 10:00:00,0.0
2025-01-22 10:30:00,0.0
2025-01-22 11:00:00,0.0
2025-01-22 11:30:00,0.0
2025-01-22 12:00:00,0.0
2025-01-22 12:30:00,0.0
2025-01-22 13:00:00,0.0
2025-01-22 13:30:00,0.0
2025-01-22 14:00:00,0.0
2025-01-22 14:30:00,0.0
2025-01-22 15:00:00,0.0
2025-01-22 15:30:00,0.0
2025-01-22 16:00:00,0.0
2025-01-22 16:30:00,0.0
2025-01-22 17:00:00,0.0
2025-01-22 17:30:00,0.0
2025-01-22 18:00:00,0.0
2025-01-22 18:30:00,0.0
2025-01-22 19:00:00,0.0
2025-01-22 19:30:00,0.0
2025-01-22 20:00:00,0.0
2025-01-22 20:30:00,0.0
2025-01-22 21:00:00,0.0
2025-01-22 21:30:00,0.0
2025-01-22 22:00:00,0.0
2025-01-22 22:30:00,0.0
2025-01-22 23:00:00,0.0
2025-01-22 23:30:00,0.0
2025-01-23 00:00:00,0.0
2025-01-23 00:30:00,0.0
2025-01-23 01:00:00,0.0
2025-01-23 01:30:00,0.0
2025-01-23 02:00:00,0.0
2025-01-23 02:30:00,0.0
2025-01-23 03:00:00,0.0
2025-01-23 03:30:00,0.0
2025-01-23 04:00:00,0.0
2025-01-23 04:30:00,0.0
2025-01-23 05:00:00,0.0
2025-01-23 05:30:00,0.0
2025-01-23 06:00:00,0.0
2025-01-23 06:30:00,0.0
2025-01-23 07:00:00,0.0
2025-01-23 07:30:00,0.0
2025-01-23 08:00:00,0.0
2025-01-23 08:30:00,0.0
2025-01-23 09:00:00,0.0
2025-01-23 09:30:00,0.0
2025-01-23 10:00:00,0.0
2025-01-23 10:30:00,0.0
2025-01-23 11:00:00,0.0
2025-01-23 11:30:00,0.0
2025-01-23 12:00:00,0.0
2025-01-23 12:30:00,0.0
2025-01-23 13:00:00,0.0
2025-01-23 13:30:00,0.0
2025-01-23 14:00:00,0.0
2025-01-23 14:30:00,0.0
2025-01-23 15:00:00,0.0
2025-01-23 15:30:00,0.0
2025-01-23 16:00:00,0.0
2025-01-23 16:30:00,0.0
2025-01-23 17:00:00,0.0
2025-01-23 17:30:00,0.0
2025-01-23 18:00:00,0.0
2025-01-23 18:30:00,0.0
2025-01-23 19:00:00,0.0
2025-01-23 19:30:00,0.0
2025-01-23 20:00:00,0.0
2025-01-23 20:30:00,0.0
2025-01-23 21:00:00,0.0
2025-01-23 21:30:00,0.0
2025-01-23 22:00:00,0.0
2025-01-23 22:30:00,0.0
2025-01-23 23:00:00,0.0
2025-01-23 23:30:00,0.0
2025-01-24 00:00:00,0.0
2025-01-24 00:30:00,0.0
2025-01-24 01:00:00,0.0
2025-01-24 01:30:00,0.0
2025-01-24 02:00:00,0.0
2025-01-24 02:30:00,0.0
2025-01-24 03:00:00,0.0
2025-01-24 03:30:00,0.0
2025-01-24 04:00:00,0.0
2025-01-24 04:30:00,0.0
2025-01-24 05:00:00,0.0
2025-01-24 05:30:00,0.0
2025-01-24 06:00:00,0.0
2025-01-24 06:30:00,0.0
2025-01-24 07:00:00,0.0
2025-01-24 07:30:00,0.0
2025-01-24 08:00:00,0.0
2025-01-24 08:30:00,0.0
2025-01-24 09:00:00,0.0
2025-01-24 09:30:00,0.0
2025-01-24 10:00:00,0.0
2025-01-24 10:30:00,0.0
2025-01-24 11:00:00,0.0
2025-01-24 11:30:00,0.0
2025-01-24 12:00:00,0.0
2025-01-24 12:30:00,0.0
2025-01-24 13:00:00,0.0
2025-01-24 13:30:00,0.0
2025-01-24 14:00:00,0.0
2025-01-24 14:30:00,0.0
2025-01-24 15:00:00,0.0
2025-01-24 15:30:00,0.0
2025-01-24 16:00:00,0.0
2025-01-24 16:30:00,0.0
2025-01-24 17:00:00,0.0
2025-01-24 17:30:00,0.0
2025-01-24 18:00:00,0.0
2025-01-24 18:30:00,0.0
2025-01-24 19:00:00,0.0
2025-01-24 19:30:00,0.0
2025-01-24 20:00:00,0.0
2025-01-24 20:30:00,0.0
2025-01-24 21:00:00,0.0
2025-01-24 21:30:00,0.0
2025-01-24 22:00:00,0.0
2025-01-24 22:30:00,0.0
2025-01-24 23:00:00,0.0
2025-01-24 23:30:00,0.0
2025-01-25 00:00:00,0.0
2025-01-25 00:30:00,0.0
2025-01-25 01:00:00,0.0
2025-01-25 01:30:00,0.0
2025-01-25 02:00:00,0.0
2025-01-25 02:30:00,0.0
2025-01-25 03:00:00,0.0
2025-01-25 03:30:00,0.0
2025-01-25 04:00:00,0.0
2025-01-25 04:30:00,0.0
2025-01-25 05:00:00,0.0
2025-01-25 05:30:00,0.0
2025-01-25 06:00:00,0.0
2025-01-25 06:30:00,0.0
2025-01-25 07:00:00,0.0
2025-01-25 07:30:00,0.0
2025-01-25 08:00:00,0.0
2025-01-25 08:30:00,0.0
2025-01-25 09:00:00,0.0
2025-01-25 09:30:00,0.0
2025-01-25 10:00:00,0.0
2025-01-25 10:30:00,0.0
2025-01-25 11:00:00,0.0
2025-01-25 11:30:00,0.0
2025-01-25 12:00:00,0.0
2025-01-25 12:30:00,0.0
2025-01-25 13:00:00,0.0
2025-01-25 13:30:00,0.0
2025-01-25 14:00:00,0.0
2025-01-25 14:30:00,0.0
2025-01-25 15:00:00,0.0
2025-01-25 15:30:00,0.0
2025-01-25 16:00:00,0.0
2025-01-25 16:30:00,0.0
2025-01-25 17:00:00,0.0
2025-01-25 17:30:00,0.0
2025-01-25 18:00:00,0.0
2025-01-25 18:30:00,0.0
2025-01-25 19:00:00,0.0
2025-01-25 19:30:00,0.0
2025-01-25 20:00:00,0.0
2025-01-25 20:30:00,0.0
2025-01-25 21:00:00,0.0
2025-01-25 21:30:00,0.0
2025-01-25 22:00:00,0.0
2025-01-25 22:30:00,0.0
2025-01-25 23:00:00,0.0
2025-01-25 23:30:00,0.0
2025-01-26 00:00:00,0.0
2025-01-26 00:30:00,0.0
2025-01-26 01:00:00,0.0
2025-01-26 01:30:00,0.0
2025-01-26 02:00:00,0.0
2025-01-26 02:30:00,0.0
2025-01-26 03:00:00,0.0
2025-01-26 03:30:00,0.0
2025-01-26 04:00:00,0.0
2025-01-26 04:30:00,0.0
2025-01-26 05:00:00,0.0
2025-01-26 05:30:00,0.0
2025-01-26 06:00:00,0.0
2025-01-26 06:30:00,0.0
2025-01-26 07:00:00,0.0
2025-01-26 07:30:00,0.0
2025-01-26 08:00:00,0.0
2025-01-26 08:30:00,0.0
2025-01-26 09:00:00,0.0
2025-01-26 09:30:00,0.0
2025-01-26 10:00:00,0.0
2025-01-26 10:30:00,0.0
2025-01-26 11:00:00,0.0
2025-01-26 11:30:00,0.0
2025-01-26 12:00:00,0.0
2025-01-26 12:30:00,0.0
2025-01-26 13:00:00,0.0
2025-01-26 13:30:00,0.0
2025-01-26 14:00:00,0.0
2025-01-26 14:30:00,0.0
2025-01-26 15:00:00,0.0
2025-01-26 15:30:00,0.0
2025-01-26 16:00:00,0.0
2025-01-26 16:30:00,0.0
2025-01-26 17:00:00,0.0
2025-01-26 17:30:00,0.0
2025-01-26 18:00:00,0.0
2025-01-26 18:30:00,0.0
2025-01-26 19:00:00,0.0
2025-01-26 19:30:00,0.0
2025-01-26 20:00:00,0.0
2025-01-26 20:30:00,0.0
2025-01-26 21:00:00,0.0
2025-01-26 21:30:00,0.0
2025-01-26 22:00:00,0.0
2025-01-26 22:30:00,0.0
2025-01-26 23:00:00,0.0
2025-01-26 23:30:00,0.0
2025-01-27 00:00:00,0.0
2025-01-27 00:30:00,0.0
2025-01-27 01:00:00,0.0
2025-01-27 01:30:00,0.0
2025-01-27 02:00:00,0.0
2025-01-27 02:30:00,0.0
2025-01-27 03:00:00,0.0
2025-01-27 03:30:00,0.0
2025-01-27 04:00:00,0.0
2025-01-27 04:30:00,0.0
2025-01-27 05:00:00,0.0
2025-01-27 05:30:00,0.0
2025-01-27 06:00:00,0.0
2025-01-27 06:30:00,0.0
2025-01-27 07:00:00,0.0
2025-01-27 07:30:00,0.0
2025-01-27 08:00:00,0.0
2025-01-27 08:30:00,0.0
2025-01-27 09:00:00,0.0
2025-01-27 09:30:00,0.0
2025-01-27 10:00:00,0.0
2025-01-27 10:30:00,0.0
2025-01-27 11:00:00,0.0
2025-01-27 11:30:00,0.0
2025-01-27 12:00:00,0.0
2025-01-27 12:30:00,0.0
2025-01-27 13:00:00,0.0
2025-01-27 13:30:00,0.0
2025-01-27 14:00:00,0.0
2025-01-27 14:30:00,0.0
2025-01-27 15:00:00,0.0
2025-01-27 15:30:00,0.0
2025-01-27 16:00:00,0.0
2025-01-27 16:30:00,0.0
2025-01-27 17:00:00,0.0
2025-01-27 17:30:00,0.0
2025-01-27 18:00:00,0.0
2025-01-27 18:30:00,0.0
2025-01-27 19:00:00,0.0
2025-01-27 19:30:00,0.0
2025-01-27 20:00:00,0.0
2025-01-27 20:30:00,0.0
2025-01-27 21:00:00,0.0
2025-01-27 21:30:00,0.0
2025-01-27 22:00:00,0.0
2025-01-27 22:30:00,0.0
2025-01-27 23:00:00,0.0
2025-01-27 23:30:00,0.0
2025-01-28 00:00:00,0.0
2025-01-28 00:30:00,0.0
2025-01-28 01:00:00,0.0
2025-01-28 01:30:00,0.0
2025-01-28 02:00:00,0.0
2025-01-28 02:30:00,0.0
2025-01-28 03:00:00,0.0
2025-01-28 03:30:00,0.0
2025-01-28 04:00:00,0.0
2025-01-28 04:30:00,0.0
2025-01-28 05:00:00,0.0
2025-01-28 05:30:00,0.0
2025-01-28 06:00:00,0.0
2025-01-28 06:30:00,0.0
2025-01-28 07:00:00,0.0
2025-01-28 07:30:00,0.0
2025-01-28 08:00:00,0.0
2025-01-28 08:30:00,0.0
2025-01-28 09:00:00,0.0
2025-01-28 09:30:00,0.0
2025-01-28 10:00:00,0.0
2025-01-28 10:30:00,0.0
2025-01-28 11:00:00,0.0
2025-01-28 11:30:00,0.0
2025-01-28 12:00:00,0.0
2025-01-28 12:30:00,0.0
2025-01-28 13:00:00,0.0
2025-01-28 13:30:00,0.0
2025-01-28 14:00:00,0.0
2025-01-28 14:30:00,0.0
2025-01-28 15:00:00,0.0
2025-01-28 15:30:00,0.0
2025-01-28 16:00:00,0.0
2025-01-28 16:30:00,0.0
2025-01-28 17:00:00,0.0
2025-01-28 17:30:00,0.0
2025-01-28 18:00:00,0.0
2025-01-28 18:30:00,0.0
2025-01-28 19:00:00,0.0
2025-01-28 19:30:00,0.0
2025-01-28 20:00:00,0.0
2025-01-28 20:30:00,0.0
2025-01-28 21:00:00,0.0
2025-01-28 21:30:00,0.0
2025-01-28 22:00:00,0.0
2025-01-28 22:30:00,0.0
2025-01-28 23:00:00,0.0
2025-01-28 23:30:00,0.0
2025-01-29 00:00:00,0.0
2025-01-29 00:30:00,0.0
2025-01-29 01:00:00,0.0
2025-01-29 01:30:00,0.0
2025-01-29 02:00:00,0.0
2025-01-29 02:30:00,0.0
2025-01-29 03:00:00,0.0
2025-01-29 03:30:00,0.0
2025-01-29 04:00:00,0.0
2025-01-29 04:30:00,0.0
2025-01-29 05:00:00,0.0
2025-01-29 05:30:00,0.0
2025-01-29 06:00:00,2.083333333333334
2025-01-29 06:30:00,1.549999999999998
2025-01-29 07:00:00,3.15
2025-01-29 07:30:00,6.1499999999999995
2025-01-29 08:00:00,0.0
2025-01-29 08:30:00,0.0
2025-01-29 09:00:00,0.0
2025-01-29 09:30:00,0.0
2025-01-29 10:00:00,0.0
2025-01-29 10:30:00,0.0
2025-01-29 11:00:00,0.0
2025-01-29 11:30:00,0.0
2025-01-29 12:00:00,0.0
2025-01-29 12:30:00,0.0
2025-01-29 13:00:00,0.0
2025-01-29 13:30:00,0.0
2025-01-29 14:00:00,0.0
2025-01-29 14:30:00,0.0
2025-01-29 15:00:00,0.0
2025-01-29 15:30:00,0.0
2025-01-29 16:00:00,0.0
2025-01-29 16:30:00,0.0
2025-01-29 17:00:00,0.0
2025-01-29 17:30:00,0.0
2025-01-29 18:00:00,0.0
2025-01-29 18:30:00,0.0
2025-01-29 19:00:00,0.0
2025-01-29 19:30:00,0.0
2025-01-29 20:00:00,0.0
2025-01-29 20:30:00,0.0
2025-01-29 21:00:00,0.0
2025-01-29 21:30:00,0.0
2025-01-29 22:00:00,0.0
2025-01-29 22:30:00,0.0
2025-01-29 23:00:00,139.4
2025-01-29 23:30:00,95.0
2025-01-30 00:00:00,58.0
2025-01-30 00:30:00,65.96666666666667
2025-01-30 01:00:00,57.166666666666664
2025-01-30 01:30:00,27.166666666666657
2025-01-30 02:00:00,11.46666666666666
2025-01-30 02:30:00,158.10000000000005
2025-01-30 03:00:00,288.7833333333334
2025-01-30 03:30:00,243.0833333333334
2025-01-30 04:00:00,124.35000000000005
2025-01-30 04:30:00,113.0
2025-01-30 05:00:00,128.9000000000002
2025-01-30 05:30:00,20.0
2025-01-30 06:00:00,14.775
2025-01-30 06:30:00,313.2916666666666
2025-01-30 07:00:00,217.4
2025-01-30 07:30:00,105.0666666666666
2025-01-30 08:00:00,243.9
2025-01-30 08:30:00,283.8166666666666
2025-01-30 09:00:00,163.4166666666668
2025-01-30 09:30:00,60.6166666666666
2025-01-30 10:00:00,213.0
2025-01-30 10:30:00,202.35000000000002
2025-01-30 11:00:00,106.6166666666668
2025-01-30 11:30:00,28.05
2025-01-30 12:00:00,111.0
2025-01-30 12:30:00,5.55
2025-01-30 13:00:00,0.0
2025-01-30 13:30:00,0.0
2025-01-30 14:00:00,0.0
2025-01-30 14:30:00,0.0
2025-01-30 15:00:00,0.0
2025-01-30 15:30:00,0.0
2025-01-30 16:00:00,0.0
2025-01-30 16:30:00,0.0
2025-01-30 17:00:00,0.0
2025-01-30 17:30:00,0.0
2025-01-30 18:00:00,0.0
2025-01-30 18:30:00,0.0
2025-01-30 19:00:00,0.0
2025-01-30 19:30:00,0.0
2025-01-30 20:00:00,0.0
2025-01-30 20:30:00,0.0
2025-01-30 21:00:00,0.0
2025-01-30 21:30:00,0.0
2025-01-30 22:00:00,0.0
2025-01-30 22:30:00,0.0
2025-01-30 23:00:00,0.0
2025-01-30 23:30:00,0.0
2025-01-31 00:00:00,0.0
2025-01-31 00:30:00,0.0
2025-01-31 01:00:00,0.0
2025-01-31 01:30:00,0.0
2025-01-31 02:00:00,0.0
2025-01-31 02:30:00,0.0
2025-01-31 03:00:00,0.0
2025-01-31 03:30:00,0.0
2025-01-31 04:00:00,0.0
2025-01-31 04:30:00,0.0
2025-01-31 05:00:00,0.0
2025-01-31 05:30:00,0.0
2025-01-31 06:00:00,0.0
2025-01-31 06:30:00,0.0
2025-01-31 07:00:00,0.0
2025-01-31 07:30:00,0.0
2025-01-31 08:00:00,0.0
2025-01-31 08:30:00,0.0
2025-01-31 09:00:00,0.0
2025-01-31 09:30:00,0.0
2025-01-31 10:00:00,0.0
2025-01-31 10:30:00,0.0
2025-01-31 11:00:00,0.0
2025-01-31 11:30:00,0.0
2025-01-31 12:00:00,0.0
2025-01-31 12:30:00,0.0
2025-01-31 13:00:00,0.0
2025-01-31 13:30:00,0.0
2025-01-31 14:00:00,0.0
2025-01-31 14:30:00,0.0
2025-01-31 15:00:00,0.0
2025-01-31 15:30:00,0.0
2025-01-31 16:00:00,0.0
2025-01-31 16:30:00,0.0
2025-01-31 17:00:00,0.0
2025-01-31 17:30:00,0.0
2025-01-31 18:00:00,0.0
2025-01-31 18:30:00,0.0
2025-01-31 19:00:00,0.0
2025-01-31 19:30:00,0.0
2025-01-31 20:00:00,0.0
2025-01-31 20:30:00,0.0
2025-01-31 21:00:00,0.0
2025-01-31 21:30:00,0.0
2025-01-31 22:00:00,0.0
2025-01-31 22:30:00,0.0
2025-01-31 23:00:00,0.0
2025-01-31 23:30:00,0.0
2025-02-01 00:00:00,0.0
2025-02-01 00:30:00,0.0
2025-02-01 01:00:00,0.0
2025-02-01 01:30:00,0.0
2025-02-01 02:00:00,0.0
2025-02-01 02:30:00,0.0
2025-02-01 03:00:00,0.0
2025-02-01 03:30:00,0.0
2025-02-01 04:00:00,0.0
2025-02-01 04:30:00,0.0
2025-02-01 05:00:00,0.0
2025-02-01 05:30:00,0.0
2025-02-01 06:00:00,20.25
2025-02-01 06:30:00,136.14999999999995
2025-02-01 07:00:00,131.10000000000014
2025-02-01 07:30:00,186.91666666666666
2025-02-01 08:00:00,187.11666666666653
2025-02-01 08:30:00,188.76666666666688
2025-02-01 09:00:00,137.35
2025-02-01 09:30:00,137.9833333333334
2025-02-01 10:00:00,139.5
2025-02-01 10:30:00,140.7
2025-02-01 11:00:00,272.0
2025-02-01 11:30:00,263.8999999999998
2025-02-01 12:00:00,264.9666666666666
2025-02-01 12:30:00,264.9666666666666
2025-02-01 13:00:00,264.9666666666666
2025-02-01 13:30:00,264.9666666666666
2025-02-01 14:00:00,264.9833333333332
2025-02-01 14:30:00,265.9166666666666
2025-02-01 15:00:00,266.4666666666666
2025-02-01 15:30:00,264.9666666666666
2025-02-01 16:00:00,263.8666666666666
2025-02-01 16:30:00,263.8666666666666
2025-02-01 17:00:00,263.8666666666666
2025-02-01 17:30:00,263.8666666666666
2025-02-01 18:00:00,263.8666666666666
2025-02-01 18:30:00,263.8666666666666
2025-02-01 19:00:00,264.9666666666666
2025-02-01 19:30:00,264.9666666666666
2025-02-01 20:00:00,264.9666666666666
2025-02-01 20:30:00,264.9666666666666
2025-02-01 21:00:00,264.9333333333334
2025-02-01 21:30:00,263.8666666666666
2025-02-01 22:00:00,263.0166666666668
2025-02-01 22:30:00,262.4000000000002
2025-02-01 23:00:00,260.95
2025-02-01 23:30:00,259.2333333333334
2025-02-02 00:00:00,252.7666666666666
2025-02-02 00:30:00,248.7333333333334
2025-02-02 01:00:00,245.8999999999998
2025-02-02 01:30:00,240.4333333333334
2025-02-02 02:00:00,234.46666666666658
2025-02-02 02:30:00,220.6666666666666
2025-02-02 03:00:00,206.0833333333334
2025-02-02 03:30:00,205.5
2025-02-02 04:00:00,205.4833333333334
2025-02-02 04:30:00,204.89999999999998
2025-02-02 05:00:00,204.63333333333338
2025-02-02 05:30:00,203.53333333333342
2025-02-02 06:00:00,202.8833333333332
2025-02-02 06:30:00,213.4
2025-02-02 07:00:00,200.1
2025-02-02 07:30:00,214.1166666666666
2025-02-02 08:00:00,227.6833333333334
2025-02-02 08:30:00,237.8833333333332
2025-02-02 09:00:00,245.95
2025-02-02 09:30:00,242.45
2025-02-02 10:00:00,236.2166666666666
2025-02-02 10:30:00,190.6333333333332
2025-02-02 11:00:00,214.38333333333338
2025-02-02 11:30:00,209.7
2025-02-02 12:00:00,195.2333333333332
2025-02-02 12:30:00,110.45
2025-02-02 13:00:00,53.9
2025-02-02 13:30:00,0.0
2025-02-02 14:00:00,0.0
2025-02-02 14:30:00,0.0
2025-02-02 15:00:00,0.0
2025-02-02 15:30:00,0.0
2025-02-02 16:00:00,0.0
2025-02-02 16:30:00,0.0
2025-02-02 17:00:00,0.0
2025-02-02 17:30:00,0.0
2025-02-02 18:00:00,0.0
2025-02-02 18:30:00,0.0
2025-02-02 19:00:00,0.0
2025-02-02 19:30:00,0.0
2025-02-02 20:00:00,0.0
2025-02-02 20:30:00,0.0
2025-02-02 21:00:00,0.0
2025-02-02 21:30:00,0.0
2025-02-02 22:00:00,0.0
2025-02-02 22:30:00,56.06666666666668
2025-02-02 23:00:00,76.36666666666673
2025-02-02 23:30:00,107.5666666666666
2025-02-03 00:00:00,131.45000000000022
2025-02-03 00:30:00,95.51666666666668
2025-02-03 01:00:00,150.41666666666674
2025-02-03 01:30:00,103.65000000000013
2025-02-03 02:00:00,117.0333333333332
2025-02-03 02:30:00,155.5333333333334
2025-02-03 03:00:00,220.01666666666665
2025-02-03 03:30:00,224.98333333333312
2025-02-03 04:00:00,229.2
2025-02-03 04:30:00,184.21666666666647
2025-02-03 05:00:00,165.05
2025-02-03 05:30:00,164.1833333333334
2025-02-03 06:00:00,163.50000000000014
2025-02-03 06:30:00,165.43333333333325
2025-02-03 07:00:00,223.38333333333327
2025-02-03 07:30:00,198.51666666666654
2025-02-03 08:00:00,210.73333333333318
2025-02-03 08:30:00,212.75
2025-02-03 09:00:00,214.45000000000005
2025-02-03 09:30:00,215.28333333333325
2025-02-03 10:00:00,216.11666666666667
2025-02-03 10:30:00,216.13333333333327
2025-02-03 11:00:00,216.16666666666654
2025-02-03 11:30:00,217.38333333333335
2025-02-03 12:00:00,216.11666666666667
2025-02-03 12:30:00,216.16666666666654
2025-02-03 13:00:00,217.39999999999995
2025-02-03 13:30:00,218.18333333333334
2025-02-03 14:00:00,219.01666666666674
2025-02-03 14:30:00,219.01666666666674
2025-02-03 15:00:00,219.01666666666674
2025-02-03 15:30:00,219.01666666666674
2025-02-03 16:00:00,219.01666666666674
2025-02-03 16:30:00,254.95
2025-02-03 17:00:00,254.95
2025-02-03 17:30:00,254.95
2025-02-03 18:00:00,254.95
2025-02-03 18:30:00,254.95
2025-02-03 19:00:00,254.95
2025-02-03 19:30:00,254.95
2025-02-03 20:00:00,254.95
2025-02-03 20:30:00,254.95
2025-02-03 21:00:00,254.9333333333334
2025-02-03 21:30:00,254.03333333333342
2025-02-03 22:00:00,251.5
2025-02-03 22:30:00,246.2
2025-02-03 23:00:00,238.3333333333332
2025-02-03 23:30:00,157.78333333333345
2025-02-04 00:00:00,128.69999999999982
2025-02-04 00:30:00,115.83333333333326
2025-02-04 01:00:00,126.48333333333335
2025-02-04 01:30:00,140.1833333333332
2025-02-04 02:00:00,127.0666666666666
2025-02-04 02:30:00,120.13333333333341
2025-02-04 03:00:00,129.5
2025-02-04 03:30:00,149.0666666666666
2025-02-04 04:00:00,179.7666666666668
2025-02-04 04:30:00,195.88333333333338
2025-02-04 05:00:00,212.8166666666666
2025-02-04 05:30:00,223.9166666666668
2025-02-04 06:00:00,236.5
2025-02-04 06:30:00,237.05
2025-02-04 07:00:00,239.7833333333332
2025-02-04 07:30:00,247.8666666666666
2025-02-04 08:00:00,249.2333333333332
2025-02-04 08:30:00,252.4333333333332
2025-02-04 09:00:00,253.25
2025-02-04 09:30:00,252.4
2025-02-04 10:00:00,222.13333333333338
2025-02-04 10:30:00,199.3333333333334
2025-02-04 11:00:00,182.75
2025-02-04 11:30:00,166.43333333333354
2025-02-04 12:00:00,251.01666666666682
2025-02-04 12:30:00,243.95
2025-02-04 13:00:00,117.65
2025-02-04 13:30:00,143.08333333333326
2025-02-04 14:00:00,115.00000000000006
2025-02-04 14:30:00,104.7166666666666
2025-02-04 15:00:00,116.7
2025-02-04 15:30:00,79.05000000000001
2025-02-04 16:00:00,31.783333333333342
2025-02-04 16:30:00,24.6
2025-02-04 17:00:00,22.8
2025-02-04 17:30:00,0.0
2025-02-04 18:00:00,0.0
2025-02-04 18:30:00,0.0
2025-02-04 19:00:00,0.0
2025-02-04 19:30:00,0.0
2025-02-04 20:00:00,0.0
2025-02-04 20:30:00,0.0
2025-02-04 21:00:00,0.0
2025-02-04 21:30:00,0.0
2025-02-04 22:00:00,246.4166666666668
2025-02-04 22:30:00,107.88333333333334
2025-02-04 23:00:00,110.46666666666653
2025-02-04 23:30:00,118.0166666666666
2025-02-05 00:00:00,124.68333333333334
2025-02-05 00:30:00,129.13333333333327
2025-02-05 01:00:00,133.51666666666668
2025-02-05 01:30:00,140.4833333333333
2025-02-05 02:00:00,147.1833333333333
2025-02-05 02:30:00,25.2
2025-02-05 03:00:00,148.61666666666673
2025-02-05 03:30:00,177.5166666666666
2025-02-05 04:00:00,178.0000000000002
2025-02-05 04:30:00,178.0000000000002
2025-02-05 05:00:00,154.25
2025-02-05 05:30:00,213.35000000000002
2025-02-05 06:00:00,210.6666666666668
2025-02-05 06:30:00,209.6500000000002
2025-02-05 07:00:00,195.5
2025-02-05 07:30:00,189.3333333333332
2025-02-05 08:00:00,94.4333333333332
2025-02-05 08:30:00,93.9833333333332
2025-02-05 09:00:00,91.5166666666666
2025-02-05 09:30:00,93.03333333333319
2025-02-05 10:00:00,78.2666666666666
2025-02-05 10:30:00,53.3333333333334
2025-02-05 11:00:00,64.1166666666666
2025-02-05 11:30:00,87.7
2025-02-05 12:00:00,105.63333333333321
2025-02-05 12:30:00,146.46666666666658
2025-02-05 13:00:00,150.0666666666666
2025-02-05 13:30:00,117.78333333333333
2025-02-05 14:00:00,143.55
2025-02-05 14:30:00,80.58333333333329
2025-02-05 15:00:00,146.9833333333334
2025-02-05 15:30:00,98.7666666666666
2025-02-05 16:00:00,147.8166666666666
2025-02-05 16:30:00,0.0
2025-02-05 17:00:00,0.0
2025-02-05 17:30:00,0.0
2025-02-05 18:00:00,0.0
2025-02-05 18:30:00,0.0
2025-02-05 19:00:00,0.0
2025-02-05 19:30:00,0.0
2025-02-05 20:00:00,0.0
2025-02-05 20:30:00,0.0
2025-02-05 21:00:00,0.0
2025-02-05 21:30:00,0.0
2025-02-05 22:00:00,33.0166666666666
2025-02-05 22:30:00,53.5333333333332
2025-02-05 23:00:00,82.75000000000014
2025-02-05 23:30:00,135.65
2025-02-06 00:00:00,191.9666666666666
2025-02-06 00:30:00,140.4166666666666
2025-02-06 01:00:00,82.33888888888883
2025-02-06 01:30:00,184.45
2025-02-06 02:00:00,185.0388888888889
2025-02-06 02:30:00,185.12222222222215
2025-02-06 03:00:00,185.93888888888875
2025-02-06 03:30:00,185.93888888888875
2025-02-06 04:00:00,185.93888888888875
2025-02-06 04:30:00,185.93888888888875
2025-02-06 05:00:00,185.93888888888875
2025-02-06 05:30:00,185.95555555555543
2025-02-06 06:00:00,283.07222222222214
2025-02-06 06:30:00,198.1833333333332
2025-02-06 07:00:00,176.1833333333332
2025-02-06 07:30:00,16.33333333333334
2025-02-06 08:00:00,0.0
2025-02-06 08:30:00,0.0
2025-02-06 09:00:00,0.0
2025-02-06 09:30:00,0.0
2025-02-06 10:00:00,0.0
2025-02-06 10:30:00,0.0
2025-02-06 11:00:00,0.0
2025-02-06 11:30:00,0.0
2025-02-06 12:00:00,0.0
2025-02-06 12:30:00,0.0
2025-02-06 13:00:00,0.0
2025-02-06 13:30:00,0.0
2025-02-06 14:00:00,0.0
2025-02-06 14:30:00,0.0
2025-02-06 15:00:00,0.0
2025-02-06 15:30:00,0.0
2025-02-06 16:00:00,0.0
2025-02-06 16:30:00,0.0
2025-02-06 17:00:00,0.0
2025-02-06 17:30:00,0.0
2025-02-06 18:00:00,0.0
2025-02-06 18:30:00,0.0
2025-02-06 19:00:00,0.0
2025-02-06 19:30:00,0.0
2025-02-06 20:00:00,0.0
2025-02-06 20:30:00,0.0
2025-02-06 21:00:00,0.0
2025-02-06 21:30:00,0.0
2025-02-06 22:00:00,0.0
2025-02-06 22:30:00,0.0
2025-02-06 23:00:00,0.0
2025-02-06 23:30:00,0.0
2025-02-07 00:00:00,0.0
2025-02-07 00:30:00,0.0
2025-02-07 01:00:00,0.0
2025-02-07 01:30:00,0.0
2025-02-07 02:00:00,0.0
2025-02-07 02:30:00,0.0
2025-02-07 03:00:00,0.0
2025-02-07 03:30:00,0.0
2025-02-07 04:00:00,0.0
2025-02-07 04:30:00,0.0
2025-02-07 05:00:00,0.0
2025-02-07 05:30:00,0.0
2025-02-07 06:00:00,0.0
2025-02-07 06:30:00,0.0
2025-02-07 07:00:00,0.0
2025-02-07 07:30:00,0.0
2025-02-07 08:00:00,0.0
2025-02-07 08:30:00,0.0
2025-02-07 09:00:00,0.0
2025-02-07 09:30:00,0.0
2025-02-07 10:00:00,0.0
2025-02-07 10:30:00,0.0
2025-02-07 11:00:00,0.0
2025-02-07 11:30:00,0.0
2025-02-07 12:00:00,0.0
2025-02-07 12:30:00,0.0
2025-02-07 13:00:00,0.0
2025-02-07 13:30:00,0.0
2025-02-07 14:00:00,0.0
2025-02-07 14:30:00,0.0
2025-02-07 15:00:00,0.0
2025-02-07 15:30:00,0.0
2025-02-07 16:00:00,0.0
2025-02-07 16:30:00,0.0
2025-02-07 17:00:00,0.0
2025-02-07 17:30:00,0.0
2025-02-07 18:00:00,0.0
2025-02-07 18:30:00,0.0
2025-02-07 19:00:00,0.0
2025-02-07 19:30:00,0.0
2025-02-07 20:00:00,0.0
2025-02-07 20:30:00,0.0
2025-02-07 21:00:00,0.0
2025-02-07 21:30:00,0.0
2025-02-07 22:00:00,0.0
2025-02-07 22:30:00,0.0
2025-02-07 23:00:00,0.0
2025-02-07 23:30:00,0.0
2025-02-08 00:00:00,0.0
2025-02-08 00:30:00,0.0
2025-02-08 01:00:00,0.0
2025-02-08 01:30:00,0.0
2025-02-08 02:00:00,0.0
2025-02-08 02:30:00,0.0
2025-02-08 03:00:00,0.0
2025-02-08 03:30:00,0.0
2025-02-08 04:00:00,0.0
2025-02-08 04:30:00,0.0
2025-02-08 05:00:00,0.0
2025-02-08 05:30:00,0.0
2025-02-08 06:00:00,0.0
2025-02-08 06:30:00,0.0
2025-02-08 07:00:00,0.0
2025-02-08 07:30:00,0.0
2025-02-08 08:00:00,0.0
2025-02-08 08:30:00,0.0
2025-02-08 09:00:00,0.0
2025-02-08 09:30:00,0.0
2025-02-08 10:00:00,0.0
2025-02-08 10:30:00,0.0
2025-02-08 11:00:00,0.0
2025-02-08 11:30:00,0.0
2025-02-08 12:00:00,0.0
2025-02-08 12:30:00,0.0
2025-02-08 13:00:00,0.0
2025-02-08 13:30:00,0.0
2025-02-08 14:00:00,0.0
2025-02-08 14:30:00,0.0
2025-02-08 15:00:00,0.0
2025-02-08 15:30:00,0.0
2025-02-08 16:00:00,0.0
2025-02-08 16:30:00,0.0
2025-02-08 17:00:00,0.0
2025-02-08 17:30:00,0.0
2025-02-08 18:00:00,0.0
2025-02-08 18:30:00,0.0
2025-02-08 19:00:00,0.0
2025-02-08 19:30:00,0.0
2025-02-08 20:00:00,0.0
2025-02-08 20:30:00,0.0
2025-02-08 21:00:00,0.0
2025-02-08 21:30:00,0.0
2025-02-08 22:00:00,0.0
2025-02-08 22:30:00,0.0
2025-02-08 23:00:00,0.0
2025-02-08 23:30:00,0.0
2025-02-09 00:00:00,0.0
2025-02-09 00:30:00,0.0
2025-02-09 01:00:00,0.0
2025-02-09 01:30:00,0.0
2025-02-09 02:00:00,0.0
2025-02-09 02:30:00,0.0
2025-02-09 03:00:00,0.0
2025-02-09 03:30:00,0.0
2025-02-09 04:00:00,0.0
2025-02-09 04:30:00,0.0
2025-02-09 05:00:00,0.0
2025-02-09 05:30:00,0.0
2025-02-09 06:00:00,0.0
2025-02-09 06:30:00,0.0
2025-02-09 07:00:00,0.0
2025-02-09 07:30:00,0.0
2025-02-09 08:00:00,0.0
2025-02-09 08:30:00,0.0
2025-02-09 09:00:00,0.0
2025-02-09 09:30:00,0.0
2025-02-09 10:00:00,0.0
2025-02-09 10:30:00,0.0
2025-02-09 11:00:00,0.0
2025-02-09 11:30:00,0.0
2025-02-09 12:00:00,0.0
2025-02-09 12:30:00,0.0
2025-02-09 13:00:00,0.0
2025-02-09 13:30:00,0.0
2025-02-09 14:00:00,0.0
2025-02-09 14:30:00,0.0
2025-02-09 15:00:00,0.0
2025-02-09 15:30:00,0.0
2025-02-09 16:00:00,0.0
2025-02-09 16:30:00,0.0
2025-02-09 17:00:00,0.0
2025-02-09 17:30:00,0.0
2025-02-09 18:00:00,0.0
2025-02-09 18:30:00,0.0
2025-02-09 19:00:00,0.0
2025-02-09 19:30:00,0.0
2025-02-09 20:00:00,0.0
2025-02-09 20:30:00,0.0
2025-02-09 21:00:00,0.0
2025-02-09 21:30:00,0.0
2025-02-09 22:00:00,0.0
2025-02-09 22:30:00,0.0
2025-02-09 23:00:00,0.0
2025-02-09 23:30:00,0.0
2025-02-10 00:00:00,0.0
2025-02-10 00:30:00,0.0
2025-02-10 01:00:00,0.0
2025-02-10 01:30:00,0.0
2025-02-10 02:00:00,0.0
2025-02-10 02:30:00,0.0
2025-02-10 03:00:00,0.0
2025-02-10 03:30:00,0.0
2025-02-10 04:00:00,0.0
2025-02-10 04:30:00,0.0
2025-02-10 05:00:00,0.0
2025-02-10 05:30:00,0.0
2025-02-10 06:00:00,0.0
2025-02-10 06:30:00,0.0
2025-02-10 07:00:00,0.0
2025-02-10 07:30:00,0.0
2025-02-10 08:00:00,0.0
2025-02-10 08:30:00,0.0
2025-02-10 09:00:00,0.0
2025-02-10 09:30:00,0.0
2025-02-10 10:00:00,0.0
2025-02-10 10:30:00,0.0
2025-02-10 11:00:00,0.0
2025-02-10 11:30:00,0.0
2025-02-10 12:00:00,0.0
2025-02-10 12:30:00,0.0
2025-02-10 13:00:00,0.0
2025-02-10 13:30:00,0.0
2025-02-10 14:00:00,0.0
2025-02-10 14:30:00,0.0
2025-02-10 15:00:00,0.0
2025-02-10 15:30:00,0.0
2025-02-10 16:00:00,0.0
2025-02-10 16:30:00,0.0
2025-02-10 17:00:00,0.0
2025-02-10 17:30:00,0.0
2025-02-10 18:00:00,0.0
2025-02-10 18:30:00,0.0
2025-02-10 19:00:00,0.0
2025-02-10 19:30:00,0.0
2025-02-10 20:00:00,0.0
2025-02-10 20:30:00,0.0
2025-02-10 21:00:00,0.0
2025-02-10 21:30:00,4.6
2025-02-10 22:00:00,69.36666666666673
2025-02-10 22:30:00,75.08333333333329
2025-02-10 23:00:00,93.58333333333334
2025-02-10 23:30:00,92.43333333333325
2025-02-11 00:00:00,99.15000000000006
2025-02-11 00:30:00,102.6833333333334
2025-02-11 01:00:00,105.18333333333328
2025-02-11 01:30:00,105.9666666666666
2025-02-11 02:00:00,105.94999999999992
2025-02-11 02:30:00,81.28333333333326
2025-02-11 03:00:00,82.94999999999999
2025-02-11 03:30:00,87.66666666666674
2025-02-11 04:00:00,92.1666666666666
2025-02-11 04:30:00,88.13333333333333
2025-02-11 05:00:00,84.28333333333326
2025-02-11 05:30:00,85.50000000000006
2025-02-11 06:00:00,86.58333333333334
2025-02-11 06:30:00,88.64999999999999
2025-02-11 07:00:00,106.25
2025-02-11 07:30:00,70.65
2025-02-11 08:00:00,20.4166666666666
2025-02-11 08:30:00,0.0
2025-02-11 09:00:00,0.0
2025-02-11 09:30:00,0.0
2025-02-11 10:00:00,0.0
2025-02-11 10:30:00,0.0
2025-02-11 11:00:00,25.3333333333334
2025-02-11 11:30:00,30.71666666666674
2025-02-11 12:00:00,60.03333333333326
2025-02-11 12:30:00,139.8833333333332
2025-02-11 13:00:00,133.4333333333334
2025-02-11 13:30:00,129.85
2025-02-11 14:00:00,125.3333333333334
2025-02-11 14:30:00,130.05
2025-02-11 15:00:00,78.35
2025-02-11 15:30:00,132.7333333333334
2025-02-11 16:00:00,95.8833333333334
2025-02-11 16:30:00,96.2333333333332
2025-02-11 17:00:00,77.15000000000006
2025-02-11 17:30:00,63.26666666666666
2025-02-11 18:00:00,85.2666666666668
2025-02-11 18:30:00,53.1166666666666
2025-02-11 19:00:00,51.8333333333332
2025-02-11 19:30:00,48.016666666666595
2025-02-11 20:00:00,59.36666666666666
2025-02-11 20:30:00,54.2833333333332
2025-02-11 21:00:00,73.2333333333332
2025-02-11 21:30:00,64.06666666666666
2025-02-11 22:00:00,68.90000000000006
2025-02-11 22:30:00,43.5
2025-02-11 23:00:00,48.03333333333328
2025-02-11 23:30:00,46.099999999999994
2025-02-12 00:00:00,46.71666666666666
2025-02-12 00:30:00,50.66666666666666
2025-02-12 01:00:00,49.26666666666668
2025-02-12 01:30:00,53.15000000000002
2025-02-12 02:00:00,52.33333333333334
2025-02-12 02:30:00,50.46666666666668
2025-02-12 03:00:00,28.099999999999987
2025-02-12 03:30:00,28.86666666666666
2025-02-12 04:00:00,28.53333333333336
2025-02-12 04:30:00,29.25000000000002
2025-02-12 05:00:00,28.38333333333334
2025-02-12 05:30:00,25.25
2025-02-12 06:00:00,22.51666666666666
2025-02-12 06:30:00,13.48333333333334
2025-02-12 07:00:00,17.33333333333334
2025-02-12 07:30:00,0.0
2025-02-12 08:00:00,0.0
2025-02-12 08:30:00,0.0
2025-02-12 09:00:00,0.0
2025-02-12 09:30:00,0.0
2025-02-12 10:00:00,0.0
2025-02-12 10:30:00,0.0
2025-02-12 11:00:00,0.0
2025-02-12 11:30:00,0.0
2025-02-12 12:00:00,0.0
2025-02-12 12:30:00,0.0
2025-02-12 13:00:00,0.0
2025-02-12 13:30:00,0.0
2025-02-12 14:00:00,0.0
2025-02-12 14:30:00,0.0
2025-02-12 15:00:00,0.0
2025-02-12 15:30:00,0.0
2025-02-12 16:00:00,0.0
2025-02-12 16:30:00,0.0
2025-02-12 17:00:00,0.0
2025-02-12 17:30:00,0.0
2025-02-12 18:00:00,0.0
2025-02-12 18:30:00,0.0
2025-02-12 19:00:00,0.0
2025-02-12 19:30:00,0.0
2025-02-12 20:00:00,0.0
2025-02-12 20:30:00,0.0
2025-02-12 21:00:00,0.0
2025-02-12 21:30:00,0.0
2025-02-12 22:00:00,0.0
2025-02-12 22:30:00,0.0
2025-02-12 23:00:00,0.0
2025-02-12 23:30:00,0.0
2025-02-13 00:00:00,0.0
2025-02-13 00:30:00,0.0
2025-02-13 01:00:00,0.0
2025-02-13 01:30:00,0.0
2025-02-13 02:00:00,0.0
2025-02-13 02:30:00,0.0
2025-02-13 03:00:00,0.0
2025-02-13 03:30:00,0.0
2025-02-13 04:00:00,0.0
2025-02-13 04:30:00,0.0
2025-02-13 05:00:00,0.0
2025-02-13 05:30:00,0.0
2025-02-13 06:00:00,0.0
2025-02-13 06:30:00,0.0
2025-02-13 07:00:00,0.0
2025-02-13 07:30:00,0.0
2025-02-13 08:00:00,0.0
2025-02-13 08:30:00,0.0
2025-02-13 09:00:00,0.0
2025-02-13 09:30:00,0.0
2025-02-13 10:00:00,0.0
2025-02-13 10:30:00,0.0
2025-02-13 11:00:00,0.0
2025-02-13 11:30:00,0.0
2025-02-13 12:00:00,0.0
2025-02-13 12:30:00,0.0
2025-02-13 13:00:00,0.0
2025-02-13 13:30:00,0.0
2025-02-13 14:00:00,0.0
2025-02-13 14:30:00,0.0
2025-02-13 15:00:00,0.0
2025-02-13 15:30:00,0.0
2025-02-13 16:00:00,0.0
2025-02-13 16:30:00,0.0
2025-02-13 17:00:00,0.0
2025-02-13 17:30:00,0.0
2025-02-13 18:00:00,0.0
2025-02-13 18:30:00,0.0
2025-02-13 19:00:00,0.0
2025-02-13 19:30:00,0.0
2025-02-13 20:00:00,0.0
2025-02-13 20:30:00,0.0
2025-02-13 21:00:00,0.0
2025-02-13 21:30:00,0.0
2025-02-13 22:00:00,0.0
2025-02-13 22:30:00,0.0
2025-02-13 23:00:00,0.0
2025-02-13 23:30:00,0.0
2025-02-14 00:00:00,0.0
2025-02-14 00:30:00,0.0
2025-02-14 01:00:00,0.0
2025-02-14 01:30:00,0.0
2025-02-14 02:00:00,0.0
2025-02-14 02:30:00,0.0
2025-02-14 03:00:00,0.0
2025-02-14 03:30:00,0.0
2025-02-14 04:00:00,0.0
2025-02-14 04:30:00,0.0
2025-02-14 05:00:00,0.0
2025-02-14 05:30:00,0.0
2025-02-14 06:00:00,0.0
2025-02-14 06:30:00,0.0
2025-02-14 07:00:00,0.0
2025-02-14 07:30:00,0.0
2025-02-14 08:00:00,0.0
2025-02-14 08:30:00,0.0
2025-02-14 09:00:00,0.0
2025-02-14 09:30:00,0.0
2025-02-14 10:00:00,0.0
2025-02-14 10:30:00,0.0
2025-02-14 11:00:00,0.0
2025-02-14 11:30:00,0.0
2025-02-14 12:00:00,0.0
2025-02-14 12:30:00,0.0
2025-02-14 13:00:00,0.0
2025-02-14 13:30:00,0.0
2025-02-14 14:00:00,0.0
2025-02-14 14:30:00,0.0
2025-02-14 15:00:00,0.0
2025-02-14 15:30:00,0.0
2025-02-14 16:00:00,0.0
2025-02-14 16:30:00,0.0
2025-02-14 17:00:00,0.0
2025-02-14 17:30:00,0.0
2025-02-14 18:00:00,0.0
2025-02-14 18:30:00,0.0
2025-02-14 19:00:00,0.0
2025-02-14 19:30:00,0.0
2025-02-14 20:00:00,0.0
2025-02-14 20:30:00,0.0
2025-02-14 21:00:00,0.0
2025-02-14 21:30:00,0.0
2025-02-14 22:00:00,0.0
2025-02-14 22:30:00,0.0
2025-02-14 23:00:00,0.0
2025-02-14 23:30:00,0.0
2025-02-15 00:00:00,0.0
2025-02-15 00:30:00,0.0
2025-02-15 01:00:00,0.0
2025-02-15 01:30:00,0.0
2025-02-15 02:00:00,0.0
2025-02-15 02:30:00,0.0
2025-02-15 03:00:00,0.0
2025-02-15 03:30:00,0.0
2025-02-15 04:00:00,0.0
2025-02-15 04:30:00,0.0
2025-02-15 05:00:00,0.0
2025-02-15 05:30:00,0.0
2025-02-15 06:00:00,0.0
2025-02-15 06:30:00,0.0
2025-02-15 07:00:00,0.0
2025-02-15 07:30:00,0.0
2025-02-15 08:00:00,0.0
2025-02-15 08:30:00,0.0
2025-02-15 09:00:00,0.0
2025-02-15 09:30:00,0.0
2025-02-15 10:00:00,0.0
2025-02-15 10:30:00,0.0
2025-02-15 11:00:00,0.0
2025-02-15 11:30:00,0.0
2025-02-15 12:00:00,0.0
2025-02-15 12:30:00,0.0
2025-02-15 13:00:00,0.0
2025-02-15 13:30:00,0.0
2025-02-15 14:00:00,0.0
2025-02-15 14:30:00,0.0
2025-02-15 15:00:00,0.0
2025-02-15 15:30:00,0.0
2025-02-15 16:00:00,0.0
2025-02-15 16:30:00,0.0
2025-02-15 17:00:00,0.0
2025-02-15 17:30:00,0.0
2025-02-15 18:00:00,0.0
2025-02-15 18:30:00,0.0
2025-02-15 19:00:00,0.0
2025-02-15 19:30:00,0.0
2025-02-15 20:00:00,0.0
2025-02-15 20:30:00,0.0
2025-02-15 21:00:00,0.0
2025-02-15 21:30:00,0.0
2025-02-15 22:00:00,0.0
2025-02-15 22:30:00,10.5
2025-02-15 23:00:00,10.2
2025-02-15 23:30:00,25.8
2025-02-16 00:00:00,0.0
2025-02-16 00:30:00,0.0
2025-02-16 01:00:00,0.0
2025-02-16 01:30:00,0.0
2025-02-16 02:00:00,24.68333333333332
2025-02-16 02:30:00,51.45000000000006
2025-02-16 03:00:00,76.19999999999986
2025-02-16 03:30:00,12.91666666666666
2025-02-16 04:00:00,0.0
2025-02-16 04:30:00,38.06666666666674
2025-02-16 05:00:00,40.86666666666666
2025-02-16 05:30:00,73.73333333333333
2025-02-16 06:00:00,80.26666666666668
2025-02-16 06:30:00,85.2333333333334
2025-02-16 07:00:00,77.70000000000006
2025-02-16 07:30:00,83.8666666666666
2025-02-16 08:00:00,88.95000000000007
2025-02-16 08:30:00,94.96666666666661
2025-02-16 09:00:00,99.68333333333327
2025-02-16 09:30:00,100.56666666666672
2025-02-16 10:00:00,70.05
2025-02-16 10:30:00,73.26666666666667
2025-02-16 11:00:00,75.3
2025-02-16 11:30:00,101.46666666666674
2025-02-16 12:00:00,66.26666666666668
2025-02-16 12:30:00,106.29999999999993
2025-02-16 13:00:00,108.30000000000001
2025-02-16 13:30:00,73.7666666666666
2025-02-16 14:00:00,46.2
2025-02-16 14:30:00,78.18333333333332
2025-02-16 15:00:00,69.36666666666675
2025-02-16 15:30:00,63.28333333333328
2025-02-16 16:00:00,53.89999999999999
2025-02-16 16:30:00,49.51666666666666
2025-02-16 17:00:00,43.616666666666674
2025-02-16 17:30:00,41.83333333333332
2025-02-16 18:00:00,38.45000000000002
2025-02-16 18:30:00,37.80000000000002
2025-02-16 19:00:00,44.6
2025-02-16 19:30:00,45.03333333333334
2025-02-16 20:00:00,43.93333333333334
2025-02-16 20:30:00,42.21666666666668
2025-02-16 21:00:00,40.45000000000002
2025-02-16 21:30:00,38.41666666666668
2025-02-16 22:00:00,36.23333333333334
2025-02-16 22:30:00,32.23333333333332
2025-02-16 23:00:00,28.4
2025-02-16 23:30:00,24.76666666666666
2025-02-17 00:00:00,19.63333333333334
2025-02-17 00:30:00,19.06666666666668
2025-02-17 01:00:00,12.18333333333332
2025-02-17 01:30:00,12.53333333333332
2025-02-17 02:00:00,13.36666666666666
2025-02-17 02:30:00,13.96666666666666
2025-02-17 03:00:00,15.68333333333332
2025-02-17 03:30:00,17.08333333333332
2025-02-17 04:00:00,16.18333333333334
2025-02-17 04:30:00,15.850000000000021
2025-02-17 05:00:00,15.63333333333334
2025-02-17 05:30:00,15.649999999999999
2025-02-17 06:00:00,15.88333333333334
2025-02-17 06:30:00,15.88333333333334
2025-02-17 07:00:00,15.3
2025-02-17 07:30:00,22.366666666666667
2025-02-17 08:00:00,0.0
2025-02-17 08:30:00,0.0
2025-02-17 09:00:00,0.0
2025-02-17 09:30:00,0.0
2025-02-17 10:00:00,0.0
2025-02-17 10:30:00,0.0
2025-02-17 11:00:00,0.0
2025-02-17 11:30:00,0.0
2025-02-17 12:00:00,0.0
2025-02-17 12:30:00,0.0
2025-02-17 13:00:00,36.2
2025-02-17 13:30:00,26.41666666666666
2025-02-17 14:00:00,17.89999999999999
2025-02-17 14:30:00,33.48333333333326
2025-02-17 15:00:00,47.86666666666658
2025-02-17 15:30:00,31.499999999999986
2025-02-17 16:00:00,42.349999999999994
2025-02-17 16:30:00,41.73333333333332
2025-02-17 17:00:00,37.53333333333332
2025-02-17 17:30:00,34.86666666666666
2025-02-17 18:00:00,30.183333333333326
2025-02-17 18:30:00,52.5166666666666
2025-02-17 19:00:00,53.30000000000006
2025-02-17 19:30:00,46.81666666666666
2025-02-17 20:00:00,41.51666666666666
2025-02-17 20:30:00,37.85000000000002
2025-02-17 21:00:00,32.949999999999996
2025-02-17 21:30:00,54.81666666666659
2025-02-17 22:00:00,87.58333333333331
2025-02-17 22:30:00,84.43333333333348
2025-02-17 23:00:00,79.0
2025-02-17 23:30:00,73.38333333333348
2025-02-18 00:00:00,61.65000000000002
2025-02-18 00:30:00,78.45000000000002
2025-02-18 01:00:00,83.81666666666672
2025-02-18 01:30:00,68.90000000000006
2025-02-18 02:00:00,85.5166666666666
2025-02-18 02:30:00,96.91666666666674
2025-02-18 03:00:00,102.78333333333333
2025-02-18 03:30:00,108.20000000000014
2025-02-18 04:00:00,118.3666666666666
2025-02-18 04:30:00,123.21666666666674
2025-02-18 05:00:00,129.21666666666664
2025-02-18 05:30:00,140.98333333333346
2025-02-18 06:00:00,151.98333333333315
2025-02-18 06:30:00,155.9333333333334
2025-02-18 07:00:00,234.85
2025-02-18 07:30:00,137.88333333333327
2025-02-18 08:00:00,125.31666666666659
2025-02-18 08:30:00,153.9
2025-02-18 09:00:00,171.48333333333318
2025-02-18 09:30:00,162.0166666666666
2025-02-18 10:00:00,203.13333333333316
2025-02-18 10:30:00,311.3666666666666
2025-02-18 11:00:00,311.79999999999995
2025-02-18 11:30:00,258.4
2025-02-18 12:00:00,244.2666666666666
2025-02-18 12:30:00,266.3666666666666
2025-02-18 13:00:00,226.14999999999998
2025-02-18 13:30:00,195.7
2025-02-18 14:00:00,140.5666666666666
2025-02-18 14:30:00,151.00000000000006
2025-02-18 15:00:00,213.9
2025-02-18 15:30:00,213.86666666666662
2025-02-18 16:00:00,297.6
2025-02-18 16:30:00,296.66666666666663
2025-02-18 17:00:00,205.86111111111103
2025-02-18 17:30:00,304.6055555555556
2025-02-18 18:00:00,275.2666666666668
2025-02-18 18:30:00,241.7500000000002
2025-02-18 19:00:00,211.2333333333332
2025-02-18 19:30:00,269.0333333333332
2025-02-18 20:00:00,234.9333333333332
2025-02-18 20:30:00,312.9666666666666
2025-02-18 21:00:00,304.8
2025-02-18 21:30:00,270.6333333333332
2025-02-18 22:00:00,236.21666666666658
2025-02-18 22:30:00,314.9666666666666
2025-02-18 23:00:00,321.0
2025-02-18 23:30:00,320.36666666666656
2025-02-19 00:00:00,319.85
2025-02-19 00:30:00,319.86666666666656
2025-02-19 01:00:00,319.8833333333332
2025-02-19 01:30:00,321.0333333333332
2025-02-19 02:00:00,322.85
2025-02-19 02:30:00,322.86666666666656
2025-02-19 03:00:00,240.06666666666666
2025-02-19 03:30:00,254.7333333333334
2025-02-19 04:00:00,291.0666666666666
2025-02-19 04:30:00,309.2333333333334
2025-02-19 05:00:00,226.2722222222222
2025-02-19 05:30:00,229.29999999999998
2025-02-19 06:00:00,247.49999999999977
2025-02-19 06:30:00,249.0666666666668
2025-02-19 07:00:00,249.0666666666668
2025-02-19 07:30:00,249.8
2025-02-19 08:00:00,250.6333333333334
2025-02-19 08:30:00,250.6333333333334
2025-02-19 09:00:00,250.6333333333334
2025-02-19 09:30:00,250.6333333333334
2025-02-19 10:00:00,195.35
2025-02-19 10:30:00,235.9333333333334
2025-02-19 11:00:00,80.91666666666666
2025-02-19 11:30:00,267.7666666666666
2025-02-19 12:00:00,300.6166666666666
2025-02-19 12:30:00,52.94444444444437
2025-02-19 13:00:00,424.0
2025-02-19 13:30:00,64.67500000000007
2025-02-19 14:00:00,94.24999999999994
2025-02-19 14:30:00,188.59999999999994
2025-02-19 15:00:00,83.14999999999993
2025-02-19 15:30:00,123.84999999999994
2025-02-19 16:00:00,129.6166666666666
2025-02-19 16:30:00,271.05
2025-02-19 17:00:00,73.51666666666674
2025-02-19 17:30:00,181.78333333333325
2025-02-19 18:00:00,269.16666666666663
2025-02-19 18:30:00,235.2833333333332
2025-02-19 19:00:00,181.78333333333325
2025-02-19 19:30:00,269.16666666666663
2025-02-19 20:00:00,272.2833333333332
2025-02-19 20:30:00,218.78333333333325
2025-02-19 21:00:00,306.16666666666663
2025-02-19 21:30:00,227.95
2025-02-19 22:00:00,152.51666666666665
2025-02-19 22:30:00,259.6833333333334
2025-02-19 23:00:00,225.8
2025-02-19 23:30:00,193.70000000000005
2025-02-20 00:00:00,295.35
2025-02-20 00:30:00,275.73333333333323
2025-02-20 01:00:00,229.36666666666667
2025-02-20 01:30:00,316.75
2025-02-20 02:00:00,204.99444444444438
2025-02-20 02:30:00,162.59444444444443
2025-02-20 03:00:00,161.17777777777778
2025-02-20 03:30:00,127.29444444444438
2025-02-20 04:00:00,73.79444444444444
2025-02-20 04:30:00,73.79444444444444
2025-02-20 05:00:00,88.32777777777778
2025-02-20 05:30:00,124.92777777777778
2025-02-20 06:00:00,139.46111111111117
2025-02-20 06:30:00,150.16111111111118
2025-02-20 07:00:00,172.2277777777778
2025-02-20 07:30:00,194.02777777777777
2025-02-20 08:00:00,212.1277777777778
2025-02-20 08:30:00,212.1277777777778
2025-02-20 09:00:00,212.1277777777778
2025-02-20 09:30:00,212.1277777777778
2025-02-20 10:00:00,226.66111111111118
2025-02-20 10:30:00,244.76111111111118
2025-02-20 11:00:00,53.47222222222222
2025-02-20 11:30:00,66.79444444444444
2025-02-20 12:00:00,266.6277777777778
2025-02-20 12:30:00,21.799999999999997
2025-02-20 13:00:00,436.0
2025-02-20 13:30:00,21.6
2025-02-20 14:00:00,43.26666666666668
2025-02-20 14:30:00,68.1
2025-02-20 15:00:00,68.1
2025-02-20 15:30:00,68.1
2025-02-20 16:00:00,67.88333333333334
2025-02-20 16:30:00,67.53333333333336
2025-02-20 17:00:00,66.83333333333331
2025-02-20 17:30:00,65.68333333333332
2025-02-20 18:00:00,63.400000000000006
2025-02-20 18:30:00,64.71666666666668
2025-02-20 19:00:00,64.71666666666667
2025-02-20 19:30:00,66.18333333333334
2025-02-20 20:00:00,67.58333333333334
2025-02-20 20:30:00,71.31666666666666
2025-02-20 21:00:00,71.63333333333333
2025-02-20 21:30:00,71.8
2025-02-20 22:00:00,71.8
2025-02-20 22:30:00,71.8
2025-02-20 23:00:00,71.8
2025-02-20 23:30:00,71.8
2025-02-21 00:00:00,71.75
2025-02-21 00:30:00,74.95000000000002
2025-02-21 01:00:00,56.18333333333326
2025-02-21 01:30:00,75.16666666666666
2025-02-21 02:00:00,73.59999999999998
2025-02-21 02:30:00,73.38333333333334
2025-02-21 03:00:00,68.45
2025-02-21 03:30:00,70.15
2025-02-21 04:00:00,70.93333333333334
2025-02-21 04:30:00,71.9
2025-02-21 05:00:00,72.56666666666666
2025-02-21 05:30:00,71.41666666666666
2025-02-21 06:00:00,71.58333333333334
2025-02-21 06:30:00,73.15
2025-02-21 07:00:00,73.05
2025-02-21 07:30:00,74.0833333333334
2025-02-21 08:00:00,75.03333333333332
2025-02-21 08:30:00,75.19999999999999
2025-02-21 09:00:00,75.5
2025-02-21 09:30:00,75.5
2025-02-21 10:00:00,169.85
2025-02-21 10:30:00,149.5
2025-02-21 11:00:00,112.5
2025-02-21 11:30:00,75.5
2025-02-21 12:00:00,169.85
2025-02-21 12:30:00,149.5
2025-02-21 13:00:00,148.94999999999993
2025-02-21 13:30:00,143.8
2025-02-21 14:00:00,147.6833333333334
2025-02-21 14:30:00,136.66666666666674
2025-02-21 15:00:00,147.03333333333342
2025-02-21 15:30:00,144.04999999999993
2025-02-21 16:00:00,149.5
2025-02-21 16:30:00,149.5
2025-02-21 17:00:00,149.5
2025-02-21 17:30:00,149.5
2025-02-21 18:00:00,149.5
2025-02-21 18:30:00,149.5
2025-02-21 19:00:00,149.11666666666662
2025-02-21 19:30:00,144.46666666666658
2025-02-21 20:00:00,140.13333333333327
2025-02-21 20:30:00,124.95000000000006
2025-02-21 21:00:00,109.04999999999994
2025-02-21 21:30:00,117.43333333333328
2025-02-21 22:00:00,124.54999999999993
2025-02-21 22:30:00,130.04999999999993
2025-02-21 23:00:00,134.10000000000008
2025-02-21 23:30:00,135.73333333333335
2025-02-22 00:00:00,140.69999999999993
2025-02-22 00:30:00,142.10000000000005
2025-02-22 01:00:00,145.81666666666675
2025-02-22 01:30:00,146.61666666666673
2025-02-22 02:00:00,145.13333333333333
2025-02-22 02:30:00,145.16666666666666
2025-02-22 03:00:00,145.5166666666666
2025-02-22 03:30:00,146.3333333333332
2025-02-22 04:00:00,146.35
2025-02-22 04:30:00,147.3166666666666
2025-02-22 05:00:00,147.33333333333326
2025-02-22 05:30:00,147.49999999999994
2025-02-22 06:00:00,147.49999999999994
2025-02-22 06:30:00,147.49999999999994
2025-02-22 07:00:00,148.50000000000006
2025-02-22 07:30:00,148.4833333333334
2025-02-22 08:00:00,148.31666666666675
2025-02-22 08:30:00,148.29999999999995
2025-02-22 09:00:00,147.46666666666667
2025-02-22 09:30:00,147.0999999999999
2025-02-22 10:00:00,146.13333333333327
2025-02-22 10:30:00,146.11666666666662
2025-02-22 11:00:00,146.1
2025-02-22 11:30:00,146.8
2025-02-22 12:00:00,145.13333333333333
2025-02-22 12:30:00,145.13333333333333
2025-02-22 13:00:00,146.13333333333327
2025-02-22 13:30:00,146.11666666666662
2025-02-22 14:00:00,146.13333333333327
2025-02-22 14:30:00,146.14999999999986
2025-02-22 15:00:00,146.94999999999985
2025-02-22 15:30:00,147.03333333333333
2025-02-22 16:00:00,151.35
2025-02-22 16:30:00,224.5
2025-02-22 17:00:00,187.03333333333342
2025-02-22 17:30:00,150.35
2025-02-22 18:00:00,240.1666666666668
2025-02-22 18:30:00,167.6666666666668
2025-02-22 19:00:00,133.48333333333326
2025-02-22 19:30:00,169.88333333333327
2025-02-22 20:00:00,133.68333333333325
2025-02-22 20:30:00,169.8666666666666
2025-02-22 21:00:00,133.44444444444446
2025-02-22 21:30:00,168.6666666666668
2025-02-22 22:00:00,131.53888888888878
2025-02-22 22:30:00,166.05
2025-02-22 23:00:00,129.28333333333347
2025-02-22 23:30:00,163.23333333333335
2025-02-23 00:00:00,128.6222222222222
2025-02-23 00:30:00,155.33333333333331
2025-02-23 01:00:00,120.11111111111107
2025-02-23 01:30:00,153.1333333333335
2025-02-23 02:00:00,117.7444444444445
2025-02-23 02:30:00,148.46666666666667
2025-02-23 03:00:00,114.3333333333334
2025-02-23 03:30:00,143.9333333333334
2025-02-23 04:00:00,109.16666666666666
2025-02-23 04:30:00,144.58333333333334
2025-02-23 05:00:00,104.06666666666673
2025-02-23 05:30:00,204.31666666666666
2025-02-23 06:00:00,160.21666666666673
2025-02-23 06:30:00,190.06666666666666
2025-02-23 07:00:00,154.52777777777771
2025-02-23 07:30:00,178.76666666666654
2025-02-23 08:00:00,203.1833333333334
2025-02-23 08:30:00,199.11666666666667
2025-02-23 09:00:00,284.05
2025-02-23 09:30:00,278.65000000000003
2025-02-23 10:00:00,267.1833333333334
2025-02-23 10:30:00,252.0166666666666
2025-02-23 11:00:00,235.83333333333326
2025-02-23 11:30:00,184.21666666666667
2025-02-23 12:00:00,202.55000000000007
2025-02-23 12:30:00,186.96666666666675
2025-02-23 13:00:00,0.0
2025-02-23 13:30:00,12.01666666666668
2025-02-23 14:00:00,8.677777777777777
2025-02-23 14:30:00,27.86666666666668
2025-02-23 15:00:00,35.46666666666666
2025-02-23 15:30:00,35.66666666666666
2025-02-23 16:00:00,35.66666666666666
2025-02-23 16:30:00,98.83333333333334
2025-02-23 17:00:00,99.23333333333335
2025-02-23 17:30:00,99.23333333333335
2025-02-23 18:00:00,136.23333333333335
2025-02-23 18:30:00,136.23333333333335
2025-02-23 19:00:00,136.23333333333335
2025-02-23 19:30:00,179.1666666666666
2025-02-23 20:00:00,179.1666666666666
2025-02-23 20:30:00,179.1666666666666
2025-02-23 21:00:00,179.1666666666666
2025-02-23 21:30:00,179.1666666666666
2025-02-23 22:00:00,179.1666666666666
2025-02-23 22:30:00,179.1666666666666
2025-02-23 23:00:00,179.1666666666666
2025-02-23 23:30:00,177.03333333333342
2025-02-24 00:00:00,177.03333333333342
2025-02-24 00:30:00,177.03333333333342
2025-02-24 01:00:00,177.03333333333342
2025-02-24 01:30:00,177.03333333333342
2025-02-24 02:00:00,177.03333333333342
2025-02-24 02:30:00,177.03333333333342
2025-02-24 03:00:00,177.03333333333342
2025-02-24 03:30:00,177.03333333333342
2025-02-24 04:00:00,177.03333333333342
2025-02-24 04:30:00,177.03333333333342
2025-02-24 05:00:00,177.03333333333342
2025-02-24 05:30:00,177.03333333333342
2025-02-24 06:00:00,177.03333333333342
2025-02-24 06:30:00,177.03333333333342
2025-02-24 07:00:00,180.7333333333334
2025-02-24 07:30:00,123.38333333333341
2025-02-24 08:00:00,216.0833333333334
2025-02-24 08:30:00,206.9
2025-02-24 09:00:00,167.5166666666666
2025-02-24 09:30:00,176.53333333333342
2025-02-24 10:00:00,113.7
2025-02-24 10:30:00,172.2666666666666
2025-02-24 11:00:00,172.2666666666666
2025-02-24 11:30:00,189.5666666666666
2025-02-24 12:00:00,207.03333333333342
2025-02-24 12:30:00,235.5666666666666
2025-02-24 13:00:00,235.5666666666666
2025-02-24 13:30:00,235.5666666666666
2025-02-24 14:00:00,239.2666666666666
2025-02-24 14:30:00,239.2666666666666
2025-02-24 15:00:00,239.2666666666666
2025-02-24 15:30:00,311.41666666666663
2025-02-24 16:00:00,239.2666666666666
2025-02-24 16:30:00,246.66666666666663
2025-02-24 17:00:00,246.66666666666663
2025-02-24 17:30:00,246.66666666666663
2025-02-24 18:00:00,253.8
2025-02-24 18:30:00,253.8
2025-02-24 19:00:00,253.8
2025-02-24 19:30:00,253.8
2025-02-24 20:00:00,253.8
2025-02-24 20:30:00,253.8
2025-02-24 21:00:00,253.8
2025-02-24 21:30:00,253.7833333333332
2025-02-24 22:00:00,253.18333333333322
2025-02-24 22:30:00,253.1666666666666
2025-02-24 23:00:00,251.88333333333338
2025-02-24 23:30:00,251.88333333333338
2025-02-25 00:00:00,251.86666666666662
2025-02-25 00:30:00,251.2499999999998
2025-02-25 01:00:00,244.30000000000018
2025-02-25 01:30:00,244.0333333333332
2025-02-25 02:00:00,243.3666666666668
2025-02-25 02:30:00,241.6333333333334
2025-02-25 03:00:00,240.3833333333336
2025-02-25 03:30:00,238.64999999999998
2025-02-25 04:00:00,235.70000000000002
2025-02-25 04:30:00,235.6833333333334
2025-02-25 05:00:00,235.6833333333334
2025-02-25 05:30:00,235.0
2025-02-25 06:00:00,235.75
2025-02-25 06:30:00,237.4166666666668
2025-02-25 07:00:00,241.0833333333332
2025-02-25 07:30:00,242.1333333333332
2025-02-25 08:00:00,243.45
2025-02-25 08:30:00,243.1166666666668
2025-02-25 09:00:00,244.6333333333332
2025-02-25 09:30:00,243.3666666666666
2025-02-25 10:00:00,241.25
2025-02-25 10:30:00,233.5
2025-02-25 11:00:00,226.5
2025-02-25 11:30:00,215.4833333333334
2025-02-25 12:00:00,213.3
2025-02-25 12:30:00,208.3333333333334
2025-02-25 13:00:00,203.53333333333342
2025-02-25 13:30:00,199.9666666666668
2025-02-25 14:00:00,201.96666666666658
2025-02-25 14:30:00,200.6666666666666
2025-02-25 15:00:00,200.0166666666666
2025-02-25 15:30:00,196.9
2025-02-25 16:00:00,193.9000000000002
2025-02-25 16:30:00,196.45
2025-02-25 17:00:00,120.71666666666674
2025-02-25 17:30:00,99.5
2025-02-25 18:00:00,127.34999999999994
2025-02-25 18:30:00,8.78333333333334
2025-02-25 19:00:00,73.8
2025-02-25 19:30:00,0.0
2025-02-25 20:00:00,0.0
2025-02-25 20:30:00,0.0
2025-02-25 21:00:00,0.0
2025-02-25 21:30:00,0.0
2025-02-25 22:00:00,0.0
2025-02-25 22:30:00,0.0
2025-02-25 23:00:00,0.0
2025-02-25 23:30:00,0.0
2025-02-26 00:00:00,0.0
2025-02-26 00:30:00,0.0
2025-02-26 01:00:00,0.0
2025-02-26 01:30:00,0.0
2025-02-26 02:00:00,0.0
2025-02-26 02:30:00,0.0
2025-02-26 03:00:00,0.0
2025-02-26 03:30:00,0.0
2025-02-26 04:00:00,0.0
2025-02-26 04:30:00,0.0
2025-02-26 05:00:00,0.0
2025-02-26 05:30:00,0.0
2025-02-26 06:00:00,0.0
2025-02-26 06:30:00,0.0
2025-02-26 07:00:00,0.0
2025-02-26 07:30:00,0.0
2025-02-26 08:00:00,0.0
2025-02-26 08:30:00,0.0
2025-02-26 09:00:00,0.0
2025-02-26 09:30:00,0.0
2025-02-26 10:00:00,0.0
2025-02-26 10:30:00,0.0
2025-02-26 11:00:00,0.0
2025-02-26 11:30:00,0.0
2025-02-26 12:00:00,0.0
2025-02-26 12:30:00,0.0
2025-02-26 13:00:00,0.0
2025-02-26 13:30:00,0.0
2025-02-26 14:00:00,0.0
2025-02-26 14:30:00,0.0
2025-02-26 15:00:00,0.0
2025-02-26 15:30:00,0.0
2025-02-26 16:00:00,0.0
2025-02-26 16:30:00,0.0
2025-02-26 17:00:00,0.0
2025-02-26 17:30:00,0.0
2025-02-26 18:00:00,0.0
2025-02-26 18:30:00,0.0
2025-02-26 19:00:00,0.0
2025-02-26 19:30:00,0.0
2025-02-26 20:00:00,0.0
2025-02-26 20:30:00,0.0
2025-02-26 21:00:00,0.0
2025-02-26 21:30:00,0.0
2025-02-26 22:00:00,0.0
2025-02-26 22:30:00,0.0
2025-02-26 23:00:00,0.0
2025-02-26 23:30:00,0.0
2025-02-27 00:00:00,0.0
2025-02-27 00:30:00,0.0
2025-02-27 01:00:00,0.0
2025-02-27 01:30:00,0.0
2025-02-27 02:00:00,0.0
2025-02-27 02:30:00,0.0
2025-02-27 03:00:00,0.0
2025-02-27 03:30:00,0.0
2025-02-27 04:00:00,0.0
2025-02-27 04:30:00,0.0
2025-02-27 05:00:00,60.083333333333364
2025-02-27 05:30:00,81.76666666666667
2025-02-27 06:00:00,68.24999999999994
2025-02-27 06:30:00,25.75
2025-02-27 07:00:00,14.5
2025-02-27 07:30:00,0.0
2025-02-27 08:00:00,0.0
2025-02-27 08:30:00,0.0
2025-02-27 09:00:00,0.0
2025-02-27 09:30:00,0.0
2025-02-27 10:00:00,0.0
2025-02-27 10:30:00,0.0
2025-02-27 11:00:00,0.0
2025-02-27 11:30:00,0.0
2025-02-27 12:00:00,0.0
2025-02-27 12:30:00,0.0
2025-02-27 13:00:00,0.0
2025-02-27 13:30:00,0.0
2025-02-27 14:00:00,0.0
2025-02-27 14:30:00,0.0
2025-02-27 15:00:00,0.0
2025-02-27 15:30:00,0.0
2025-02-27 16:00:00,0.0
2025-02-27 16:30:00,0.0
2025-02-27 17:00:00,0.0
2025-02-27 17:30:00,0.0
2025-02-27 18:00:00,0.0
2025-02-27 18:30:00,0.0
2025-02-27 19:00:00,0.0
2025-02-27 19:30:00,0.0
2025-02-27 20:00:00,0.0
2025-02-27 20:30:00,0.0
2025-02-27 21:00:00,0.0
2025-02-27 21:30:00,0.0
2025-02-27 22:00:00,0.0
2025-02-27 22:30:00,0.0
2025-02-27 23:00:00,0.0
2025-02-27 23:30:00,0.0
2025-02-28 00:00:00,0.0
2025-02-28 00:30:00,0.0
2025-02-28 01:00:00,0.0
2025-02-28 01:30:00,0.0
2025-02-28 02:00:00,0.0
2025-02-28 02:30:00,0.0
2025-02-28 03:00:00,0.0
2025-02-28 03:30:00,0.0
2025-02-28 04:00:00,0.0
2025-02-28 04:30:00,0.0
2025-02-28 05:00:00,0.0
2025-02-28 05:30:00,0.0
2025-02-28 06:00:00,0.0
2025-02-28 06:30:00,0.0
2025-02-28 07:00:00,0.0
2025-02-28 07:30:00,0.0
2025-02-28 08:00:00,0.0
2025-02-28 08:30:00,0.0
2025-02-28 09:00:00,0.0
2025-02-28 09:30:00,0.0
2025-02-28 10:00:00,0.0
2025-02-28 10:30:00,0.0
2025-02-28 11:00:00,171.88333333333338
2025-02-28 11:30:00,23.13333333333334
2025-02-28 12:00:00,0.0
2025-02-28 12:30:00,0.0
2025-02-28 13:00:00,0.0
2025-02-28 13:30:00,0.0
2025-02-28 14:00:00,114.04999999999981
2025-02-28 14:30:00,80.0833333333334
2025-02-28 15:00:00,212.65
2025-02-28 15:30:00,149.7333333333334
2025-02-28 16:00:00,241.3333333333332
2025-02-28 16:30:00,15.23333333333334
2025-02-28 17:00:00,84.0333333333334
2025-02-28 17:30:00,15.03333333333332
2025-02-28 18:00:00,84.0666666666666
2025-02-28 18:30:00,52.8666666666666
2025-02-28 19:00:00,86.8833333333332
2025-02-28 19:30:00,88.41666666666654
2025-02-28 20:00:00,267.7499999999999
2025-02-28 20:30:00,322.7666666666664
2025-02-28 21:00:00,238.81666666666666
2025-02-28 21:30:00,295.1166666666664
2025-02-28 22:00:00,226.2333333333334
2025-02-28 22:30:00,139.98333333333326
2025-02-28 23:00:00,195.1166666666666
2025-02-28 23:30:00,241.73333333333326
2025-03-01 00:00:00,285.3000000000002
2025-03-01 00:30:00,340.4666666666668
2025-03-01 01:00:00,268.3666666666666
2025-03-01 01:30:00,179.1666666666666
2025-03-01 02:00:00,233.78333333333342
2025-03-01 02:30:00,160.0
2025-03-01 03:00:00,192.11666666666667
2025-03-01 03:30:00,378.5
2025-03-01 04:00:00,305.2833333333334
2025-03-01 04:30:00,214.16666666666663
2025-03-01 05:00:00,266.33333333333337
2025-03-01 05:30:00,185.25
2025-03-01 06:00:00,94.06666666666673
2025-03-01 06:30:00,241.92222222222222
2025-03-01 07:00:00,273.1
2025-03-01 07:30:00,144.36666666666662
2025-03-01 08:00:00,32.9333333333334
2025-03-01 08:30:00,0.0
2025-03-01 09:00:00,0.0
2025-03-01 09:30:00,0.0
2025-03-01 10:00:00,0.0
2025-03-01 10:30:00,0.0
2025-03-01 11:00:00,0.0
2025-03-01 11:30:00,0.0
2025-03-01 12:00:00,0.0
2025-03-01 12:30:00,0.0
2025-03-01 13:00:00,0.0
2025-03-01 13:30:00,0.0
2025-03-01 14:00:00,0.0
2025-03-01 14:30:00,33.3833333333334
2025-03-01 15:00:00,77.55
2025-03-01 15:30:00,95.15000000000013
2025-03-01 16:00:00,186.5666666666668
2025-03-01 16:30:00,38.4333333333334
2025-03-01 17:00:00,88.5666666666666
2025-03-01 17:30:00,16.5
2025-03-01 18:00:00,82.5
2025-03-01 18:30:00,0.0
2025-03-01 19:00:00,0.0
2025-03-01 19:30:00,67.55
2025-03-01 20:00:00,158.2833333333334
2025-03-01 20:30:00,130.97500000000002
2025-03-01 21:00:00,60.55
2025-03-01 21:30:00,52.794444444444444
2025-03-01 22:00:00,110.44444444444444
2025-03-01 22:30:00,93.09444444444445
2025-03-01 23:00:00,111.91111111111104
2025-03-01 23:30:00,102.14444444444445
2025-03-02 00:00:00,101.42222222222227
2025-03-02 00:30:00,23.288888888888888
2025-03-02 01:00:00,109.53888888888889
2025-03-02 01:30:00,147.0888888888889
2025-03-02 02:00:00,146.50555555555547
2025-03-02 02:30:00,147.13888888888889
2025-03-02 03:00:00,147.13888888888889
2025-03-02 03:30:00,180.51111111111103
2025-03-02 04:00:00,180.51111111111103
2025-03-02 04:30:00,181.14444444444445
2025-03-02 05:00:00,181.14444444444445
2025-03-02 05:30:00,181.14444444444445
2025-03-02 06:00:00,181.14444444444445
2025-03-02 06:30:00,181.14444444444445
2025-03-02 07:00:00,181.14444444444445
2025-03-02 07:30:00,181.14444444444445
2025-03-02 08:00:00,181.14444444444445
2025-03-02 08:30:00,181.14444444444445
2025-03-02 09:00:00,181.14444444444445
2025-03-02 09:30:00,181.14444444444445
2025-03-02 10:00:00,181.14444444444445
2025-03-02 10:30:00,181.14444444444445
2025-03-02 11:00:00,181.14444444444445
2025-03-02 11:30:00,181.14444444444445
2025-03-02 12:00:00,181.14444444444445
2025-03-02 12:30:00,181.14444444444445
2025-03-02 13:00:00,181.14444444444445
2025-03-02 13:30:00,181.14444444444445
2025-03-02 14:00:00,181.14444444444445
2025-03-02 14:30:00,181.14444444444445
2025-03-02 15:00:00,181.14444444444445
2025-03-02 15:30:00,181.14444444444445
2025-03-02 16:00:00,181.14444444444445
2025-03-02 16:30:00,181.14444444444445
2025-03-02 17:00:00,181.14444444444445
2025-03-02 17:30:00,75.69444444444444
2025-03-02 18:00:00,181.14444444444445
2025-03-02 18:30:00,181.14444444444445
2025-03-02 19:00:00,181.14444444444445
2025-03-02 19:30:00,181.14444444444445
2025-03-02 20:00:00,181.14444444444445
2025-03-02 20:30:00,162.64444444444445
2025-03-02 21:00:00,162.64444444444445
2025-03-02 21:30:00,162.64444444444445
2025-03-02 22:00:00,162.5222222222223
2025-03-02 22:30:00,161.71666666666673
2025-03-02 23:00:00,160.5916666666668
2025-03-02 23:30:00,156.84999999999994
2025-03-03 00:00:00,150.4055555555557
2025-03-03 00:30:00,175.91111111111118
2025-03-03 01:00:00,185.56666666666675
2025-03-03 01:30:00,186.15555555555548
2025-03-03 02:00:00,187.3222222222223
2025-03-03 02:30:00,187.3222222222223
2025-03-03 03:00:00,187.34444444444446
2025-03-03 03:30:00,187.62777777777765
2025-03-03 04:00:00,188.27777777777786
2025-03-03 04:30:00,188.54444444444445
2025-03-03 05:00:00,188.54444444444445
2025-03-03 05:30:00,188.54444444444445
2025-03-03 06:00:00,188.54444444444445
2025-03-03 06:30:00,188.54444444444445
2025-03-03 07:00:00,188.54444444444445
2025-03-03 07:30:00,188.54444444444445
2025-03-03 08:00:00,236.64444444444445
2025-03-03 08:30:00,157.09444444444443
2025-03-03 09:00:00,157.09444444444443
2025-03-03 09:30:00,181.14444444444445
2025-03-03 10:00:00,181.14444444444445
2025-03-03 10:30:00,181.14444444444445
2025-03-03 11:00:00,181.14444444444445
2025-03-03 11:30:00,181.14444444444445
2025-03-03 12:00:00,181.14444444444445
2025-03-03 12:30:00,181.14444444444445
2025-03-03 13:00:00,181.14444444444445
2025-03-03 13:30:00,181.14444444444445
2025-03-03 14:00:00,181.14444444444445
2025-03-03 14:30:00,181.14444444444445
2025-03-03 15:00:00,181.14444444444445
2025-03-03 15:30:00,284.5777777777778
2025-03-03 16:00:00,182.92777777777778
2025-03-03 16:30:00,48.1
2025-03-03 17:00:00,81.1166666666666
2025-03-03 17:30:00,85.58333333333334
2025-03-03 18:00:00,14.8
2025-03-03 18:30:00,31.05
2025-03-03 19:00:00,198.0333333333334
2025-03-03 19:30:00,91.4666666666666
2025-03-03 20:00:00,42.9
2025-03-03 20:30:00,42.9
2025-03-03 21:00:00,70.4333333333334
2025-03-03 21:30:00,132.6833333333332
2025-03-03 22:00:00,196.95
2025-03-03 22:30:00,196.95
2025-03-03 23:00:00,196.95
2025-03-03 23:30:00,196.95
2025-03-04 00:00:00,207.95
2025-03-04 00:30:00,251.7
2025-03-04 01:00:00,251.7
2025-03-04 01:30:00,251.7
2025-03-04 02:00:00,251.6833333333332
2025-03-04 02:30:00,251.15
2025-03-04 03:00:00,249.95
2025-03-04 03:30:00,249.95
2025-03-04 04:00:00,249.98333333333318
2025-03-04 04:30:00,251.2
2025-03-04 05:00:00,251.7
2025-03-04 05:30:00,251.6833333333332
2025-03-04 06:00:00,251.2
2025-03-04 06:30:00,251.7
2025-03-04 07:00:00,196.2
2025-03-04 07:30:00,211.0
2025-03-04 08:00:00,211.0
2025-03-04 08:30:00,211.0
2025-03-04 09:00:00,211.0
2025-03-04 09:30:00,211.0
2025-03-04 10:00:00,210.2166666666666
2025-03-04 10:30:00,198.85
2025-03-04 11:00:00,203.05
2025-03-04 11:30:00,153.35
2025-03-04 12:00:00,116.83333333333326
2025-03-04 12:30:00,113.93333333333348
2025-03-04 13:00:00,117.15555555555565
2025-03-04 13:30:00,165.30000000000013
2025-03-04 14:00:00,214.5166666666666
2025-03-04 14:30:00,158.94444444444457
2025-03-04 15:00:00,189.96666666666678
2025-03-04 15:30:00,210.5666666666668
2025-03-04 16:00:00,232.2666666666668
2025-03-04 16:30:00,247.06666666666678
2025-03-04 17:00:00,158.88333333333347
2025-03-04 17:30:00,173.06666666666678
2025-03-04 18:00:00,187.8666666666668
2025-03-04 18:30:00,202.6666666666668
2025-03-04 19:00:00,217.4666666666668
2025-03-04 19:30:00,232.2666666666668
2025-03-04 20:00:00,247.0166666666666
2025-03-04 20:30:00,259.9
2025-03-04 21:00:00,272.2666666666666
2025-03-04 21:30:00,188.47222222222217
2025-03-04 22:00:00,165.65
2025-03-04 22:30:00,179.81666666666675
2025-03-04 23:00:00,193.75000000000006
2025-03-04 23:30:00,212.3833333333332
2025-03-05 00:00:00,216.8
2025-03-05 00:30:00,231.2333333333332
2025-03-05 01:00:00,228.45000000000002
2025-03-05 01:30:00,213.9500000000002
2025-03-05 02:00:00,197.4833333333332
2025-03-05 02:30:00,195.9
2025-03-05 03:00:00,173.01666666666662
2025-03-05 03:30:00,180.85
2025-03-05 04:00:00,190.0333333333332
2025-03-05 04:30:00,208.38333333333338
2025-03-05 05:00:00,227.35000000000002
2025-03-05 05:30:00,247.6500000000002
2025-03-05 06:00:00,263.4833333333334
2025-03-05 06:30:00,282.0999999999998
2025-03-05 07:00:00,301.7666666666668
2025-03-05 07:30:00,301.7666666666668
2025-03-05 08:00:00,301.7666666666668
2025-03-05 08:30:00,301.7666666666668
2025-03-05 09:00:00,301.7666666666668
2025-03-05 09:30:00,301.7666666666668
2025-03-05 10:00:00,301.7666666666668
2025-03-05 10:30:00,36.33333333333332
2025-03-05 11:00:00,210.73333333333318
2025-03-05 11:30:00,210.73333333333318
2025-03-05 12:00:00,232.5833333333332
2025-03-05 12:30:00,230.14999999999998
2025-03-05 13:00:00,232.6
2025-03-05 13:30:00,230.64999999999998
2025-03-05 14:00:00,231.96666666666658
2025-03-05 14:30:00,221.6166666666666
2025-03-05 15:00:00,229.7166666666664
2025-03-05 15:30:00,198.8333333333336
2025-03-05 16:00:00,178.5833333333334
2025-03-05 16:30:00,172.5
2025-03-05 17:00:00,178.5666666666666
2025-03-05 17:30:00,173.85
2025-03-05 18:00:00,178.4333333333334
2025-03-05 18:30:00,178.05
2025-03-05 19:00:00,149.31666666666678
2025-03-05 19:30:00,150.99999999999986
2025-03-05 20:00:00,161.98333333333335
2025-03-05 20:30:00,158.3166666666666
2025-03-05 21:00:00,164.99999999999986
2025-03-05 21:30:00,179.5166666666666
2025-03-05 22:00:00,205.4166666666666
2025-03-05 22:30:00,205.4166666666666
2025-03-05 23:00:00,205.4166666666666
2025-03-05 23:30:00,205.4166666666666
2025-03-06 00:00:00,205.4166666666666
2025-03-06 00:30:00,205.4166666666666
2025-03-06 01:00:00,205.3666666666668
2025-03-06 01:30:00,203.7
2025-03-06 02:00:00,201.38333333333338
2025-03-06 02:30:00,197.65
2025-03-06 03:00:00,192.9
2025-03-06 03:30:00,223.6333333333332
2025-03-06 04:00:00,113.2333333333334
2025-03-06 04:30:00,0.0
2025-03-06 05:00:00,0.0
2025-03-06 05:30:00,0.0
2025-03-06 06:00:00,0.0
2025-03-06 06:30:00,0.0
2025-03-06 07:00:00,0.0
2025-03-06 07:30:00,0.0
2025-03-06 08:00:00,0.0
2025-03-06 08:30:00,0.0
2025-03-06 09:00:00,0.0
2025-03-06 09:30:00,0.0
2025-03-06 10:00:00,0.0
2025-03-06 10:30:00,0.0
2025-03-06 11:00:00,0.0
2025-03-06 11:30:00,0.0
2025-03-06 12:00:00,0.0
2025-03-06 12:30:00,0.0
2025-03-06 13:00:00,0.0
2025-03-06 13:30:00,0.0
2025-03-06 14:00:00,98.4166666666668
2025-03-06 14:30:00,111.8333333333334
2025-03-06 15:00:00,136.9166666666668
2025-03-06 15:30:00,124.8666666666666
2025-03-06 16:00:00,187.3333333333334
2025-03-06 16:30:00,206.3333333333336
2025-03-06 17:00:00,165.50000000000014
2025-03-06 17:30:00,182.3333333333334
2025-03-06 18:00:00,195.33333333333354
2025-03-06 18:30:00,130.93333333333334
2025-03-06 19:00:00,155.44999999999987
2025-03-06 19:30:00,174.46666666666653
2025-03-06 20:00:00,190.86666666666667
2025-03-06 20:30:00,211.00000000000006
2025-03-06 21:00:00,231.80000000000018
2025-03-06 21:30:00,244.46666666666658
2025-03-06 22:00:00,254.9666666666666
2025-03-06 22:30:00,262.6333333333332
2025-03-06 23:00:00,269.2833333333334
2025-03-06 23:30:00,272.7333333333334
2025-03-07 00:00:00,276.2333333333334
2025-03-07 00:30:00,277.8666666666666
2025-03-07 01:00:00,277.8666666666666
2025-03-07 01:30:00,277.8666666666666
2025-03-07 02:00:00,277.8666666666666
2025-03-07 02:30:00,277.8666666666666
2025-03-07 03:00:00,218.7666666666666
2025-03-07 03:30:00,23.1833333333334
2025-03-07 04:00:00,0.0
2025-03-07 04:30:00,0.0
2025-03-07 05:00:00,0.0
2025-03-07 05:30:00,0.0
2025-03-07 06:00:00,0.0
2025-03-07 06:30:00,0.0
2025-03-07 07:00:00,0.0
2025-03-07 07:30:00,0.0
2025-03-07 08:00:00,0.0
2025-03-07 08:30:00,0.0
2025-03-07 09:00:00,0.0
2025-03-07 09:30:00,0.0
2025-03-07 10:00:00,0.0
2025-03-07 10:30:00,0.0
2025-03-07 11:00:00,0.0
2025-03-07 11:30:00,0.0
2025-03-07 12:00:00,0.0
2025-03-07 12:30:00,0.0
2025-03-07 13:00:00,0.0
2025-03-07 13:30:00,0.0
2025-03-07 14:00:00,0.0
2025-03-07 14:30:00,0.0
2025-03-07 15:00:00,0.0
2025-03-07 15:30:00,0.0
2025-03-07 16:00:00,0.0
2025-03-07 16:30:00,0.0
2025-03-07 17:00:00,0.0
2025-03-07 17:30:00,0.0
2025-03-07 18:00:00,0.0
2025-03-07 18:30:00,0.0
2025-03-07 19:00:00,0.0
2025-03-07 19:30:00,0.0
2025-03-07 20:00:00,0.0
2025-03-07 20:30:00,0.0
2025-03-07 21:00:00,0.0
2025-03-07 21:30:00,0.0
2025-03-07 22:00:00,0.0
2025-03-07 22:30:00,0.0
2025-03-07 23:00:00,0.0
2025-03-07 23:30:00,0.0
2025-03-08 00:00:00,0.0
2025-03-08 00:30:00,0.0
2025-03-08 01:00:00,0.0
2025-03-08 01:30:00,0.0
2025-03-08 02:00:00,0.0
2025-03-08 02:30:00,0.0
2025-03-08 03:00:00,0.0
2025-03-08 03:30:00,0.0
2025-03-08 04:00:00,0.0
2025-03-08 04:30:00,0.0
2025-03-08 05:00:00,0.0
2025-03-08 05:30:00,0.0
2025-03-08 06:00:00,0.0
2025-03-08 06:30:00,0.0
2025-03-08 07:00:00,0.0
2025-03-08 07:30:00,0.0
2025-03-08 08:00:00,0.0
2025-03-08 08:30:00,0.0
2025-03-08 09:00:00,0.0
2025-03-08 09:30:00,0.0
2025-03-08 10:00:00,0.0
2025-03-08 10:30:00,0.0
2025-03-08 11:00:00,0.0
2025-03-08 11:30:00,0.0
2025-03-08 12:00:00,0.0
2025-03-08 12:30:00,0.0
2025-03-08 13:00:00,0.0
2025-03-08 13:30:00,0.0
2025-03-08 14:00:00,0.0
2025-03-08 14:30:00,0.0
2025-03-08 15:00:00,0.0
2025-03-08 15:30:00,0.0
2025-03-08 16:00:00,0.0
2025-03-08 16:30:00,0.0
2025-03-08 17:00:00,0.0
2025-03-08 17:30:00,0.0
2025-03-08 18:00:00,0.0
2025-03-08 18:30:00,0.0
2025-03-08 19:00:00,0.0
2025-03-08 19:30:00,0.0
2025-03-08 20:00:00,0.0
2025-03-08 20:30:00,0.0
2025-03-08 21:00:00,0.0
2025-03-08 21:30:00,0.0
2025-03-08 22:00:00,0.0
2025-03-08 22:30:00,0.0
2025-03-08 23:00:00,0.0
2025-03-08 23:30:00,0.0
2025-03-09 00:00:00,0.0
2025-03-09 00:30:00,0.0
2025-03-09 01:00:00,0.0
2025-03-09 01:30:00,0.0
2025-03-09 02:00:00,0.0
2025-03-09 02:30:00,0.0
2025-03-09 03:00:00,0.0
2025-03-09 03:30:00,0.0
2025-03-09 04:00:00,0.0
2025-03-09 04:30:00,0.0
2025-03-09 05:00:00,0.0
2025-03-09 05:30:00,0.0
2025-03-09 06:00:00,0.0
2025-03-09 06:30:00,0.0
2025-03-09 07:00:00,0.0
2025-03-09 07:30:00,0.0
2025-03-09 08:00:00,0.0
2025-03-09 08:30:00,0.0
2025-03-09 09:00:00,0.0
2025-03-09 09:30:00,0.0
2025-03-09 10:00:00,0.0
2025-03-09 10:30:00,0.0
2025-03-09 11:00:00,0.0
2025-03-09 11:30:00,0.0
2025-03-09 12:00:00,0.0
2025-03-09 12:30:00,0.0
2025-03-09 13:00:00,0.0
2025-03-09 13:30:00,0.0
2025-03-09 14:00:00,0.0
2025-03-09 14:30:00,0.0
2025-03-09 15:00:00,0.0
2025-03-09 15:30:00,0.0
2025-03-09 16:00:00,0.0
2025-03-09 16:30:00,0.0
2025-03-09 17:00:00,0.0
2025-03-09 17:30:00,0.0
2025-03-09 18:00:00,0.0
2025-03-09 18:30:00,0.0
2025-03-09 19:00:00,0.0
2025-03-09 19:30:00,0.0
2025-03-09 20:00:00,0.0
2025-03-09 20:30:00,0.0
2025-03-09 21:00:00,0.0
2025-03-09 21:30:00,0.0
2025-03-09 22:00:00,231.0999999999999
2025-03-09 22:30:00,228.59166666666658
2025-03-09 23:00:00,260.6583333333334
2025-03-09 23:30:00,234.65833333333342
2025-03-10 00:00:00,173.825
2025-03-10 00:30:00,116.1583333333334
2025-03-10 01:00:00,159.825
2025-03-10 01:30:00,203.3916666666666
2025-03-10 02:00:00,185.325
2025-03-10 02:30:00,174.89166666666682
2025-03-10 03:00:00,387.175
2025-03-10 03:30:00,333.08333333333337
2025-03-10 04:00:00,324.33333333333337
2025-03-10 04:30:00,267.375
2025-03-10 05:00:00,385.225
2025-03-10 05:30:00,348.38333333333344
2025-03-10 06:00:00,316.4
2025-03-10 06:30:00,378.4
2025-03-10 07:00:00,378.4
2025-03-10 07:30:00,298.1
2025-03-10 08:00:00,12.0
2025-03-10 08:30:00,41.75
2025-03-10 09:00:00,232.6
2025-03-10 09:30:00,78.53333333333335
2025-03-10 10:00:00,144.45000000000013
2025-03-10 10:30:00,143.78333333333325
2025-03-10 11:00:00,143.14999999999986
2025-03-10 11:30:00,143.14999999999986
2025-03-10 12:00:00,143.81666666666666
2025-03-10 12:30:00,143.78333333333325
2025-03-10 13:00:00,143.1166666666666
2025-03-10 13:30:00,142.48333333333335
2025-03-10 14:00:00,142.41666666666666
2025-03-10 14:30:00,141.11666666666667
2025-03-10 15:00:00,140.78333333333333
2025-03-10 15:30:00,139.63333333333327
2025-03-10 16:00:00,138.3666666666665
2025-03-10 16:30:00,135.1
2025-03-10 17:00:00,133.2
2025-03-10 17:30:00,128.8166666666667
2025-03-10 18:00:00,134.43333333333328
2025-03-10 18:30:00,129.44999999999993
2025-03-10 19:00:00,117.02499999999999
2025-03-10 19:30:00,152.85000000000005
2025-03-10 20:00:00,122.2666666666666
2025-03-10 20:30:00,140.44999999999993
2025-03-10 21:00:00,100.4833333333334
2025-03-10 21:30:00,111.16666666666686
2025-03-10 22:00:00,9.849999999999994
2025-03-10 22:30:00,66.34999999999985
2025-03-10 23:00:00,49.35
2025-03-10 23:30:00,29.46666666666668
2025-03-11 00:00:00,98.11666666666667
2025-03-11 00:30:00,24.2333333333334
2025-03-11 01:00:00,0.05
2025-03-11 01:30:00,0.0
2025-03-11 02:00:00,0.0
2025-03-11 02:30:00,0.0
2025-03-11 03:00:00,0.0
2025-03-11 03:30:00,0.0
2025-03-11 04:00:00,0.0
2025-03-11 04:30:00,0.0
2025-03-11 05:00:00,116.51666666666667
2025-03-11 05:30:00,100.21666666666653
2025-03-11 06:00:00,106.75000000000006
2025-03-11 06:30:00,119.1666666666666
2025-03-11 07:00:00,255.35000000000002
2025-03-11 07:30:00,294.85
2025-03-11 08:00:00,299.09999999999997
2025-03-11 08:30:00,274.2333333333334
2025-03-11 09:00:00,293.6166666666666
2025-03-11 09:30:00,292.68333333333334
2025-03-11 10:00:00,292.51666666666665
2025-03-11 10:30:00,379.0333333333332
2025-03-11 11:00:00,76.23333333333332
2025-03-11 11:30:00,227.6333333333336
2025-03-11 12:00:00,410.0666666666664
2025-03-11 12:30:00,106.7666666666666
2025-03-11 13:00:00,418.0499999999998
2025-03-11 13:30:00,91.25
2025-03-11 14:00:00,423.0166666666666
2025-03-11 14:30:00,106.31666666666659
2025-03-11 15:00:00,162.19999999999982
2025-03-11 15:30:00,205.9666666666668
2025-03-11 16:00:00,236.5166666666666
2025-03-11 16:30:00,265.8
2025-03-11 17:00:00,265.7500000000002
2025-03-11 17:30:00,264.49999999999983
2025-03-11 18:00:00,262.68333333333317
2025-03-11 18:30:00,269.3333333333332
2025-03-11 19:00:00,276.7666666666666
2025-03-11 19:30:00,286.4
2025-03-11 20:00:00,283.0833333333334
2025-03-11 20:30:00,283.0666666666666
2025-03-11 21:00:00,282.51666666666677
2025-03-11 21:30:00,293.16666666666663
2025-03-11 22:00:00,296.3833333333334
2025-03-11 22:30:00,294.6166666666664
2025-03-11 23:00:00,292.7333333333334
2025-03-11 23:30:00,286.41666666666663
2025-03-12 00:00:00,275.8833333333334
2025-03-12 00:30:00,283.8
2025-03-12 01:00:00,289.4666666666666
2025-03-12 01:30:00,291.29999999999995
2025-03-12 02:00:00,292.6499999999998
2025-03-12 02:30:00,298.83333333333337
2025-03-12 03:00:00,304.35
2025-03-12 03:30:00,302.8166666666666
2025-03-12 04:00:00,300.8166666666666
2025-03-12 04:30:00,297.41666666666663
2025-03-12 05:00:00,291.7166666666668
2025-03-12 05:30:00,285.4833333333334
2025-03-12 06:00:00,280.8666666666668
2025-03-12 06:30:00,278.0166666666668
2025-03-12 07:00:00,278.65
2025-03-12 07:30:00,278.0000000000002
2025-03-12 08:00:00,275.7333333333334
2025-03-12 08:30:00,273.5833333333332
2025-03-12 09:00:00,271.6166666666666
2025-03-12 09:30:00,275.2666666666666
2025-03-12 10:00:00,259.13333333333344
2025-03-12 10:30:00,257.59999999999997
2025-03-12 11:00:00,256.5666666666666
2025-03-12 11:30:00,258.3333333333332
2025-03-12 12:00:00,262.3166666666666
2025-03-12 12:30:00,259.8333333333336
2025-03-12 13:00:00,250.65
2025-03-12 13:30:00,252.9166666666666
2025-03-12 14:00:00,255.4166666666666
2025-03-12 14:30:00,253.4500000000002
2025-03-12 15:00:00,251.96666666666658
2025-03-12 15:30:00,244.95
2025-03-12 16:00:00,244.9999999999998
2025-03-12 16:30:00,240.7499999999998
2025-03-12 17:00:00,236.0833333333332
2025-03-12 17:30:00,235.6166666666668
2025-03-12 18:00:00,234.5999999999998
2025-03-12 18:30:00,221.4333333333332
2025-03-12 19:00:00,195.7500000000002
2025-03-12 19:30:00,182.3666666666668
2025-03-12 20:00:00,165.6000000000002
2025-03-12 20:30:00,164.45
2025-03-12 21:00:00,51.76666666666666
2025-03-12 21:30:00,32.5
2025-03-12 22:00:00,34.1
2025-03-12 22:30:00,31.3833333333334
2025-03-12 23:00:00,28.0166666666666
2025-03-12 23:30:00,78.05000000000008
2025-03-13 00:00:00,46.71666666666668
2025-03-13 00:30:00,34.41666666666666
2025-03-13 01:00:00,8.75
2025-03-13 01:30:00,0.0
2025-03-13 02:00:00,0.0
2025-03-13 02:30:00,6.36666666666666
2025-03-13 03:00:00,27.2
2025-03-13 03:30:00,0.0
2025-03-13 04:00:00,0.0
2025-03-13 04:30:00,0.0
2025-03-13 05:00:00,0.0
2025-03-13 05:30:00,0.0
2025-03-13 06:00:00,0.0
2025-03-13 06:30:00,0.0
2025-03-13 07:00:00,0.0
2025-03-13 07:30:00,0.0
2025-03-13 08:00:00,0.0
2025-03-13 08:30:00,0.0
2025-03-13 09:00:00,0.0
2025-03-13 09:30:00,0.0
2025-03-13 10:00:00,0.0
2025-03-13 10:30:00,0.0
2025-03-13 11:00:00,0.0
2025-03-13 11:30:00,0.0
2025-03-13 12:00:00,0.0
2025-03-13 12:30:00,0.0
2025-03-13 13:00:00,0.0
2025-03-13 13:30:00,0.0
2025-03-13 14:00:00,0.0
2025-03-13 14:30:00,0.0
2025-03-13 15:00:00,0.0
2025-03-13 15:30:00,0.0
2025-03-13 16:00:00,0.0
2025-03-13 16:30:00,0.0
2025-03-13 17:00:00,0.0
2025-03-13 17:30:00,0.0
2025-03-13 18:00:00,0.0
2025-03-13 18:30:00,0.0
2025-03-13 19:00:00,0.0
2025-03-13 19:30:00,0.0
2025-03-13 20:00:00,0.0
2025-03-13 20:30:00,0.0
2025-03-13 21:00:00,0.0
2025-03-13 21:30:00,0.0
2025-03-13 22:00:00,0.0
2025-03-13 22:30:00,0.0
2025-03-13 23:00:00,0.0
2025-03-13 23:30:00,0.0
2025-03-14 00:00:00,0.0
2025-03-14 00:30:00,0.0
2025-03-14 01:00:00,0.0
2025-03-14 01:30:00,0.0
2025-03-14 02:00:00,0.0
2025-03-14 02:30:00,0.0
2025-03-14 03:00:00,0.0
2025-03-14 03:30:00,0.0
2025-03-14 04:00:00,0.0
2025-03-14 04:30:00,0.0
2025-03-14 05:00:00,0.0
2025-03-14 05:30:00,0.0
2025-03-14 06:00:00,0.0
2025-03-14 06:30:00,0.0
2025-03-14 07:00:00,0.0
2025-03-14 07:30:00,0.0
2025-03-14 08:00:00,0.0
2025-03-14 08:30:00,0.0
2025-03-14 09:00:00,0.0
2025-03-14 09:30:00,0.0
2025-03-14 10:00:00,0.0
2025-03-14 10:30:00,0.0
2025-03-14 11:00:00,0.0
2025-03-14 11:30:00,0.0
2025-03-14 12:00:00,0.0
2025-03-14 12:30:00,0.0
2025-03-14 13:00:00,0.0
2025-03-14 13:30:00,0.0
2025-03-14 14:00:00,0.0
2025-03-14 14:30:00,0.0
2025-03-14 15:00:00,0.0
2025-03-14 15:30:00,0.0
2025-03-14 16:00:00,0.0
2025-03-14 16:30:00,0.0
2025-03-14 17:00:00,0.0
2025-03-14 17:30:00,0.0
2025-03-14 18:00:00,0.0
2025-03-14 18:30:00,0.0
2025-03-14 19:00:00,0.0
2025-03-14 19:30:00,0.0
2025-03-14 20:00:00,0.0
2025-03-14 20:30:00,0.0
2025-03-14 21:00:00,0.0
2025-03-14 21:30:00,0.0
2025-03-14 22:00:00,0.0
2025-03-14 22:30:00,0.0
2025-03-14 23:00:00,0.0
2025-03-14 23:30:00,0.0
2025-03-15 00:00:00,0.0
2025-03-15 00:30:00,0.0
2025-03-15 01:00:00,0.0
2025-03-15 01:30:00,0.0
2025-03-15 02:00:00,0.0
2025-03-15 02:30:00,0.0
2025-03-15 03:00:00,0.0
2025-03-15 03:30:00,0.0
2025-03-15 04:00:00,0.0
2025-03-15 04:30:00,0.0
2025-03-15 05:00:00,0.0
2025-03-15 05:30:00,0.0
2025-03-15 06:00:00,0.0
2025-03-15 06:30:00,0.0
2025-03-15 07:00:00,0.0
2025-03-15 07:30:00,0.0
2025-03-15 08:00:00,0.0
2025-03-15 08:30:00,0.0
2025-03-15 09:00:00,0.0
2025-03-15 09:30:00,0.0
2025-03-15 10:00:00,0.0
2025-03-15 10:30:00,0.0
2025-03-15 11:00:00,0.0
2025-03-15 11:30:00,0.0
2025-03-15 12:00:00,0.0
2025-03-15 12:30:00,0.0
2025-03-15 13:00:00,0.0
2025-03-15 13:30:00,0.0
2025-03-15 14:00:00,0.0
2025-03-15 14:30:00,0.0
2025-03-15 15:00:00,0.0
2025-03-15 15:30:00,0.0
2025-03-15 16:00:00,0.0
2025-03-15 16:30:00,0.0
2025-03-15 17:00:00,0.0
2025-03-15 17:30:00,0.0
2025-03-15 18:00:00,0.0
2025-03-15 18:30:00,0.0
2025-03-15 19:00:00,0.0
2025-03-15 19:30:00,0.0
2025-03-15 20:00:00,0.0
2025-03-15 20:30:00,0.0
2025-03-15 21:00:00,0.0
2025-03-15 21:30:00,0.0
2025-03-15 22:00:00,0.0
2025-03-15 22:30:00,0.0
2025-03-15 23:00:00,0.0
2025-03-15 23:30:00,0.0
2025-03-16 00:00:00,0.0
2025-03-16 00:30:00,0.0
2025-03-16 01:00:00,0.0
2025-03-16 01:30:00,0.0
2025-03-16 02:00:00,0.0
2025-03-16 02:30:00,0.0
2025-03-16 03:00:00,0.0
2025-03-16 03:30:00,0.0
2025-03-16 04:00:00,0.0
2025-03-16 04:30:00,0.0
2025-03-16 05:00:00,0.0
2025-03-16 05:30:00,0.0
2025-03-16 06:00:00,0.0
2025-03-16 06:30:00,0.0
2025-03-16 07:00:00,0.0
2025-03-16 07:30:00,0.0
2025-03-16 08:00:00,0.0
2025-03-16 08:30:00,0.0
2025-03-16 09:00:00,0.0
2025-03-16 09:30:00,0.0
2025-03-16 10:00:00,0.0
2025-03-16 10:30:00,0.0
2025-03-16 11:00:00,0.0
2025-03-16 11:30:00,0.0
2025-03-16 12:00:00,0.0
2025-03-16 12:30:00,0.0
2025-03-16 13:00:00,0.0
2025-03-16 13:30:00,0.0
2025-03-16 14:00:00,0.0
2025-03-16 14:30:00,0.0
2025-03-16 15:00:00,0.0
2025-03-16 15:30:00,0.0
2025-03-16 16:00:00,0.0
2025-03-16 16:30:00,0.0
2025-03-16 17:00:00,0.0
2025-03-16 17:30:00,0.0
2025-03-16 18:00:00,0.0
2025-03-16 18:30:00,0.0
2025-03-16 19:00:00,0.0
2025-03-16 19:30:00,0.0
2025-03-16 20:00:00,0.0
2025-03-16 20:30:00,0.0
2025-03-16 21:00:00,0.0
2025-03-16 21:30:00,0.0
2025-03-16 22:00:00,0.0
2025-03-16 22:30:00,0.0
2025-03-16 23:00:00,0.0
2025-03-16 23:30:00,0.0
2025-03-17 00:00:00,0.0
2025-03-17 00:30:00,0.0
2025-03-17 01:00:00,0.0
2025-03-17 01:30:00,0.0
2025-03-17 02:00:00,0.0
2025-03-17 02:30:00,0.0
2025-03-17 03:00:00,0.0
2025-03-17 03:30:00,0.0
2025-03-17 04:00:00,0.0
2025-03-17 04:30:00,0.0
2025-03-17 05:00:00,0.0
2025-03-17 05:30:00,0.0
2025-03-17 06:00:00,0.0
2025-03-17 06:30:00,0.0
2025-03-17 07:00:00,0.0
2025-03-17 07:30:00,0.0
2025-03-17 08:00:00,0.0
2025-03-17 08:30:00,0.0
2025-03-17 09:00:00,0.0
2025-03-17 09:30:00,0.0
2025-03-17 10:00:00,0.0
2025-03-17 10:30:00,0.0
2025-03-17 11:00:00,0.0
2025-03-17 11:30:00,0.0
2025-03-17 12:00:00,0.0
2025-03-17 12:30:00,0.0
2025-03-17 13:00:00,0.0
2025-03-17 13:30:00,0.0
2025-03-17 14:00:00,0.0
2025-03-17 14:30:00,0.0
2025-03-17 15:00:00,0.0
2025-03-17 15:30:00,0.0
2025-03-17 16:00:00,0.0
2025-03-17 16:30:00,0.0
2025-03-17 17:00:00,0.0
2025-03-17 17:30:00,0.0
2025-03-17 18:00:00,0.0
2025-03-17 18:30:00,0.0
2025-03-17 19:00:00,0.0
2025-03-17 19:30:00,0.0
2025-03-17 20:00:00,0.0
2025-03-17 20:30:00,0.0
2025-03-17 21:00:00,0.0
2025-03-17 21:30:00,0.0
2025-03-17 22:00:00,0.0
2025-03-17 22:30:00,0.0
2025-03-17 23:00:00,0.0
2025-03-17 23:30:00,0.0
2025-03-18 00:00:00,0.0
2025-03-18 00:30:00,0.0
2025-03-18 01:00:00,0.0
2025-03-18 01:30:00,0.0
2025-03-18 02:00:00,0.0
2025-03-18 02:30:00,0.0
2025-03-18 03:00:00,0.0
2025-03-18 03:30:00,0.0
2025-03-18 04:00:00,0.0
2025-03-18 04:30:00,0.0
2025-03-18 05:00:00,0.0
2025-03-18 05:30:00,0.0
2025-03-18 06:00:00,0.0
2025-03-18 06:30:00,0.0
2025-03-18 07:00:00,0.0
2025-03-18 07:30:00,0.0
2025-03-18 08:00:00,0.0
2025-03-18 08:30:00,0.0
2025-03-18 09:00:00,0.0
2025-03-18 09:30:00,0.0
2025-03-18 10:00:00,0.0
2025-03-18 10:30:00,0.0
2025-03-18 11:00:00,0.0
2025-03-18 11:30:00,0.0
2025-03-18 12:00:00,0.0
2025-03-18 12:30:00,0.0
2025-03-18 13:00:00,0.0
2025-03-18 13:30:00,0.0
2025-03-18 14:00:00,0.0
2025-03-18 14:30:00,0.0
2025-03-18 15:00:00,0.0
2025-03-18 15:30:00,0.0
2025-03-18 16:00:00,0.0
2025-03-18 16:30:00,0.0
2025-03-18 17:00:00,0.0
2025-03-18 17:30:00,0.0
2025-03-18 18:00:00,0.0
2025-03-18 18:30:00,0.0
2025-03-18 19:00:00,0.0
2025-03-18 19:30:00,0.0
2025-03-18 20:00:00,0.0
2025-03-18 20:30:00,0.0
2025-03-18 21:00:00,0.0
2025-03-18 21:30:00,0.0
2025-03-18 22:00:00,0.0
2025-03-18 22:30:00,0.0
2025-03-18 23:00:00,0.0
2025-03-18 23:30:00,0.0
2025-03-19 00:00:00,0.0
2025-03-19 00:30:00,0.0
2025-03-19 01:00:00,0.0
2025-03-19 01:30:00,0.0
2025-03-19 02:00:00,0.0
2025-03-19 02:30:00,0.0
2025-03-19 03:00:00,0.0
2025-03-19 03:30:00,0.0
2025-03-19 04:00:00,0.0
2025-03-19 04:30:00,0.0
2025-03-19 05:00:00,0.0
2025-03-19 05:30:00,0.0
2025-03-19 06:00:00,0.0
2025-03-19 06:30:00,0.0
2025-03-19 07:00:00,0.0
2025-03-19 07:30:00,0.0
2025-03-19 08:00:00,0.0
2025-03-19 08:30:00,0.0
2025-03-19 09:00:00,0.0
2025-03-19 09:30:00,0.0
2025-03-19 10:00:00,0.0
2025-03-19 10:30:00,0.0
2025-03-19 11:00:00,0.0
2025-03-19 11:30:00,0.0
2025-03-19 12:00:00,0.0
2025-03-19 12:30:00,0.0
2025-03-19 13:00:00,0.0
2025-03-19 13:30:00,0.0
2025-03-19 14:00:00,0.0
2025-03-19 14:30:00,0.0
2025-03-19 15:00:00,0.0
2025-03-19 15:30:00,0.0
2025-03-19 16:00:00,0.0
2025-03-19 16:30:00,0.0
2025-03-19 17:00:00,0.0
2025-03-19 17:30:00,0.0
2025-03-19 18:00:00,0.0
2025-03-19 18:30:00,0.0
2025-03-19 19:00:00,0.0
2025-03-19 19:30:00,0.0
2025-03-19 20:00:00,0.0
2025-03-19 20:30:00,0.0
2025-03-19 21:00:00,0.0
2025-03-19 21:30:00,0.0
2025-03-19 22:00:00,0.0
2025-03-19 22:30:00,0.0
2025-03-19 23:00:00,0.0
2025-03-19 23:30:00,0.0
2025-03-20 00:00:00,0.0
2025-03-20 00:30:00,0.0
2025-03-20 01:00:00,0.0
2025-03-20 01:30:00,0.0
2025-03-20 02:00:00,0.0
2025-03-20 02:30:00,0.0
2025-03-20 03:00:00,0.0
2025-03-20 03:30:00,0.0
2025-03-20 04:00:00,0.0
2025-03-20 04:30:00,0.0
2025-03-20 05:00:00,0.0
2025-03-20 05:30:00,0.0
2025-03-20 06:00:00,0.0
2025-03-20 06:30:00,0.0
2025-03-20 07:00:00,0.0
2025-03-20 07:30:00,0.0
2025-03-20 08:00:00,0.0
2025-03-20 08:30:00,0.0
2025-03-20 09:00:00,0.0
2025-03-20 09:30:00,0.0
2025-03-20 10:00:00,0.0
2025-03-20 10:30:00,0.0
2025-03-20 11:00:00,0.0
2025-03-20 11:30:00,0.0
2025-03-20 12:00:00,0.0
2025-03-20 12:30:00,0.0
2025-03-20 13:00:00,0.0
2025-03-20 13:30:00,0.0
2025-03-20 14:00:00,0.0
2025-03-20 14:30:00,0.0
2025-03-20 15:00:00,0.0
2025-03-20 15:30:00,0.0
2025-03-20 16:00:00,0.0
2025-03-20 16:30:00,0.0
2025-03-20 17:00:00,0.0
2025-03-20 17:30:00,0.0
2025-03-20 18:00:00,0.0
2025-03-20 18:30:00,0.0
2025-03-20 19:00:00,0.0
2025-03-20 19:30:00,0.0
2025-03-20 20:00:00,0.0
2025-03-20 20:30:00,0.0
2025-03-20 21:00:00,0.0
2025-03-20 21:30:00,0.0
2025-03-20 22:00:00,0.0
2025-03-20 22:30:00,0.0
2025-03-20 23:00:00,0.0
2025-03-20 23:30:00,0.0
2025-03-21 00:00:00,0.0
2025-03-21 00:30:00,30.4333333333334
2025-03-21 01:00:00,62.09999999999994
2025-03-21 01:30:00,140.0666666666668
2025-03-21 02:00:00,135.13333333333338
2025-03-21 02:30:00,0.0
2025-03-21 03:00:00,0.0
2025-03-21 03:30:00,0.0
2025-03-21 04:00:00,0.0
2025-03-21 04:30:00,75.55
2025-03-21 05:00:00,66.9666666666666
2025-03-21 05:30:00,67.6166666666666
2025-03-21 06:00:00,154.05
2025-03-21 06:30:00,208.45
2025-03-21 07:00:00,270.1166666666666
2025-03-21 07:30:00,247.5833333333334
2025-03-21 08:00:00,215.3333333333334
2025-03-21 08:30:00,182.2
2025-03-21 09:00:00,281.5166666666664
2025-03-21 09:30:00,252.4333333333334
2025-03-21 10:00:00,221.66666666666646
2025-03-21 10:30:00,300.7333333333332
2025-03-21 11:00:00,283.3166666666666
2025-03-21 11:30:00,248.89999999999998
2025-03-21 12:00:00,240.7333333333334
2025-03-21 12:30:00,238.0166666666668
2025-03-21 13:00:00,221.0
2025-03-21 13:30:00,203.16666666666666
2025-03-21 14:00:00,301.25
2025-03-21 14:30:00,292.33333333333337
2025-03-21 15:00:00,274.5
2025-03-21 15:30:00,256.66666666666663
2025-03-21 16:00:00,238.8333333333334
2025-03-21 16:30:00,128.5
2025-03-21 17:00:00,125.46666666666665
2025-03-21 17:30:00,245.75
2025-03-21 18:00:00,288.63333333333344
2025-03-21 18:30:00,131.43333333333334
2025-03-21 19:00:00,156.7666666666666
2025-03-21 19:30:00,138.9333333333334
2025-03-21 20:00:00,121.1
2025-03-21 20:30:00,118.06666666666666
2025-03-21 21:00:00,216.15
2025-03-21 21:30:00,207.2333333333334
2025-03-21 22:00:00,189.4
2025-03-21 22:30:00,171.5666666666666
2025-03-21 23:00:00,153.7333333333334
2025-03-21 23:30:00,135.9
2025-03-22 00:00:00,118.06666666666666
2025-03-22 00:30:00,216.15
2025-03-22 01:00:00,207.2333333333334
2025-03-22 01:30:00,189.4
2025-03-22 02:00:00,171.5666666666666
2025-03-22 02:30:00,153.7333333333334
2025-03-22 03:00:00,135.9
2025-03-22 03:30:00,118.06666666666666
2025-03-22 04:00:00,216.15
2025-03-22 04:30:00,207.2333333333334
2025-03-22 05:00:00,189.4
2025-03-22 05:30:00,171.5666666666666
2025-03-22 06:00:00,153.7333333333334
2025-03-22 06:30:00,135.9
2025-03-22 07:00:00,118.06666666666666
2025-03-22 07:30:00,216.15
2025-03-22 08:00:00,207.2333333333334
2025-03-22 08:30:00,0.0
2025-03-22 09:00:00,0.0
2025-03-22 09:30:00,0.0
2025-03-22 10:00:00,177.96666666666658
2025-03-22 10:30:00,54.4166666666666
2025-03-22 11:00:00,63.00000000000006
2025-03-22 11:30:00,111.13333333333341
2025-03-22 12:00:00,0.0
2025-03-22 12:30:00,113.5666666666666
2025-03-22 13:00:00,141.8166666666666
2025-03-22 13:30:00,80.71666666666665
2025-03-22 14:00:00,13.75833333333334
2025-03-22 14:30:00,110.19999999999999
2025-03-22 15:00:00,11.63333333333334
2025-03-22 15:30:00,73.83333333333334
2025-03-22 16:00:00,0.0
2025-03-22 16:30:00,0.0
2025-03-22 17:00:00,0.0
2025-03-22 17:30:00,0.0
2025-03-22 18:00:00,0.0
2025-03-22 18:30:00,0.0
2025-03-22 19:00:00,0.0
2025-03-22 19:30:00,0.0
2025-03-22 20:00:00,0.0
2025-03-22 20:30:00,0.0
2025-03-22 21:00:00,0.0
2025-03-22 21:30:00,0.0
2025-03-22 22:00:00,0.0
2025-03-22 22:30:00,0.0
2025-03-22 23:00:00,0.0
2025-03-22 23:30:00,0.0
2025-03-23 00:00:00,0.0
2025-03-23 00:30:00,0.0
2025-03-23 01:00:00,0.0
2025-03-23 01:30:00,0.0
2025-03-23 02:00:00,0.0
2025-03-23 02:30:00,0.0
2025-03-23 03:00:00,0.0
2025-03-23 03:30:00,0.0
2025-03-23 04:00:00,0.0
2025-03-23 04:30:00,0.0
2025-03-23 05:00:00,0.0
2025-03-23 05:30:00,0.0
2025-03-23 06:00:00,0.0
2025-03-23 06:30:00,0.0
2025-03-23 07:00:00,0.0
2025-03-23 07:30:00,0.0
2025-03-23 08:00:00,0.0
2025-03-23 08:30:00,0.0
2025-03-23 09:00:00,0.0
2025-03-23 09:30:00,0.0
2025-03-23 10:00:00,0.0
2025-03-23 10:30:00,0.0
2025-03-23 11:00:00,0.0
2025-03-23 11:30:00,0.0
2025-03-23 12:00:00,0.0
2025-03-23 12:30:00,0.0
2025-03-23 13:00:00,0.0
2025-03-23 13:30:00,0.0
2025-03-23 14:00:00,0.0
2025-03-23 14:30:00,0.0
2025-03-23 15:00:00,0.0
2025-03-23 15:30:00,0.0
2025-03-23 16:00:00,0.0
2025-03-23 16:30:00,0.0
2025-03-23 17:00:00,0.0
2025-03-23 17:30:00,0.0
2025-03-23 18:00:00,0.0
2025-03-23 18:30:00,0.0
2025-03-23 19:00:00,0.0
2025-03-23 19:30:00,0.0
2025-03-23 20:00:00,0.0
2025-03-23 20:30:00,0.0
2025-03-23 21:00:00,0.0
2025-03-23 21:30:00,0.0
2025-03-23 22:00:00,0.0
2025-03-23 22:30:00,0.0
2025-03-23 23:00:00,0.0
2025-03-23 23:30:00,0.0
2025-03-24 00:00:00,0.0
2025-03-24 00:30:00,0.0
2025-03-24 01:00:00,0.0
2025-03-24 01:30:00,0.0
2025-03-24 02:00:00,0.0
2025-03-24 02:30:00,0.0
2025-03-24 03:00:00,0.0
2025-03-24 03:30:00,0.0
2025-03-24 04:00:00,0.0
2025-03-24 04:30:00,0.0
2025-03-24 05:00:00,0.0
2025-03-24 05:30:00,0.0
2025-03-24 06:00:00,0.0
2025-03-24 06:30:00,0.0
2025-03-24 07:00:00,0.0
2025-03-24 07:30:00,0.0
2025-03-24 08:00:00,0.0
2025-03-24 08:30:00,0.0
2025-03-24 09:00:00,0.0
2025-03-24 09:30:00,0.0
2025-03-24 10:00:00,0.0
2025-03-24 10:30:00,0.0
2025-03-24 11:00:00,49.0
2025-03-24 11:30:00,81.0333333333334
2025-03-24 12:00:00,160.0666666666666
2025-03-24 12:30:00,143.0333333333334
2025-03-24 13:00:00,143.0333333333334
2025-03-24 13:30:00,143.0333333333334
2025-03-24 14:00:00,143.0333333333334
2025-03-24 14:30:00,143.0333333333334
2025-03-24 15:00:00,143.0333333333334
2025-03-24 15:30:00,143.0333333333334
2025-03-24 16:00:00,150.4166666666668
2025-03-24 16:30:00,153.6833333333334
2025-03-24 17:00:00,152.9999999999998
2025-03-24 17:30:00,152.5333333333334
2025-03-24 18:00:00,150.8833333333332
2025-03-24 18:30:00,146.7333333333332
2025-03-24 19:00:00,147.0166666666668
2025-03-24 19:30:00,145.71666666666658
2025-03-24 20:00:00,142.3833333333332
2025-03-24 20:30:00,133.7333333333332
2025-03-24 21:00:00,127.55
2025-03-24 21:30:00,118.4166666666668
2025-03-24 22:00:00,109.4333333333334
2025-03-24 22:30:00,99.25
2025-03-24 23:00:00,88.16666666666666
2025-03-24 23:30:00,74.25
2025-03-25 00:00:00,80.46666666666653
2025-03-25 00:30:00,81.15000000000006
2025-03-25 01:00:00,100.6833333333334
2025-03-25 01:30:00,107.69999999999999
2025-03-25 02:00:00,112.93333333333321
2025-03-25 02:30:00,123.2666666666666
2025-03-25 03:00:00,132.45
2025-03-25 03:30:00,139.13333333333338
2025-03-25 04:00:00,142.3999999999998
2025-03-25 04:30:00,144.5666666666666
2025-03-25 05:00:00,146.43333333333322
2025-03-25 05:30:00,147.0166666666666
2025-03-25 06:00:00,143.6833333333332
2025-03-25 06:30:00,126.11666666666659
2025-03-25 07:00:00,150.65
2025-03-25 07:30:00,176.0833333333332
2025-03-25 08:00:00,108.8666666666666
2025-03-25 08:30:00,108.8333333333334
2025-03-25 09:00:00,181.45
2025-03-25 09:30:00,119.2166666666666
2025-03-25 10:00:00,125.73333333333339
2025-03-25 10:30:00,78.2166666666666
2025-03-25 11:00:00,72.8
2025-03-25 11:30:00,72.78333333333335
2025-03-25 12:00:00,71.21666666666654
2025-03-25 12:30:00,70.75
2025-03-25 13:00:00,74.6666666666666
2025-03-25 13:30:00,112.21666666666675
2025-03-25 14:00:00,106.9166666666668
2025-03-25 14:30:00,109.6000000000002
2025-03-25 15:00:00,198.86666666666662
2025-03-25 15:30:00,107.53333333333339
2025-03-25 16:00:00,31.8666666666666
2025-03-25 16:30:00,28.6666666666666
2025-03-25 17:00:00,0.0
2025-03-25 17:30:00,0.0
2025-03-25 18:00:00,0.0
2025-03-25 18:30:00,0.0
2025-03-25 19:00:00,0.0
2025-03-25 19:30:00,0.0
2025-03-25 20:00:00,0.0
2025-03-25 20:30:00,0.0
2025-03-25 21:00:00,0.0
2025-03-25 21:30:00,0.0
2025-03-25 22:00:00,0.0
2025-03-25 22:30:00,0.0
2025-03-25 23:00:00,0.0
2025-03-25 23:30:00,0.0
2025-03-26 00:00:00,0.0
2025-03-26 00:30:00,0.0
2025-03-26 01:00:00,0.0
2025-03-26 01:30:00,0.0
2025-03-26 02:00:00,0.0
2025-03-26 02:30:00,0.0
2025-03-26 03:00:00,0.0
2025-03-26 03:30:00,0.0
2025-03-26 04:00:00,0.0
2025-03-26 04:30:00,0.0
2025-03-26 05:00:00,0.0
2025-03-26 05:30:00,0.0
2025-03-26 06:00:00,0.0
2025-03-26 06:30:00,0.0
2025-03-26 07:00:00,0.0
2025-03-26 07:30:00,0.0
2025-03-26 08:00:00,0.0
2025-03-26 08:30:00,0.0
2025-03-26 09:00:00,0.0
2025-03-26 09:30:00,0.0
2025-03-26 10:00:00,0.0
2025-03-26 10:30:00,0.0
2025-03-26 11:00:00,30.8
2025-03-26 11:30:00,117.2083333333332
2025-03-26 12:00:00,125.17500000000005
2025-03-26 12:30:00,5.583333333333326
2025-03-26 13:00:00,208.35833333333312
2025-03-26 13:30:00,201.18333333333334
2025-03-26 14:00:00,215.01666666666654
2025-03-26 14:30:00,216.61666666666662
2025-03-26 15:00:00,218.11666666666662
2025-03-26 15:30:00,218.14999999999998
2025-03-26 16:00:00,21.6
2025-03-26 16:30:00,132.71666666666658
2025-03-26 17:00:00,132.71666666666658
2025-03-26 17:30:00,132.71666666666658
2025-03-26 18:00:00,157.6833333333334
2025-03-26 18:30:00,91.69999999999999
2025-03-26 19:00:00,91.69999999999999
2025-03-26 19:30:00,91.69999999999999
2025-03-26 20:00:00,134.5
2025-03-26 20:30:00,125.5833333333334
2025-03-26 21:00:00,125.5833333333334
2025-03-26 21:30:00,131.38333333333338
2025-03-26 22:00:00,165.13333333333338
2025-03-26 22:30:00,162.9
2025-03-26 23:00:00,160.1833333333334
2025-03-26 23:30:00,156.38333333333338
2025-03-27 00:00:00,154.6666666666668
2025-03-27 00:30:00,154.6666666666668
2025-03-27 01:00:00,149.7333333333334
2025-03-27 01:30:00,150.0500000000002
2025-03-27 02:00:00,149.6333333333332
2025-03-27 02:30:00,147.6833333333334
2025-03-27 03:00:00,146.21666666666658
2025-03-27 03:30:00,95.10000000000014
2025-03-27 04:00:00,48.11666666666666
2025-03-27 04:30:00,0.666666666666666
2025-03-27 05:00:00,0.0
2025-03-27 05:30:00,0.0
2025-03-27 06:00:00,0.0
2025-03-27 06:30:00,0.0
2025-03-27 07:00:00,0.0
2025-03-27 07:30:00,0.0
2025-03-27 08:00:00,0.0
2025-03-27 08:30:00,0.0
2025-03-27 09:00:00,0.0
2025-03-27 09:30:00,0.0
2025-03-27 10:00:00,0.0
2025-03-27 10:30:00,57.266666666666595
2025-03-27 11:00:00,96.91666666666654
2025-03-27 11:30:00,146.11666666666662
2025-03-27 12:00:00,142.2333333333334
2025-03-27 12:30:00,145.50000000000014
2025-03-27 13:00:00,144.46666666666667
2025-03-27 13:30:00,138.34999999999985
2025-03-27 14:00:00,123.31666666666673
2025-03-27 14:30:00,116.11666666666675
2025-03-27 15:00:00,113.34999999999985
2025-03-27 15:30:00,127.06666666666666
2025-03-27 16:00:00,134.71666666666653
2025-03-27 16:30:00,135.5833333333332
2025-03-27 17:00:00,136.81666666666666
2025-03-27 17:30:00,140.46666666666664
2025-03-27 18:00:00,144.91666666666666
2025-03-27 18:30:00,145.08333333333326
2025-03-27 19:00:00,140.2166666666668
2025-03-27 19:30:00,143.68333333333334
2025-03-27 20:00:00,146.2
2025-03-27 20:30:00,141.88333333333344
2025-03-27 21:00:00,137.88333333333316
2025-03-27 21:30:00,146.1666666666668
2025-03-27 22:00:00,154.3333333333332
2025-03-27 22:30:00,154.93333333333325
2025-03-27 23:00:00,156.48333333333326
2025-03-27 23:30:00,156.86666666666667
2025-03-28 00:00:00,156.7833333333334
2025-03-28 00:30:00,154.80000000000004
2025-03-28 01:00:00,155.86666666666667
2025-03-28 01:30:00,152.59999999999994
2025-03-28 02:00:00,151.31666666666666
2025-03-28 02:30:00,148.41666666666654
2025-03-28 03:00:00,146.03333333333347
2025-03-28 03:30:00,145.56666666666666
2025-03-28 04:00:00,144.49999999999994
2025-03-28 04:30:00,146.56666666666666
2025-03-28 05:00:00,148.71666666666673
2025-03-28 05:30:00,150.6166666666666
2025-03-28 06:00:00,152.78333333333336
2025-03-28 06:30:00,154.7666666666666
2025-03-28 07:00:00,154.7666666666666
2025-03-28 07:30:00,156.33333333333326
2025-03-28 08:00:00,156.91666666666652
2025-03-28 08:30:00,68.7333333333334
2025-03-28 09:00:00,176.6833333333334
2025-03-28 09:30:00,176.6833333333334
2025-03-28 10:00:00,176.6833333333334
2025-03-28 10:30:00,176.6833333333334
2025-03-28 11:00:00,176.6833333333334
2025-03-28 11:30:00,176.6833333333334
2025-03-28 12:00:00,25.7
2025-03-28 12:30:00,0.0
2025-03-28 13:00:00,0.0
2025-03-28 13:30:00,0.0
2025-03-28 14:00:00,2.444444444444442
2025-03-28 14:30:00,166.2222222222224
2025-03-28 15:00:00,236.5333333333332
2025-03-28 15:30:00,197.95
2025-03-28 16:00:00,232.28333333333336
2025-03-28 16:30:00,313.68333333333334
2025-03-28 17:00:00,313.68333333333334
2025-03-28 17:30:00,313.68333333333334
2025-03-28 18:00:00,313.68333333333334
2025-03-28 18:30:00,313.68333333333334
2025-03-28 19:00:00,313.68333333333334
2025-03-28 19:30:00,313.68333333333334
2025-03-28 20:00:00,313.68333333333334
2025-03-28 20:30:00,313.68333333333334
2025-03-28 21:00:00,313.68333333333334
2025-03-28 21:30:00,313.68333333333334
2025-03-28 22:00:00,313.68333333333334
2025-03-28 22:30:00,313.68333333333334
2025-03-28 23:00:00,313.68333333333334
2025-03-28 23:30:00,313.68333333333334
2025-03-29 00:00:00,313.68333333333334
2025-03-29 00:30:00,313.68333333333334
2025-03-29 01:00:00,313.63333333333327
2025-03-29 01:30:00,116.14444444444445
2025-03-29 02:00:00,122.58333333333327
2025-03-29 02:30:00,202.75000000000006
2025-03-29 03:00:00,107.51666666666674
2025-03-29 03:30:00,13.805555555555555
2025-03-29 04:00:00,91.79444444444454
2025-03-29 04:30:00,0.0
2025-03-29 05:00:00,0.0
2025-03-29 05:30:00,0.0
2025-03-29 06:00:00,0.0
2025-03-29 06:30:00,0.0
2025-03-29 07:00:00,0.0
2025-03-29 07:30:00,0.0
2025-03-29 08:00:00,0.0
2025-03-29 08:30:00,0.0
2025-03-29 09:00:00,0.0
2025-03-29 09:30:00,23.75
2025-03-29 10:00:00,13.18333333333332
2025-03-29 10:30:00,30.800000000000008
2025-03-29 11:00:00,58.23333333333334
2025-03-29 11:30:00,0.0
2025-03-29 12:00:00,0.0
2025-03-29 12:30:00,0.0
2025-03-29 13:00:00,0.0
2025-03-29 13:30:00,0.0
2025-03-29 14:00:00,0.0
2025-03-29 14:30:00,12.56666666666666
2025-03-29 15:00:00,176.0333333333334
2025-03-29 15:30:00,77.72777777777785
2025-03-29 16:00:00,200.87777777777774
2025-03-29 16:30:00,274.4611111111113
2025-03-29 17:00:00,238.55000000000004
2025-03-29 17:30:00,196.95000000000005
2025-03-29 18:00:00,155.31666666666675
2025-03-29 18:30:00,225.55000000000018
2025-03-29 19:00:00,31.716666666666665
2025-03-29 19:30:00,18.483333333333327
2025-03-29 20:00:00,84.10000000000007
2025-03-29 20:30:00,68.50000000000006
2025-03-29 21:00:00,51.2083333333334
2025-03-29 21:30:00,45.791666666666664
2025-03-29 22:00:00,39.816666666666734
2025-03-29 22:30:00,31.816666666666666
2025-03-29 23:00:00,24.31666666666666
2025-03-29 23:30:00,17.074999999999996
2025-03-30 00:00:00,9.233333333333334
2025-03-30 00:30:00,58.825
2025-03-30 01:00:00,60.16666666666667
2025-03-30 01:30:00,9.483333333333341
2025-03-30 02:00:00,0.0
2025-03-30 02:30:00,0.0
2025-03-30 03:00:00,0.0
2025-03-30 03:30:00,0.0
2025-03-30 04:00:00,0.0
2025-03-30 04:30:00,11.83333333333332
2025-03-30 05:00:00,21.16666666666668
2025-03-30 05:30:00,23.2
2025-03-30 06:00:00,24.81666666666666
2025-03-30 06:30:00,24.88333333333334
2025-03-30 07:00:00,117.4166666666666
2025-03-30 07:30:00,50.333333333333385
2025-03-30 08:00:00,126.11666666666667
2025-03-30 08:30:00,317.0
2025-03-30 09:00:00,0.0
2025-03-30 09:30:00,0.0
2025-03-30 10:00:00,0.0
2025-03-30 10:30:00,0.0
2025-03-30 11:00:00,0.0
2025-03-30 11:30:00,0.0
2025-03-30 12:00:00,0.0
2025-03-30 12:30:00,0.0
2025-03-30 13:00:00,0.0
2025-03-30 13:30:00,0.0
2025-03-30 14:00:00,0.0
2025-03-30 14:30:00,0.0
2025-03-30 15:00:00,0.0
2025-03-30 15:30:00,0.0
2025-03-30 16:00:00,0.0
2025-03-30 16:30:00,0.0
2025-03-30 17:00:00,0.0
2025-03-30 17:30:00,0.0
2025-03-30 18:00:00,0.0
2025-03-30 18:30:00,0.0
2025-03-30 19:00:00,0.0
2025-03-30 19:30:00,0.0
2025-03-30 20:00:00,0.0
2025-03-30 20:30:00,0.0
2025-03-30 21:00:00,0.0
2025-03-30 21:30:00,0.0
2025-03-30 22:00:00,0.0
2025-03-30 22:30:00,0.0
2025-03-30 23:00:00,0.0
2025-03-30 23:30:00,0.0
2025-03-31 00:00:00,0.0
2025-03-31 00:30:00,0.0
2025-03-31 01:00:00,0.0
2025-03-31 01:30:00,0.0
2025-03-31 02:00:00,0.0
2025-03-31 02:30:00,0.0
2025-03-31 03:00:00,0.0
2025-03-31 03:30:00,0.0
2025-03-31 04:00:00,0.0
2025-03-31 04:30:00,0.0
2025-03-31 05:00:00,136.1666666666666
2025-03-31 05:30:00,18.2
2025-03-31 06:00:00,149.75
2025-03-31 06:30:00,234.5166666666668
2025-03-31 07:00:00,241.6833333333334
2025-03-31 07:30:00,238.88333333333338
2025-03-31 08:00:00,185.71666666666664
2025-03-31 08:30:00,188.78333333333362
2025-03-31 09:00:00,118.48333333333333
2025-03-31 09:30:00,138.45
2025-03-31 10:00:00,208.25000000000017
2025-03-31 10:30:00,220.7333333333334
2025-03-31 11:00:00,171.18333333333322
2025-03-31 11:30:00,155.0833333333332
2025-03-31 12:00:00,104.2333333333334
2025-03-31 12:30:00,91.40000000000006
2025-03-31 13:00:00,102.6333333333334
2025-03-31 13:30:00,57.1666666666666
2025-03-31 14:00:00,59.35
2025-03-31 14:30:00,57.1666666666666
2025-03-31 15:00:00,20.2666666666666
2025-03-31 15:30:00,0.0
2025-03-31 16:00:00,0.0
2025-03-31 16:30:00,0.0
2025-03-31 17:00:00,0.0
2025-03-31 17:30:00,0.0
2025-03-31 18:00:00,0.0
2025-03-31 18:30:00,0.0
2025-03-31 19:00:00,0.0
2025-03-31 19:30:00,0.0
2025-03-31 20:00:00,0.0
2025-03-31 20:30:00,0.0
2025-03-31 21:00:00,0.0
2025-03-31 21:30:00,0.0
2025-03-31 22:00:00,0.0
2025-03-31 22:30:00,0.0
2025-03-31 23:00:00,0.0
2025-03-31 23:30:00,0.0
2025-04-01 00:00:00,0.0
2025-04-01 00:30:00,0.0
2025-04-01 01:00:00,0.0
2025-04-01 01:30:00,0.0
2025-04-01 02:00:00,0.0
2025-04-01 02:30:00,0.0
2025-04-01 03:00:00,0.0
2025-04-01 03:30:00,0.0
2025-04-01 04:00:00,0.0
2025-04-01 04:30:00,0.0
2025-04-01 05:00:00,0.0
2025-04-01 05:30:00,0.0
2025-04-01 06:00:00,0.0
2025-04-01 06:30:00,0.0
2025-04-01 07:00:00,0.0
2025-04-01 07:30:00,0.0
2025-04-01 08:00:00,0.0
2025-04-01 08:30:00,0.0
2025-04-01 09:00:00,0.0
2025-04-01 09:30:00,0.0
2025-04-01 10:00:00,0.0
2025-04-01 10:30:00,0.0
2025-04-01 11:00:00,0.0
2025-04-01 11:30:00,0.0
2025-04-01 12:00:00,11.3
2025-04-01 12:30:00,0.0
2025-04-01 13:00:00,32.23333333333332
2025-04-01 13:30:00,115.15
2025-04-01 14:00:00,2.1166666666666663
2025-04-01 14:30:00,0.0
2025-04-01 15:00:00,0.0
2025-04-01 15:30:00,0.0
2025-04-01 16:00:00,0.608333333333334
2025-04-01 16:30:00,20.049999999999997
2025-04-01 17:00:00,66.74166666666675
2025-04-01 17:30:00,65.32499999999995
2025-04-01 18:00:00,40.925
2025-04-01 18:30:00,22.59166666666668
2025-04-01 19:00:00,22.025000000000006
2025-04-01 19:30:00,45.40000000000006
2025-04-01 20:00:00,30.733333333333334
2025-04-01 20:30:00,69.37500000000006
2025-04-01 21:00:00,66.69999999999993
2025-04-01 21:30:00,50.72500000000006
2025-04-01 22:00:00,30.508333333333326
2025-04-01 22:30:00,26.366666666666667
2025-04-01 23:00:00,35.35000000000001
2025-04-01 23:30:00,9.299999999999994
2025-04-02 00:00:00,0.0
2025-04-02 00:30:00,0.0
2025-04-02 01:00:00,0.0
2025-04-02 01:30:00,0.0
2025-04-02 02:00:00,0.0
2025-04-02 02:30:00,0.0
2025-04-02 03:00:00,0.0
2025-04-02 03:30:00,0.0
2025-04-02 04:00:00,0.0
2025-04-02 04:30:00,151.5
2025-04-02 05:00:00,153.71666666666658
2025-04-02 05:30:00,190.44999999999993
2025-04-02 06:00:00,129.70000000000013
2025-04-02 06:30:00,171.2
2025-04-02 07:00:00,216.4500000000002
2025-04-02 07:30:00,99.21666666666668
2025-04-02 08:00:00,122.25
2025-04-02 08:30:00,179.80000000000018
2025-04-02 09:00:00,81.4
2025-04-02 09:30:00,0.0
2025-04-02 10:00:00,0.0
2025-04-02 10:30:00,0.0
2025-04-02 11:00:00,0.0
2025-04-02 11:30:00,0.0
2025-04-02 12:00:00,0.0
2025-04-02 12:30:00,0.0
2025-04-02 13:00:00,0.0
2025-04-02 13:30:00,0.0
2025-04-02 14:00:00,0.0
2025-04-02 14:30:00,0.0
2025-04-02 15:00:00,0.0
2025-04-02 15:30:00,121.5333333333334
2025-04-02 16:00:00,139.49999999999986
2025-04-02 16:30:00,135.54999999999993
2025-04-02 17:00:00,33.6
2025-04-02 17:30:00,94.13333333333341
2025-04-02 18:00:00,168.1
2025-04-02 18:30:00,158.38333333333338
2025-04-02 19:00:00,149.4833333333332
2025-04-02 19:30:00,137.48333333333315
2025-04-02 20:00:00,120.66666666666674
2025-04-02 20:30:00,108.75000000000006
2025-04-02 21:00:00,93.91666666666666
2025-04-02 21:30:00,80.96666666666673
2025-04-02 22:00:00,45.43333333333334
2025-04-02 22:30:00,0.0
2025-04-02 23:00:00,0.0
2025-04-02 23:30:00,0.0
2025-04-03 00:00:00,0.0
2025-04-03 00:30:00,0.0
2025-04-03 01:00:00,0.0
2025-04-03 01:30:00,0.0
2025-04-03 02:00:00,0.0
2025-04-03 02:30:00,0.0
2025-04-03 03:00:00,0.0
2025-04-03 03:30:00,0.0
2025-04-03 04:00:00,0.0
2025-04-03 04:30:00,0.0
2025-04-03 05:00:00,0.0
2025-04-03 05:30:00,0.0
2025-04-03 06:00:00,0.0
2025-04-03 06:30:00,0.0
2025-04-03 07:00:00,0.0
2025-04-03 07:30:00,0.0
2025-04-03 08:00:00,0.0
2025-04-03 08:30:00,0.0
2025-04-03 09:00:00,0.0
2025-04-03 09:30:00,0.0
2025-04-03 10:00:00,0.0
2025-04-03 10:30:00,0.0
2025-04-03 11:00:00,0.0
2025-04-03 11:30:00,0.0
2025-04-03 12:00:00,0.0
2025-04-03 12:30:00,0.0
2025-04-03 13:00:00,0.0
2025-04-03 13:30:00,0.0
2025-04-03 14:00:00,0.0
2025-04-03 14:30:00,0.0
2025-04-03 15:00:00,0.0
2025-04-03 15:30:00,0.0
2025-04-03 16:00:00,0.0
2025-04-03 16:30:00,0.0
2025-04-03 17:00:00,70.6
2025-04-03 17:30:00,58.85
2025-04-03 18:00:00,84.61666666666666
2025-04-03 18:30:00,108.7333333333334
2025-04-03 19:00:00,107.93333333333327
2025-04-03 19:30:00,47.3
2025-04-03 20:00:00,0.0
2025-04-03 20:30:00,0.0
2025-04-03 21:00:00,0.0
2025-04-03 21:30:00,0.0
2025-04-03 22:00:00,0.0
2025-04-03 22:30:00,0.0
2025-04-03 23:00:00,0.0
2025-04-03 23:30:00,10.73333333333334
2025-04-04 00:00:00,17.23333333333332
2025-04-04 00:30:00,47.54999999999994
2025-04-04 01:00:00,46.61666666666666
2025-04-04 01:30:00,47.38333333333326
2025-04-04 02:00:00,46.76666666666674
2025-04-04 02:30:00,50.0666666666666
2025-04-04 03:00:00,52.433333333333266
2025-04-04 03:30:00,53.516666666666744
2025-04-04 04:00:00,53.849999999999945
2025-04-04 04:30:00,52.61666666666674
2025-04-04 05:00:00,51.5833333333334
2025-04-04 05:30:00,52.74999999999994
2025-04-04 06:00:00,53.91666666666674
2025-04-04 06:30:00,53.949999999999996
2025-04-04 07:00:00,53.91666666666674
2025-04-04 07:30:00,53.88333333333328
2025-04-04 08:00:00,130.0666666666666
2025-04-04 08:30:00,9.96666666666666
2025-04-04 09:00:00,0.0
2025-04-04 09:30:00,0.0
2025-04-04 10:00:00,0.0
2025-04-04 10:30:00,0.0
2025-04-04 11:00:00,0.0
2025-04-04 11:30:00,0.0
2025-04-04 12:00:00,0.0
2025-04-04 12:30:00,0.0
2025-04-04 13:00:00,0.0
2025-04-04 13:30:00,0.0
2025-04-04 14:00:00,0.0
2025-04-04 14:30:00,0.0
2025-04-04 15:00:00,0.0
2025-04-04 15:30:00,0.0
2025-04-04 16:00:00,0.0
2025-04-04 16:30:00,0.0
2025-04-04 17:00:00,0.0
2025-04-04 17:30:00,0.0
2025-04-04 18:00:00,35.033333333333346
2025-04-04 18:30:00,41.8666666666666
2025-04-04 19:00:00,0.0
2025-04-04 19:30:00,0.0
2025-04-04 20:00:00,0.0
2025-04-04 20:30:00,0.0
2025-04-04 21:00:00,5.43333333333332
2025-04-04 21:30:00,10.916666666666671
2025-04-04 22:00:00,0.8
2025-04-04 22:30:00,63.98333333333326
2025-04-04 23:00:00,98.81666666666666
2025-04-04 23:30:00,58.983333333333206
2025-04-05 00:00:00,0.0
2025-04-05 00:30:00,0.0
2025-04-05 01:00:00,0.0
2025-04-05 01:30:00,0.0
2025-04-05 02:00:00,0.0
2025-04-05 02:30:00,0.0
2025-04-05 03:00:00,0.0
2025-04-05 03:30:00,0.0
2025-04-05 04:00:00,0.0
2025-04-05 04:30:00,0.0
2025-04-05 05:00:00,0.0
2025-04-05 05:30:00,0.0
2025-04-05 06:00:00,0.0
2025-04-05 06:30:00,0.0
2025-04-05 07:00:00,0.0
2025-04-05 07:30:00,0.0
2025-04-05 08:00:00,0.0
2025-04-05 08:30:00,0.0
2025-04-05 09:00:00,0.0
2025-04-05 09:30:00,0.0
2025-04-05 10:00:00,0.0
2025-04-05 10:30:00,0.0
2025-04-05 11:00:00,0.0
2025-04-05 11:30:00,0.0
2025-04-05 12:00:00,0.0
2025-04-05 12:30:00,0.0
2025-04-05 13:00:00,0.0
2025-04-05 13:30:00,0.0
2025-04-05 14:00:00,0.0
2025-04-05 14:30:00,0.0
2025-04-05 15:00:00,0.0
2025-04-05 15:30:00,0.0
2025-04-05 16:00:00,0.0
2025-04-05 16:30:00,0.0
2025-04-05 17:00:00,0.0
2025-04-05 17:30:00,0.0
2025-04-05 18:00:00,0.0
2025-04-05 18:30:00,0.0
2025-04-05 19:00:00,0.0
2025-04-05 19:30:00,0.0
2025-04-05 20:00:00,0.0
2025-04-05 20:30:00,0.0
2025-04-05 21:00:00,0.0
2025-04-05 21:30:00,0.0
2025-04-05 22:00:00,0.0
2025-04-05 22:30:00,0.0
2025-04-05 23:00:00,0.0
2025-04-05 23:30:00,0.0
2025-04-06 00:00:00,0.0
2025-04-06 00:30:00,0.0
2025-04-06 01:00:00,0.0
2025-04-06 01:30:00,0.0
2025-04-06 02:00:00,0.0
2025-04-06 02:30:00,0.0
2025-04-06 03:00:00,0.0
2025-04-06 03:30:00,0.0
2025-04-06 04:00:00,0.0
2025-04-06 04:30:00,0.0
2025-04-06 05:00:00,0.0
2025-04-06 05:30:00,0.0
2025-04-06 06:00:00,0.0
2025-04-06 06:30:00,0.0
2025-04-06 07:00:00,0.0
2025-04-06 07:30:00,0.0
2025-04-06 08:00:00,0.0
2025-04-06 08:30:00,0.0
2025-04-06 09:00:00,0.0
2025-04-06 09:30:00,0.0
2025-04-06 10:00:00,0.0
2025-04-06 10:30:00,0.0
2025-04-06 11:00:00,0.0
2025-04-06 11:30:00,0.0
2025-04-06 12:00:00,0.0
2025-04-06 12:30:00,0.0
2025-04-06 13:00:00,0.0
2025-04-06 13:30:00,0.0
2025-04-06 14:00:00,0.0
2025-04-06 14:30:00,0.0
2025-04-06 15:00:00,0.0
2025-04-06 15:30:00,0.0
2025-04-06 16:00:00,0.0
2025-04-06 16:30:00,0.0
2025-04-06 17:00:00,0.0
2025-04-06 17:30:00,0.0
2025-04-06 18:00:00,0.0
2025-04-06 18:30:00,0.0
2025-04-06 19:00:00,0.0
2025-04-06 19:30:00,0.0
2025-04-06 20:00:00,0.0
2025-04-06 20:30:00,0.0
2025-04-06 21:00:00,0.0
2025-04-06 21:30:00,0.0
2025-04-06 22:00:00,0.0
2025-04-06 22:30:00,0.0
2025-04-06 23:00:00,0.0
2025-04-06 23:30:00,0.0
2025-04-07 00:00:00,0.0
2025-04-07 00:30:00,0.0
2025-04-07 01:00:00,0.0
2025-04-07 01:30:00,0.0
2025-04-07 02:00:00,0.0
2025-04-07 02:30:00,0.0
2025-04-07 03:00:00,0.0
2025-04-07 03:30:00,0.0
2025-04-07 04:00:00,0.0
2025-04-07 04:30:00,0.0
2025-04-07 05:00:00,0.0
2025-04-07 05:30:00,0.0
2025-04-07 06:00:00,0.0
2025-04-07 06:30:00,0.0
2025-04-07 07:00:00,0.0
2025-04-07 07:30:00,0.0
2025-04-07 08:00:00,0.0
2025-04-07 08:30:00,0.0
2025-04-07 09:00:00,0.0
2025-04-07 09:30:00,0.0
2025-04-07 10:00:00,0.0
2025-04-07 10:30:00,0.0
2025-04-07 11:00:00,0.0
2025-04-07 11:30:00,0.0
2025-04-07 12:00:00,0.0
2025-04-07 12:30:00,0.0
2025-04-07 13:00:00,0.0
2025-04-07 13:30:00,0.0
2025-04-07 14:00:00,0.0
2025-04-07 14:30:00,0.0
2025-04-07 15:00:00,0.0
2025-04-07 15:30:00,0.0
2025-04-07 16:00:00,0.0
2025-04-07 16:30:00,0.0
2025-04-07 17:00:00,0.0
2025-04-07 17:30:00,0.0
2025-04-07 18:00:00,0.0
2025-04-07 18:30:00,0.0
2025-04-07 19:00:00,0.0
2025-04-07 19:30:00,0.0
2025-04-07 20:00:00,0.0
2025-04-07 20:30:00,0.0
2025-04-07 21:00:00,0.0
2025-04-07 21:30:00,0.0
2025-04-07 22:00:00,0.0
2025-04-07 22:30:00,0.0
2025-04-07 23:00:00,0.0
2025-04-07 23:30:00,0.0
2025-04-08 00:00:00,0.0
2025-04-08 00:30:00,0.0
2025-04-08 01:00:00,0.0
2025-04-08 01:30:00,0.0
2025-04-08 02:00:00,0.0
2025-04-08 02:30:00,0.0
2025-04-08 03:00:00,0.0
2025-04-08 03:30:00,0.0
2025-04-08 04:00:00,0.0
2025-04-08 04:30:00,0.0
2025-04-08 05:00:00,0.0
2025-04-08 05:30:00,0.0
2025-04-08 06:00:00,0.0
2025-04-08 06:30:00,0.0
2025-04-08 07:00:00,0.0
2025-04-08 07:30:00,0.0
2025-04-08 08:00:00,0.0
2025-04-08 08:30:00,0.0
2025-04-08 09:00:00,0.0
2025-04-08 09:30:00,0.0
2025-04-08 10:00:00,0.0
2025-04-08 10:30:00,0.0
2025-04-08 11:00:00,0.0
2025-04-08 11:30:00,0.0
2025-04-08 12:00:00,0.0
2025-04-08 12:30:00,0.0
2025-04-08 13:00:00,0.0
2025-04-08 13:30:00,0.0
2025-04-08 14:00:00,0.0
2025-04-08 14:30:00,0.0
2025-04-08 15:00:00,0.0
2025-04-08 15:30:00,0.0
2025-04-08 16:00:00,0.0
2025-04-08 16:30:00,0.0
2025-04-08 17:00:00,0.0
2025-04-08 17:30:00,0.0
2025-04-08 18:00:00,0.0
2025-04-08 18:30:00,0.0
2025-04-08 19:00:00,0.0
2025-04-08 19:30:00,0.0
2025-04-08 20:00:00,0.0
2025-04-08 20:30:00,0.0
2025-04-08 21:00:00,0.0
2025-04-08 21:30:00,0.0
2025-04-08 22:00:00,0.0
2025-04-08 22:30:00,0.0
2025-04-08 23:00:00,0.0
2025-04-08 23:30:00,0.0
2025-04-09 00:00:00,0.0
2025-04-09 00:30:00,0.0
2025-04-09 01:00:00,0.0
2025-04-09 01:30:00,0.0
2025-04-09 02:00:00,0.0
2025-04-09 02:30:00,0.0
2025-04-09 03:00:00,0.0
2025-04-09 03:30:00,0.0
2025-04-09 04:00:00,0.0
2025-04-09 04:30:00,0.0
2025-04-09 05:00:00,0.0
2025-04-09 05:30:00,0.0
2025-04-09 06:00:00,0.0
2025-04-09 06:30:00,0.0
2025-04-09 07:00:00,0.0
2025-04-09 07:30:00,0.0
2025-04-09 08:00:00,0.0
2025-04-09 08:30:00,0.0
2025-04-09 09:00:00,0.0
2025-04-09 09:30:00,0.0
2025-04-09 10:00:00,0.0
2025-04-09 10:30:00,0.0
2025-04-09 11:00:00,0.0
2025-04-09 11:30:00,0.0
2025-04-09 12:00:00,0.0
2025-04-09 12:30:00,0.0
2025-04-09 13:00:00,0.0
2025-04-09 13:30:00,0.0
2025-04-09 14:00:00,0.0
2025-04-09 14:30:00,0.0
2025-04-09 15:00:00,0.0
2025-04-09 15:30:00,0.0
2025-04-09 16:00:00,0.0
2025-04-09 16:30:00,0.0
2025-04-09 17:00:00,0.0
2025-04-09 17:30:00,0.0
2025-04-09 18:00:00,0.0
2025-04-09 18:30:00,0.0
2025-04-09 19:00:00,0.0
2025-04-09 19:30:00,0.0
2025-04-09 20:00:00,0.0
2025-04-09 20:30:00,0.0
2025-04-09 21:00:00,0.0
2025-04-09 21:30:00,0.0
2025-04-09 22:00:00,0.0
2025-04-09 22:30:00,0.0
2025-04-09 23:00:00,0.0
2025-04-09 23:30:00,0.0
2025-04-10 00:00:00,0.0
2025-04-10 00:30:00,0.0
2025-04-10 01:00:00,0.0
2025-04-10 01:30:00,0.0
2025-04-10 02:00:00,0.0
2025-04-10 02:30:00,0.0
2025-04-10 03:00:00,0.0
2025-04-10 03:30:00,0.0
2025-04-10 04:00:00,0.0
2025-04-10 04:30:00,0.0
2025-04-10 05:00:00,0.0
2025-04-10 05:30:00,0.0
2025-04-10 06:00:00,0.0
2025-04-10 06:30:00,0.0
2025-04-10 07:00:00,0.0
2025-04-10 07:30:00,0.0
2025-04-10 08:00:00,0.0
2025-04-10 08:30:00,0.0
2025-04-10 09:00:00,0.0
2025-04-10 09:30:00,0.0
2025-04-10 10:00:00,0.0
2025-04-10 10:30:00,0.0
2025-04-10 11:00:00,0.0
2025-04-10 11:30:00,0.0
2025-04-10 12:00:00,0.0
2025-04-10 12:30:00,0.0
2025-04-10 13:00:00,0.0
2025-04-10 13:30:00,179.6166666666668
2025-04-10 14:00:00,164.86666666666653
2025-04-10 14:30:00,137.0
2025-04-10 15:00:00,246.8
2025-04-10 15:30:00,251.8166666666664
2025-04-10 16:00:00,257.2
2025-04-10 16:30:00,259.0166666666668
2025-04-10 17:00:00,259.6
2025-04-10 17:30:00,258.9666666666668
2025-04-10 18:00:00,257.8166666666668
2025-04-10 18:30:00,259.66666666666663
2025-04-10 19:00:00,261.8833333333332
2025-04-10 19:30:00,223.3999999999998
2025-04-10 20:00:00,134.46666666666658
2025-04-10 20:30:00,134.0666666666666
2025-04-10 21:00:00,133.4416666666666
2025-04-10 21:30:00,132.475
2025-04-10 22:00:00,133.67499999999993
2025-04-10 22:30:00,133.9833333333333
2025-04-10 23:00:00,133.30833333333334
2025-04-10 23:30:00,93.16666666666666
2025-04-11 00:00:00,92.20833333333347
2025-04-11 00:30:00,25.883333333333397
2025-04-11 01:00:00,86.25833333333348
2025-04-11 01:30:00,230.8166666666666
2025-04-11 02:00:00,182.3
2025-04-11 02:30:00,230.8333333333334
2025-04-11 03:00:00,222.5166666666666
2025-04-11 03:30:00,182.7
2025-04-11 04:00:00,230.6999999999998
2025-04-11 04:30:00,294.7666666666668
2025-04-11 05:00:00,284.63333333333344
2025-04-11 05:30:00,237.51666666666682
2025-04-11 06:00:00,191.5666666666668
2025-04-11 06:30:00,239.35000000000022
2025-04-11 07:00:00,217.23333333333338
2025-04-11 07:30:00,260.9166666666668
2025-04-11 08:00:00,227.13333333333338
2025-04-11 08:30:00,271.8166666666668
2025-04-11 09:00:00,253.0
2025-04-11 09:30:00,215.7333333333334
2025-04-11 10:00:00,175.0833333333334
2025-04-11 10:30:00,229.43333333333314
2025-04-11 11:00:00,309.45
2025-04-11 11:30:00,279.8833333333332
2025-04-11 12:00:00,233.7666666666666
2025-04-11 12:30:00,292.2999999999998
2025-04-11 13:00:00,269.4833333333336
2025-04-11 13:30:00,217.7666666666666
2025-04-11 14:00:00,163.3833333333334
2025-04-11 14:30:00,294.8499999999998
2025-04-11 15:00:00,320.68333333333317
2025-04-11 15:30:00,84.7833333333334
2025-04-11 16:00:00,22.3333333333334
2025-04-11 16:30:00,0.0
2025-04-11 17:00:00,0.0
2025-04-11 17:30:00,0.0
2025-04-11 18:00:00,0.0
2025-04-11 18:30:00,0.0
2025-04-11 19:00:00,0.0
2025-04-11 19:30:00,0.0
2025-04-11 20:00:00,0.0
2025-04-11 20:30:00,0.0
2025-04-11 21:00:00,0.0
2025-04-11 21:30:00,0.0
2025-04-11 22:00:00,0.0
2025-04-11 22:30:00,0.0
2025-04-11 23:00:00,0.0
2025-04-11 23:30:00,0.0
2025-04-12 00:00:00,0.0
2025-04-12 00:30:00,0.0
2025-04-12 01:00:00,0.0
2025-04-12 01:30:00,0.0
2025-04-12 02:00:00,0.0
2025-04-12 02:30:00,0.0
2025-04-12 03:00:00,0.0
2025-04-12 03:30:00,0.0
2025-04-12 04:00:00,0.0
2025-04-12 04:30:00,0.0
2025-04-12 05:00:00,0.0
2025-04-12 05:30:00,0.0
2025-04-12 06:00:00,0.0
2025-04-12 06:30:00,0.0
2025-04-12 07:00:00,0.0
2025-04-12 07:30:00,0.0
2025-04-12 08:00:00,0.0
2025-04-12 08:30:00,0.0
2025-04-12 09:00:00,0.0
2025-04-12 09:30:00,0.0
2025-04-12 10:00:00,0.0
2025-04-12 10:30:00,0.0
2025-04-12 11:00:00,0.0
2025-04-12 11:30:00,0.0
2025-04-12 12:00:00,0.0
2025-04-12 12:30:00,0.0
2025-04-12 13:00:00,0.0
2025-04-12 13:30:00,0.0
2025-04-12 14:00:00,0.0
2025-04-12 14:30:00,0.0
2025-04-12 15:00:00,0.0
2025-04-12 15:30:00,1.650000000000002
2025-04-12 16:00:00,99.0166666666666
2025-04-12 16:30:00,98.36666666666679
2025-04-12 17:00:00,100.36666666666639
2025-04-12 17:30:00,104.31666666666659
2025-04-12 18:00:00,0.0
2025-04-12 18:30:00,0.0
2025-04-12 19:00:00,0.0
2025-04-12 19:30:00,0.0
2025-04-12 20:00:00,0.0
2025-04-12 20:30:00,0.0
2025-04-12 21:00:00,0.0
2025-04-12 21:30:00,0.0
2025-04-12 22:00:00,0.0
2025-04-12 22:30:00,0.0
2025-04-12 23:00:00,0.0
2025-04-12 23:30:00,0.0
2025-04-13 00:00:00,0.0
2025-04-13 00:30:00,0.0
2025-04-13 01:00:00,0.0
2025-04-13 01:30:00,0.0
2025-04-13 02:00:00,0.0
2025-04-13 02:30:00,0.0
2025-04-13 03:00:00,0.0
2025-04-13 03:30:00,0.0
2025-04-13 04:00:00,0.0
2025-04-13 04:30:00,3.4
2025-04-13 05:00:00,0.0
2025-04-13 05:30:00,0.0
2025-04-13 06:00:00,0.0
2025-04-13 06:30:00,0.0
2025-04-13 07:00:00,0.0
2025-04-13 07:30:00,0.0
2025-04-13 08:00:00,0.0
2025-04-13 08:30:00,0.0
2025-04-13 09:00:00,0.0
2025-04-13 09:30:00,0.0
2025-04-13 10:00:00,0.0
2025-04-13 10:30:00,0.0
2025-04-13 11:00:00,0.0
2025-04-13 11:30:00,0.0
2025-04-13 12:00:00,0.0
2025-04-13 12:30:00,0.0
2025-04-13 13:00:00,0.0
2025-04-13 13:30:00,0.0
2025-04-13 14:00:00,0.0
2025-04-13 14:30:00,0.0
2025-04-13 15:00:00,0.0
2025-04-13 15:30:00,0.0
2025-04-13 16:00:00,0.0
2025-04-13 16:30:00,0.0
2025-04-13 17:00:00,0.0
2025-04-13 17:30:00,0.0
2025-04-13 18:00:00,0.0
2025-04-13 18:30:00,0.0
2025-04-13 19:00:00,0.0
2025-04-13 19:30:00,0.0
2025-04-13 20:00:00,0.0
2025-04-13 20:30:00,0.0
2025-04-13 21:00:00,0.0
2025-04-13 21:30:00,0.0
2025-04-13 22:00:00,0.0
2025-04-13 22:30:00,0.0
2025-04-13 23:00:00,0.0
2025-04-13 23:30:00,33.16666666666666
2025-04-14 00:00:00,92.8666666666668
2025-04-14 00:30:00,0.0
2025-04-14 01:00:00,0.0
2025-04-14 01:30:00,37.86666666666668
2025-04-14 02:00:00,24.78333333333334
2025-04-14 02:30:00,49.26666666666664
2025-04-14 03:00:00,23.4
2025-04-14 03:30:00,126.5333333333332
2025-04-14 04:00:00,69.26666666666667
2025-04-14 04:30:00,70.89999999999986
2025-04-14 05:00:00,67.70000000000013
2025-04-14 05:30:00,67.26666666666668
2025-04-14 06:00:00,64.8166666666666
2025-04-14 06:30:00,63.33333333333326
2025-04-14 07:00:00,64.46666666666674
2025-04-14 07:30:00,78.4
2025-04-14 08:00:00,86.75000000000006
2025-04-14 08:30:00,99.11666666666652
2025-04-14 09:00:00,108.53333333333335
2025-04-14 09:30:00,116.81666666666655
2025-04-14 10:00:00,124.18333333333345
2025-04-14 10:30:00,124.55000000000005
2025-04-14 11:00:00,124.39999999999995
2025-04-14 11:30:00,121.81666666666672
2025-04-14 12:00:00,68.25
2025-04-14 12:30:00,73.6
2025-04-14 13:00:00,11.05
2025-04-14 13:30:00,0.0
2025-04-14 14:00:00,0.0
2025-04-14 14:30:00,0.0
2025-04-14 15:00:00,0.0
2025-04-14 15:30:00,0.0
2025-04-14 16:00:00,0.0
2025-04-14 16:30:00,0.0
2025-04-14 17:00:00,0.0
2025-04-14 17:30:00,0.0
2025-04-14 18:00:00,0.0
2025-04-14 18:30:00,22.45
2025-04-14 19:00:00,5.116666666666666
2025-04-14 19:30:00,13.550000000000015
2025-04-14 20:00:00,6.466666666666674
2025-04-14 20:30:00,10.650000000000006
2025-04-14 21:00:00,15.9
2025-04-14 21:30:00,14.0
2025-04-14 22:00:00,0.0
2025-04-14 22:30:00,0.0
2025-04-14 23:00:00,0.0
2025-04-14 23:30:00,0.0
2025-04-15 00:00:00,0.0
2025-04-15 00:30:00,0.0
2025-04-15 01:00:00,0.0
2025-04-15 01:30:00,0.0
2025-04-15 02:00:00,0.0
2025-04-15 02:30:00,0.0
2025-04-15 03:00:00,0.0
2025-04-15 03:30:00,0.0
2025-04-15 04:00:00,0.0
2025-04-15 04:30:00,0.0
2025-04-15 05:00:00,0.0
2025-04-15 05:30:00,0.0
2025-04-15 06:00:00,0.0
2025-04-15 06:30:00,0.0
2025-04-15 07:00:00,0.0
2025-04-15 07:30:00,0.0
2025-04-15 08:00:00,0.0
2025-04-15 08:30:00,0.0
2025-04-15 09:00:00,0.0
2025-04-15 09:30:00,0.0
2025-04-15 10:00:00,0.0
2025-04-15 10:30:00,0.0
2025-04-15 11:00:00,0.0
2025-04-15 11:30:00,0.0
2025-04-15 12:00:00,0.0
2025-04-15 12:30:00,0.0
2025-04-15 13:00:00,0.0
2025-04-15 13:30:00,0.0
2025-04-15 14:00:00,0.0
2025-04-15 14:30:00,0.0
2025-04-15 15:00:00,0.0
2025-04-15 15:30:00,0.0
2025-04-15 16:00:00,0.0
2025-04-15 16:30:00,0.0
2025-04-15 17:00:00,0.0
2025-04-15 17:30:00,0.0
2025-04-15 18:00:00,0.0
2025-04-15 18:30:00,0.0
2025-04-15 19:00:00,0.0
2025-04-15 19:30:00,0.0
2025-04-15 20:00:00,0.0
2025-04-15 20:30:00,0.0
2025-04-15 21:00:00,0.0
2025-04-15 21:30:00,0.0
2025-04-15 22:00:00,0.0
2025-04-15 22:30:00,0.0
2025-04-15 23:00:00,0.0
2025-04-15 23:30:00,0.0
2025-04-16 00:00:00,0.0
2025-04-16 00:30:00,0.0
2025-04-16 01:00:00,0.0
2025-04-16 01:30:00,0.0
2025-04-16 02:00:00,0.0
2025-04-16 02:30:00,0.0
2025-04-16 03:00:00,0.0
2025-04-16 03:30:00,0.0
2025-04-16 04:00:00,97.0166666666668
2025-04-16 04:30:00,100.0166666666666
2025-04-16 05:00:00,102.13333333333341
2025-04-16 05:30:00,123.1666666666666
2025-04-16 06:00:00,140.5833333333334
2025-04-16 06:30:00,158.3499999999998
2025-04-16 07:00:00,174.8333333333332
2025-04-16 07:30:00,186.5999999999998
2025-04-16 08:00:00,229.7499999999998
2025-04-16 08:30:00,243.3
2025-04-16 09:00:00,257.5500000000002
2025-04-16 09:30:00,265.6500000000002
2025-04-16 10:00:00,53.23333333333342
2025-04-16 10:30:00,57.56666666666672
2025-04-16 11:00:00,85.88333333333331
2025-04-16 11:30:00,86.03333333333326
2025-04-16 12:00:00,108.61666666666665
2025-04-16 12:30:00,108.31666666666666
2025-04-16 13:00:00,151.30000000000013
2025-04-16 13:30:00,150.25000000000006
2025-04-16 14:00:00,144.65000000000006
2025-04-16 14:30:00,134.80000000000007
2025-04-16 15:00:00,123.8333333333334
2025-04-16 15:30:00,118.93333333333345
2025-04-16 16:00:00,111.86666666666646
2025-04-16 16:30:00,103.0333333333334
2025-04-16 17:00:00,95.28333333333326
2025-04-16 17:30:00,87.25
2025-04-16 18:00:00,74.8833333333334
2025-04-16 18:30:00,64.46666666666658
2025-04-16 19:00:00,53.75
2025-04-16 19:30:00,45.61666666666674
2025-04-16 20:00:00,36.55
2025-04-16 20:30:00,30.48333333333332
2025-04-16 21:00:00,24.28333333333332
2025-04-16 21:30:00,12.35
2025-04-16 22:00:00,10.38333333333334
2025-04-16 22:30:00,11.0
2025-04-16 23:00:00,30.6
2025-04-16 23:30:00,0.0
2025-04-17 00:00:00,0.0
2025-04-17 00:30:00,0.0
2025-04-17 01:00:00,0.0
2025-04-17 01:30:00,0.0
2025-04-17 02:00:00,0.0
2025-04-17 02:30:00,0.0
2025-04-17 03:00:00,0.0
2025-04-17 03:30:00,0.0
2025-04-17 04:00:00,0.0
2025-04-17 04:30:00,0.0
2025-04-17 05:00:00,0.0
2025-04-17 05:30:00,0.0
2025-04-17 06:00:00,0.0
2025-04-17 06:30:00,0.0
2025-04-17 07:00:00,0.0
2025-04-17 07:30:00,23.63333333333332
2025-04-17 08:00:00,17.049999999999997
2025-04-17 08:30:00,0.0
2025-04-17 09:00:00,0.0
2025-04-17 09:30:00,0.0
2025-04-17 10:00:00,0.0
2025-04-17 10:30:00,0.0
2025-04-17 11:00:00,0.0
2025-04-17 11:30:00,0.0
2025-04-17 12:00:00,0.0
2025-04-17 12:30:00,0.0
2025-04-17 13:00:00,0.0
2025-04-17 13:30:00,0.0
2025-04-17 14:00:00,0.0
2025-04-17 14:30:00,0.0
2025-04-17 15:00:00,0.0
2025-04-17 15:30:00,0.0
2025-04-17 16:00:00,0.0
2025-04-17 16:30:00,0.0
2025-04-17 17:00:00,0.0
2025-04-17 17:30:00,0.0
2025-04-17 18:00:00,0.0
2025-04-17 18:30:00,0.0
2025-04-17 19:00:00,0.0
2025-04-17 19:30:00,0.0
2025-04-17 20:00:00,0.0
2025-04-17 20:30:00,0.0
2025-04-17 21:00:00,0.0
2025-04-17 21:30:00,0.0
2025-04-17 22:00:00,0.0
2025-04-17 22:30:00,0.0
2025-04-17 23:00:00,0.0
2025-04-17 23:30:00,0.0
2025-04-18 00:00:00,0.0
2025-04-18 00:30:00,0.0
2025-04-18 01:00:00,0.0
2025-04-18 01:30:00,0.0
2025-04-18 02:00:00,0.0
2025-04-18 02:30:00,0.0
2025-04-18 03:00:00,0.0
2025-04-18 03:30:00,0.0
2025-04-18 04:00:00,0.0
2025-04-18 04:30:00,0.0
2025-04-18 05:00:00,0.0
2025-04-18 05:30:00,0.0
2025-04-18 06:00:00,0.0
2025-04-18 06:30:00,0.0
2025-04-18 07:00:00,0.0
2025-04-18 07:30:00,0.0
2025-04-18 08:00:00,0.0
2025-04-18 08:30:00,0.0
2025-04-18 09:00:00,0.0
2025-04-18 09:30:00,0.0
2025-04-18 10:00:00,0.0
2025-04-18 10:30:00,0.0
2025-04-18 11:00:00,0.0
2025-04-18 11:30:00,0.0
2025-04-18 12:00:00,0.0
2025-04-18 12:30:00,0.0
2025-04-18 13:00:00,0.0
2025-04-18 13:30:00,0.0
2025-04-18 14:00:00,0.0
2025-04-18 14:30:00,0.0
2025-04-18 15:00:00,0.0
2025-04-18 15:30:00,0.0
2025-04-18 16:00:00,0.0
2025-04-18 16:30:00,0.0
2025-04-18 17:00:00,0.0
2025-04-18 17:30:00,0.0
2025-04-18 18:00:00,0.0
2025-04-18 18:30:00,0.0
2025-04-18 19:00:00,0.0
2025-04-18 19:30:00,0.0
2025-04-18 20:00:00,0.0
2025-04-18 20:30:00,0.0
2025-04-18 21:00:00,0.0
2025-04-18 21:30:00,0.0
2025-04-18 22:00:00,0.0
2025-04-18 22:30:00,0.0
2025-04-18 23:00:00,0.0
2025-04-18 23:30:00,0.0
2025-04-19 00:00:00,0.0
2025-04-19 00:30:00,0.0
2025-04-19 01:00:00,0.0
2025-04-19 01:30:00,0.0
2025-04-19 02:00:00,0.0
2025-04-19 02:30:00,0.0
2025-04-19 03:00:00,0.0
2025-04-19 03:30:00,0.0
2025-04-19 04:00:00,0.0
2025-04-19 04:30:00,0.0
2025-04-19 05:00:00,0.0
2025-04-19 05:30:00,0.0
2025-04-19 06:00:00,0.0
2025-04-19 06:30:00,0.0
2025-04-19 07:00:00,0.0
2025-04-19 07:30:00,0.0
2025-04-19 08:00:00,0.0
2025-04-19 08:30:00,0.0
2025-04-19 09:00:00,0.0
2025-04-19 09:30:00,0.0
2025-04-19 10:00:00,0.0
2025-04-19 10:30:00,0.0
2025-04-19 11:00:00,0.0
2025-04-19 11:30:00,0.0
2025-04-19 12:00:00,0.0
2025-04-19 12:30:00,0.0
2025-04-19 13:00:00,0.0
2025-04-19 13:30:00,0.0
2025-04-19 14:00:00,0.0
2025-04-19 14:30:00,0.0
2025-04-19 15:00:00,0.0
2025-04-19 15:30:00,0.0
2025-04-19 16:00:00,0.0
2025-04-19 16:30:00,0.0
2025-04-19 17:00:00,0.0
2025-04-19 17:30:00,0.0
2025-04-19 18:00:00,0.0
2025-04-19 18:30:00,0.0
2025-04-19 19:00:00,0.0
2025-04-19 19:30:00,0.0
2025-04-19 20:00:00,0.0
2025-04-19 20:30:00,0.0
2025-04-19 21:00:00,0.0
2025-04-19 21:30:00,0.0
2025-04-19 22:00:00,0.0
2025-04-19 22:30:00,0.0
2025-04-19 23:00:00,0.0
2025-04-19 23:30:00,0.0
2025-04-20 00:00:00,0.0
2025-04-20 00:30:00,0.0
2025-04-20 01:00:00,0.0
2025-04-20 01:30:00,0.0
2025-04-20 02:00:00,0.0
2025-04-20 02:30:00,0.0
2025-04-20 03:00:00,0.0
2025-04-20 03:30:00,0.0
2025-04-20 04:00:00,0.0
2025-04-20 04:30:00,0.0
2025-04-20 05:00:00,0.0
2025-04-20 05:30:00,0.0
2025-04-20 06:00:00,0.0
2025-04-20 06:30:00,0.0
2025-04-20 07:00:00,0.0
2025-04-20 07:30:00,0.0
2025-04-20 08:00:00,0.0
2025-04-20 08:30:00,0.0
2025-04-20 09:00:00,0.0
2025-04-20 09:30:00,0.0
2025-04-20 10:00:00,0.0
2025-04-20 10:30:00,0.0
2025-04-20 11:00:00,0.0
2025-04-20 11:30:00,0.0
2025-04-20 12:00:00,0.0
2025-04-20 12:30:00,0.0
2025-04-20 13:00:00,0.0
2025-04-20 13:30:00,0.0
2025-04-20 14:00:00,0.0
2025-04-20 14:30:00,0.0
2025-04-20 15:00:00,0.0
2025-04-20 15:30:00,0.0
2025-04-20 16:00:00,0.0
2025-04-20 16:30:00,0.0
2025-04-20 17:00:00,0.0
2025-04-20 17:30:00,0.0
2025-04-20 18:00:00,0.0
2025-04-20 18:30:00,0.0
2025-04-20 19:00:00,0.0
2025-04-20 19:30:00,0.0
2025-04-20 20:00:00,0.0
2025-04-20 20:30:00,0.0
2025-04-20 21:00:00,0.0
2025-04-20 21:30:00,0.0
2025-04-20 22:00:00,0.0
2025-04-20 22:30:00,0.0
2025-04-20 23:00:00,0.0
2025-04-20 23:30:00,0.0
2025-04-21 00:00:00,0.0
2025-04-21 00:30:00,0.0
2025-04-21 01:00:00,0.0
2025-04-21 01:30:00,0.0
2025-04-21 02:00:00,0.0
2025-04-21 02:30:00,0.0
2025-04-21 03:00:00,0.0
2025-04-21 03:30:00,0.0
2025-04-21 04:00:00,0.0
2025-04-21 04:30:00,0.0
2025-04-21 05:00:00,0.0
2025-04-21 05:30:00,0.0
2025-04-21 06:00:00,0.0
2025-04-21 06:30:00,0.0
2025-04-21 07:00:00,0.0
2025-04-21 07:30:00,0.0
2025-04-21 08:00:00,0.0
2025-04-21 08:30:00,0.0
2025-04-21 09:00:00,0.0
2025-04-21 09:30:00,0.0
2025-04-21 10:00:00,0.0
2025-04-21 10:30:00,0.0
2025-04-21 11:00:00,0.0
2025-04-21 11:30:00,50.16666666666667
2025-04-21 12:00:00,108.08333333333326
2025-04-21 12:30:00,114.65
2025-04-21 13:00:00,127.39999999999986
2025-04-21 13:30:00,123.78333333333335
2025-04-21 14:00:00,154.41666666666666
2025-04-21 14:30:00,22.3
2025-04-21 15:00:00,33.18333333333332
2025-04-21 15:30:00,3.78333333333334
2025-04-21 16:00:00,24.3166666666666
2025-04-21 16:30:00,22.883333333333322
2025-04-21 17:00:00,125.1666666666668
2025-04-21 17:30:00,130.38333333333327
2025-04-21 18:00:00,72.76666666666668
2025-04-21 18:30:00,63.616666666666745
2025-04-21 19:00:00,74.61666666666673
2025-04-21 19:30:00,91.28333333333333
2025-04-21 20:00:00,97.6333333333334
2025-04-21 20:30:00,23.26666666666666
2025-04-21 21:00:00,0.0
2025-04-21 21:30:00,0.0
2025-04-21 22:00:00,0.0
2025-04-21 22:30:00,0.0
2025-04-21 23:00:00,0.0
2025-04-21 23:30:00,0.0
2025-04-22 00:00:00,0.0
2025-04-22 00:30:00,0.0
2025-04-22 01:00:00,0.0
2025-04-22 01:30:00,0.0
2025-04-22 02:00:00,0.0
2025-04-22 02:30:00,0.0
2025-04-22 03:00:00,0.0
2025-04-22 03:30:00,0.0
2025-04-22 04:00:00,0.0
2025-04-22 04:30:00,0.0
2025-04-22 05:00:00,0.0
2025-04-22 05:30:00,0.0
2025-04-22 06:00:00,0.0
2025-04-22 06:30:00,0.0
2025-04-22 07:00:00,0.0
2025-04-22 07:30:00,0.0
2025-04-22 08:00:00,0.0
2025-04-22 08:30:00,0.0
2025-04-22 09:00:00,0.0
2025-04-22 09:30:00,0.0
2025-04-22 10:00:00,0.0
2025-04-22 10:30:00,0.0
2025-04-22 11:00:00,0.0
2025-04-22 11:30:00,0.0
2025-04-22 12:00:00,0.0
2025-04-22 12:30:00,0.0
2025-04-22 13:00:00,0.0
2025-04-22 13:30:00,0.0
2025-04-22 14:00:00,0.0
2025-04-22 14:30:00,0.0
2025-04-22 15:00:00,0.0
2025-04-22 15:30:00,0.0
2025-04-22 16:00:00,0.0
2025-04-22 16:30:00,0.0
2025-04-22 17:00:00,0.0
2025-04-22 17:30:00,0.0
2025-04-22 18:00:00,0.0
2025-04-22 18:30:00,0.0
2025-04-22 19:00:00,0.0
2025-04-22 19:30:00,0.0
2025-04-22 20:00:00,0.0
2025-04-22 20:30:00,0.0
2025-04-22 21:00:00,0.0
2025-04-22 21:30:00,0.0
2025-04-22 22:00:00,0.0
2025-04-22 22:30:00,0.0
2025-04-22 23:00:00,0.0
2025-04-22 23:30:00,0.0
2025-04-23 00:00:00,0.0
2025-04-23 00:30:00,0.0
2025-04-23 01:00:00,0.0
2025-04-23 01:30:00,0.0
2025-04-23 02:00:00,0.0
2025-04-23 02:30:00,0.0
2025-04-23 03:00:00,0.0
2025-04-23 03:30:00,0.0
2025-04-23 04:00:00,0.0
2025-04-23 04:30:00,0.0
2025-04-23 05:00:00,0.0
2025-04-23 05:30:00,0.0
2025-04-23 06:00:00,0.0
2025-04-23 06:30:00,0.0
2025-04-23 07:00:00,0.0
2025-04-23 07:30:00,0.0
2025-04-23 08:00:00,0.0
2025-04-23 08:30:00,0.0
2025-04-23 09:00:00,0.0
2025-04-23 09:30:00,0.0
2025-04-23 10:00:00,0.0
2025-04-23 10:30:00,0.0
2025-04-23 11:00:00,0.0
2025-04-23 11:30:00,0.0
2025-04-23 12:00:00,0.0
2025-04-23 12:30:00,0.0
2025-04-23 13:00:00,0.0
2025-04-23 13:30:00,0.0
2025-04-23 14:00:00,0.0
2025-04-23 14:30:00,0.0
2025-04-23 15:00:00,0.0
2025-04-23 15:30:00,0.0
2025-04-23 16:00:00,0.0
2025-04-23 16:30:00,0.0
2025-04-23 17:00:00,0.0
2025-04-23 17:30:00,0.0
2025-04-23 18:00:00,0.0
2025-04-23 18:30:00,0.0
2025-04-23 19:00:00,0.0
2025-04-23 19:30:00,0.0
2025-04-23 20:00:00,0.0
2025-04-23 20:30:00,0.0
2025-04-23 21:00:00,0.0
2025-04-23 21:30:00,0.0
2025-04-23 22:00:00,0.0
2025-04-23 22:30:00,0.0
2025-04-23 23:00:00,0.0
2025-04-23 23:30:00,0.0
2025-04-24 00:00:00,0.0
2025-04-24 00:30:00,0.0
2025-04-24 01:00:00,0.0
2025-04-24 01:30:00,0.0
2025-04-24 02:00:00,0.0
2025-04-24 02:30:00,0.0
2025-04-24 03:00:00,0.0
2025-04-24 03:30:00,0.0
2025-04-24 04:00:00,0.0
2025-04-24 04:30:00,0.0
2025-04-24 05:00:00,0.0
2025-04-24 05:30:00,0.0
2025-04-24 06:00:00,0.0
2025-04-24 06:30:00,0.0
2025-04-24 07:00:00,0.0
2025-04-24 07:30:00,0.0
2025-04-24 08:00:00,0.0
2025-04-24 08:30:00,0.0
2025-04-24 09:00:00,0.0
2025-04-24 09:30:00,0.0
2025-04-24 10:00:00,0.0
2025-04-24 10:30:00,0.0
2025-04-24 11:00:00,0.0
2025-04-24 11:30:00,0.0
2025-04-24 12:00:00,0.0
2025-04-24 12:30:00,0.0
2025-04-24 13:00:00,0.0
2025-04-24 13:30:00,0.0
2025-04-24 14:00:00,0.0
2025-04-24 14:30:00,0.0
2025-04-24 15:00:00,0.0
2025-04-24 15:30:00,0.0
2025-04-24 16:00:00,0.0
2025-04-24 16:30:00,0.0
2025-04-24 17:00:00,0.0
2025-04-24 17:30:00,0.0
2025-04-24 18:00:00,0.0
2025-04-24 18:30:00,0.0
2025-04-24 19:00:00,0.0
2025-04-24 19:30:00,0.0
2025-04-24 20:00:00,0.0
2025-04-24 20:30:00,0.0
2025-04-24 21:00:00,2.666666666666666
2025-04-24 21:30:00,2.1333333333333337
2025-04-24 22:00:00,2.116666666666668
2025-04-24 22:30:00,2.2333333333333343
2025-04-24 23:00:00,2.1
2025-04-24 23:30:00,17.6
2025-04-25 00:00:00,16.88333333333332
2025-04-25 00:30:00,17.583333333333318
2025-04-25 01:00:00,19.933333333333334
2025-04-25 01:30:00,18.43333333333333
2025-04-25 02:00:00,18.299999999999994
2025-04-25 02:30:00,16.816666666666674
2025-04-25 03:00:00,15.966666666666674
2025-04-25 03:30:00,11.450000000000001
2025-04-25 04:00:00,23.266666666666666
2025-04-25 04:30:00,5.149999999999998
2025-04-25 05:00:00,5.166666666666664
2025-04-25 05:30:00,5.733333333333332
2025-04-25 06:00:00,6.15
2025-04-25 06:30:00,6.13333333333334
2025-04-25 07:00:00,6.466666666666668
2025-04-25 07:30:00,14.499999999999995
2025-04-25 08:00:00,26.91666666666666
2025-04-25 08:30:00,34.95
2025-04-25 09:00:00,64.14999999999993
2025-04-25 09:30:00,50.33333333333332
2025-04-25 10:00:00,51.95
2025-04-25 10:30:00,51.933333333333344
2025-04-25 11:00:00,51.1333333333334
2025-04-25 11:30:00,51.13333333333334
2025-04-25 12:00:00,51.11666666666674
2025-04-25 12:30:00,50.81666666666674
2025-04-25 13:00:00,48.43333333333332
2025-04-25 13:30:00,49.383333333333404
2025-04-25 14:00:00,50.16666666666674
2025-04-25 14:30:00,53.9
2025-04-25 15:00:00,105.01666666666654
2025-04-25 15:30:00,70.41666666666654
2025-04-25 16:00:00,111.0333333333334
2025-04-25 16:30:00,77.66666666666674
2025-04-25 17:00:00,75.46666666666661
2025-04-25 17:30:00,56.51666666666672
2025-04-25 18:00:00,40.85
2025-04-25 18:30:00,50.85000000000006
2025-04-25 19:00:00,58.8166666666666
2025-04-25 19:30:00,67.76666666666662
2025-04-25 20:00:00,60.2833333333334
2025-04-25 20:30:00,64.95000000000012
2025-04-25 21:00:00,36.03333333333334
2025-04-25 21:30:00,51.6
2025-04-25 22:00:00,42.71666666666662
2025-04-25 22:30:00,32.283333333333346
2025-04-25 23:00:00,39.96666666666667
2025-04-25 23:30:00,18.19999999999999
2025-04-26 00:00:00,74.03333333333326
2025-04-26 00:30:00,29.81666666666666
2025-04-26 01:00:00,66.09999999999994
2025-04-26 01:30:00,78.33333333333334
2025-04-26 02:00:00,52.11666666666666
2025-04-26 02:30:00,44.83333333333341
2025-04-26 03:00:00,101.9166666666666
2025-04-26 03:30:00,72.88333333333334
2025-04-26 04:00:00,62.75
2025-04-26 04:30:00,49.51666666666666
2025-04-26 05:00:00,124.39999999999999
2025-04-26 05:30:00,87.8166666666666
2025-04-26 06:00:00,107.2
2025-04-26 06:30:00,0.0
2025-04-26 07:00:00,0.0
2025-04-26 07:30:00,45.85
2025-04-26 08:00:00,49.7666666666666
2025-04-26 08:30:00,62.9166666666666
2025-04-26 09:00:00,27.8666666666666
2025-04-26 09:30:00,0.0
2025-04-26 10:00:00,0.0
2025-04-26 10:30:00,0.0
2025-04-26 11:00:00,0.0
2025-04-26 11:30:00,0.0
2025-04-26 12:00:00,0.0
2025-04-26 12:30:00,0.0
2025-04-26 13:00:00,0.0
2025-04-26 13:30:00,0.0
2025-04-26 14:00:00,0.0
2025-04-26 14:30:00,0.0
2025-04-26 15:00:00,0.0
2025-04-26 15:30:00,0.0
2025-04-26 16:00:00,66.25
2025-04-26 16:30:00,15.0
2025-04-26 17:00:00,0.0
2025-04-26 17:30:00,0.0
2025-04-26 18:00:00,0.0
2025-04-26 18:30:00,0.0
2025-04-26 19:00:00,15.35
2025-04-26 19:30:00,108.44999999999979
2025-04-26 20:00:00,18.650000000000002
2025-04-26 20:30:00,70.5333333333334
2025-04-26 21:00:00,61.8833333333334
2025-04-26 21:30:00,214.9333333333336
2025-04-26 22:00:00,58.36666666666674
2025-04-26 22:30:00,105.69166666666666
2025-04-26 23:00:00,84.875
2025-04-26 23:30:00,123.75
2025-04-27 00:00:00,165.16666666666674
2025-04-27 00:30:00,132.7
2025-04-27 01:00:00,71.05000000000008
2025-04-27 01:30:00,112.44999999999999
2025-04-27 02:00:00,163.72499999999994
2025-04-27 02:30:00,95.38333333333328
2025-04-27 03:00:00,142.36666666666673
2025-04-27 03:30:00,256.3333333333336
2025-04-27 04:00:00,124.7833333333334
2025-04-27 04:30:00,124.86666666666665
2025-04-27 05:00:00,73.98333333333326
2025-04-27 05:30:00,260.7000000000002
2025-04-27 06:00:00,103.80000000000008
2025-04-27 06:30:00,51.30000000000002
2025-04-27 07:00:00,263.43333333333317
2025-04-27 07:30:00,96.68333333333334
2025-04-27 08:00:00,67.48333333333326
2025-04-27 08:30:00,310.2833333333334
2025-04-27 09:00:00,92.73333333333328
2025-04-27 09:30:00,87.8
2025-04-27 10:00:00,75.50000000000006
2025-04-27 10:30:00,357.1000000000002
2025-04-27 11:00:00,12.71666666666666
2025-04-27 11:30:00,0.0
2025-04-27 12:00:00,0.0
2025-04-27 12:30:00,0.0
2025-04-27 13:00:00,0.0
2025-04-27 13:30:00,0.0
2025-04-27 14:00:00,0.0
2025-04-27 14:30:00,0.0
2025-04-27 15:00:00,0.0
2025-04-27 15:30:00,0.0
2025-04-27 16:00:00,0.0
2025-04-27 16:30:00,8.499999999999993
2025-04-27 17:00:00,49.48333333333332
2025-04-27 17:30:00,55.70000000000006
2025-04-27 18:00:00,59.83333333333334
2025-04-27 18:30:00,32.21666666666673
2025-04-27 19:00:00,21.550000000000004
2025-04-27 19:30:00,59.16666666666668
2025-04-27 20:00:00,51.96666666666674
2025-04-27 20:30:00,17.73333333333334
2025-04-27 21:00:00,28.683333333333337
2025-04-27 21:30:00,93.08333333333326
2025-04-27 22:00:00,33.683333333333344
2025-04-27 22:30:00,154.7666666666666
2025-04-27 23:00:00,52.61666666666668
2025-04-27 23:30:00,203.9166666666668
2025-04-28 00:00:00,45.51666666666666
2025-04-28 00:30:00,285.3000000000002
2025-04-28 01:00:00,48.43333333333334
2025-04-28 01:30:00,364.7499999999998
2025-04-28 02:00:00,121.71666666666674
2025-04-28 02:30:00,365.7166666666666
2025-04-28 03:00:00,80.64999999999995
2025-04-28 03:30:00,278.5
2025-04-28 04:00:00,73.33333333333346
2025-04-28 04:30:00,126.2333333333332
2025-04-28 05:00:00,37.5
2025-04-28 05:30:00,106.19999999999999
2025-04-28 06:00:00,0.0
2025-04-28 06:30:00,0.0
2025-04-28 07:00:00,0.0
2025-04-28 07:30:00,0.0
2025-04-28 08:00:00,0.0
2025-04-28 08:30:00,0.0
2025-04-28 09:00:00,0.0
2025-04-28 09:30:00,0.0
2025-04-28 10:00:00,0.0
2025-04-28 10:30:00,0.0
2025-04-28 11:00:00,0.0
2025-04-28 11:30:00,0.0
2025-04-28 12:00:00,0.0
2025-04-28 12:30:00,0.0
2025-04-28 13:00:00,0.0
2025-04-28 13:30:00,0.0
2025-04-28 14:00:00,0.0
2025-04-28 14:30:00,0.0
2025-04-28 15:00:00,0.0
2025-04-28 15:30:00,0.0
2025-04-28 16:00:00,0.0
2025-04-28 16:30:00,0.0
2025-04-28 17:00:00,0.0
2025-04-28 17:30:00,0.0
2025-04-28 18:00:00,0.0
2025-04-28 18:30:00,0.0
2025-04-28 19:00:00,0.0
2025-04-28 19:30:00,0.0
2025-04-28 20:00:00,0.0
2025-04-28 20:30:00,0.0
2025-04-28 21:00:00,0.0
2025-04-28 21:30:00,0.0
2025-04-28 22:00:00,0.0
2025-04-28 22:30:00,0.0
2025-04-28 23:00:00,0.0
2025-04-28 23:30:00,0.0
2025-04-29 00:00:00,0.0
2025-04-29 00:30:00,0.0
2025-04-29 01:00:00,0.0
2025-04-29 01:30:00,0.0
2025-04-29 02:00:00,0.0
2025-04-29 02:30:00,0.0
2025-04-29 03:00:00,0.0
2025-04-29 03:30:00,0.0
2025-04-29 04:00:00,0.0
2025-04-29 04:30:00,0.0
2025-04-29 05:00:00,0.0
2025-04-29 05:30:00,0.0
2025-04-29 06:00:00,0.0
2025-04-29 06:30:00,0.0
2025-04-29 07:00:00,0.0
2025-04-29 07:30:00,0.0
2025-04-29 08:00:00,0.0
2025-04-29 08:30:00,0.0
2025-04-29 09:00:00,0.0
2025-04-29 09:30:00,0.0
2025-04-29 10:00:00,0.0
2025-04-29 10:30:00,0.0
2025-04-29 11:00:00,0.0
2025-04-29 11:30:00,0.0
2025-04-29 12:00:00,0.0
2025-04-29 12:30:00,0.0
2025-04-29 13:00:00,0.0
2025-04-29 13:30:00,0.0
2025-04-29 14:00:00,0.0
2025-04-29 14:30:00,0.0
2025-04-29 15:00:00,0.0
2025-04-29 15:30:00,0.0
2025-04-29 16:00:00,0.0
2025-04-29 16:30:00,0.0
2025-04-29 17:00:00,0.0
2025-04-29 17:30:00,0.0
2025-04-29 18:00:00,0.0
2025-04-29 18:30:00,0.0
2025-04-29 19:00:00,0.0
2025-04-29 19:30:00,0.0
2025-04-29 20:00:00,0.0
2025-04-29 20:30:00,0.0
2025-04-29 21:00:00,0.0
2025-04-29 21:30:00,0.0
2025-04-29 22:00:00,0.0
2025-04-29 22:30:00,0.0
2025-04-29 23:00:00,0.0
2025-04-29 23:30:00,0.0
2025-04-30 00:00:00,0.0
2025-04-30 00:30:00,0.0
2025-04-30 01:00:00,0.0
2025-04-30 01:30:00,0.0
2025-04-30 02:00:00,0.0
2025-04-30 02:30:00,0.0
2025-04-30 03:00:00,0.0
2025-04-30 03:30:00,0.0
2025-04-30 04:00:00,0.0
2025-04-30 04:30:00,0.0
2025-04-30 05:00:00,0.0
2025-04-30 05:30:00,0.0
2025-04-30 06:00:00,0.0
2025-04-30 06:30:00,0.0
2025-04-30 07:00:00,0.0
2025-04-30 07:30:00,0.0
2025-04-30 08:00:00,0.0
2025-04-30 08:30:00,0.0
2025-04-30 09:00:00,0.0
2025-04-30 09:30:00,0.0
2025-04-30 10:00:00,0.0
2025-04-30 10:30:00,0.0
2025-04-30 11:00:00,0.0
2025-04-30 11:30:00,0.0
2025-04-30 12:00:00,0.0
2025-04-30 12:30:00,0.0
2025-04-30 13:00:00,0.0
2025-04-30 13:30:00,0.0
2025-04-30 14:00:00,0.0
2025-04-30 14:30:00,0.0
2025-04-30 15:00:00,0.0
2025-04-30 15:30:00,0.0
2025-04-30 16:00:00,0.0
2025-04-30 16:30:00,0.0
2025-04-30 17:00:00,0.0
2025-04-30 17:30:00,0.0
2025-04-30 18:00:00,0.0
2025-04-30 18:30:00,0.0
2025-04-30 19:00:00,0.0
2025-04-30 19:30:00,0.0
2025-04-30 20:00:00,0.0
2025-04-30 20:30:00,0.0
2025-04-30 21:00:00,0.0
2025-04-30 21:30:00,0.0
2025-04-30 22:00:00,0.0
2025-04-30 22:30:00,0.0
2025-04-30 23:00:00,0.0
2025-04-30 23:30:00,0.0
2025-05-01 00:00:00,0.0
2025-05-01 00:30:00,0.0
2025-05-01 01:00:00,0.0
2025-05-01 01:30:00,0.0
2025-05-01 02:00:00,0.0
2025-05-01 02:30:00,0.0
2025-05-01 03:00:00,0.0
2025-05-01 03:30:00,0.0
2025-05-01 04:00:00,0.0
2025-05-01 04:30:00,0.0
2025-05-01 05:00:00,0.0
2025-05-01 05:30:00,0.0
2025-05-01 06:00:00,0.0
2025-05-01 06:30:00,0.0
2025-05-01 07:00:00,0.0
2025-05-01 07:30:00,0.0
2025-05-01 08:00:00,0.0
2025-05-01 08:30:00,0.0
2025-05-01 09:00:00,0.0
2025-05-01 09:30:00,0.0
2025-05-01 10:00:00,0.0
2025-05-01 10:30:00,0.0
2025-05-01 11:00:00,0.0
2025-05-01 11:30:00,0.0
2025-05-01 12:00:00,0.0
2025-05-01 12:30:00,0.0
2025-05-01 13:00:00,0.0
2025-05-01 13:30:00,0.0
2025-05-01 14:00:00,0.0
2025-05-01 14:30:00,0.0
2025-05-01 15:00:00,0.0
2025-05-01 15:30:00,0.0
2025-05-01 16:00:00,0.0
2025-05-01 16:30:00,0.0
2025-05-01 17:00:00,0.0
2025-05-01 17:30:00,0.0
2025-05-01 18:00:00,0.0
2025-05-01 18:30:00,0.0
2025-05-01 19:00:00,0.0
2025-05-01 19:30:00,0.0
2025-05-01 20:00:00,0.0
2025-05-01 20:30:00,0.0
2025-05-01 21:00:00,0.0
2025-05-01 21:30:00,0.0
2025-05-01 22:00:00,0.0
2025-05-01 22:30:00,0.0
2025-05-01 23:00:00,0.0
2025-05-01 23:30:00,0.0
2025-05-02 00:00:00,0.0
2025-05-02 00:30:00,0.0
2025-05-02 01:00:00,0.0
2025-05-02 01:30:00,0.0
2025-05-02 02:00:00,0.0
2025-05-02 02:30:00,0.0
2025-05-02 03:00:00,0.0
2025-05-02 03:30:00,0.0
2025-05-02 04:00:00,0.0
2025-05-02 04:30:00,0.0
2025-05-02 05:00:00,0.0
2025-05-02 05:30:00,0.0
2025-05-02 06:00:00,0.0
2025-05-02 06:30:00,0.0
2025-05-02 07:00:00,0.0
2025-05-02 07:30:00,0.0
2025-05-02 08:00:00,0.0
2025-05-02 08:30:00,0.0
2025-05-02 09:00:00,0.0
2025-05-02 09:30:00,0.0
2025-05-02 10:00:00,0.0
2025-05-02 10:30:00,0.0
2025-05-02 11:00:00,0.0
2025-05-02 11:30:00,0.0
2025-05-02 12:00:00,0.0
2025-05-02 12:30:00,0.0
2025-05-02 13:00:00,0.0
2025-05-02 13:30:00,0.0
2025-05-02 14:00:00,0.0
2025-05-02 14:30:00,0.0
2025-05-02 15:00:00,0.0
2025-05-02 15:30:00,0.0
2025-05-02 16:00:00,0.0
2025-05-02 16:30:00,0.0
2025-05-02 17:00:00,0.0
2025-05-02 17:30:00,0.0
2025-05-02 18:00:00,0.0
2025-05-02 18:30:00,0.0
2025-05-02 19:00:00,0.0
2025-05-02 19:30:00,0.0
2025-05-02 20:00:00,0.0
2025-05-02 20:30:00,0.0
2025-05-02 21:00:00,0.0
2025-05-02 21:30:00,0.0
2025-05-02 22:00:00,0.0
2025-05-02 22:30:00,0.0
2025-05-02 23:00:00,0.0
2025-05-02 23:30:00,0.0
2025-05-03 00:00:00,0.0
2025-05-03 00:30:00,0.0
2025-05-03 01:00:00,0.0
2025-05-03 01:30:00,0.0
2025-05-03 02:00:00,0.0
2025-05-03 02:30:00,0.0
2025-05-03 03:00:00,0.0
2025-05-03 03:30:00,0.0
2025-05-03 04:00:00,0.0
2025-05-03 04:30:00,0.0
2025-05-03 05:00:00,0.0
2025-05-03 05:30:00,0.0
2025-05-03 06:00:00,0.0
2025-05-03 06:30:00,0.0
2025-05-03 07:00:00,0.0
2025-05-03 07:30:00,0.0
2025-05-03 08:00:00,0.0
2025-05-03 08:30:00,0.0
2025-05-03 09:00:00,0.0
2025-05-03 09:30:00,0.0
2025-05-03 10:00:00,0.0
2025-05-03 10:30:00,0.0
2025-05-03 11:00:00,0.0
2025-05-03 11:30:00,0.0
2025-05-03 12:00:00,0.0
2025-05-03 12:30:00,0.0
2025-05-03 13:00:00,0.0
2025-05-03 13:30:00,0.0
2025-05-03 14:00:00,0.0
2025-05-03 14:30:00,0.0
2025-05-03 15:00:00,0.0
2025-05-03 15:30:00,0.0
2025-05-03 16:00:00,0.0
2025-05-03 16:30:00,0.0
2025-05-03 17:00:00,0.0
2025-05-03 17:30:00,0.0
2025-05-03 18:00:00,0.0
2025-05-03 18:30:00,0.0
2025-05-03 19:00:00,0.0
2025-05-03 19:30:00,0.0
2025-05-03 20:00:00,0.0
2025-05-03 20:30:00,0.0
2025-05-03 21:00:00,0.0
2025-05-03 21:30:00,0.0
2025-05-03 22:00:00,0.0
2025-05-03 22:30:00,0.0
2025-05-03 23:00:00,0.0
2025-05-03 23:30:00,0.0
2025-05-04 00:00:00,0.0
2025-05-04 00:30:00,0.0
2025-05-04 01:00:00,0.0
2025-05-04 01:30:00,0.0
2025-05-04 02:00:00,0.0
2025-05-04 02:30:00,0.0
2025-05-04 03:00:00,0.0
2025-05-04 03:30:00,0.0
2025-05-04 04:00:00,0.0
2025-05-04 04:30:00,0.0
2025-05-04 05:00:00,0.0
2025-05-04 05:30:00,0.0
2025-05-04 06:00:00,0.0
2025-05-04 06:30:00,0.0
2025-05-04 07:00:00,0.0
2025-05-04 07:30:00,0.0
2025-05-04 08:00:00,0.0
2025-05-04 08:30:00,0.0
2025-05-04 09:00:00,0.0
2025-05-04 09:30:00,0.0
2025-05-04 10:00:00,0.0
2025-05-04 10:30:00,0.0
2025-05-04 11:00:00,0.0
2025-05-04 11:30:00,0.0
2025-05-04 12:00:00,0.0
2025-05-04 12:30:00,0.0
2025-05-04 13:00:00,0.0
2025-05-04 13:30:00,0.0
2025-05-04 14:00:00,0.0
2025-05-04 14:30:00,0.0
2025-05-04 15:00:00,0.0
2025-05-04 15:30:00,0.0
2025-05-04 16:00:00,0.0
2025-05-04 16:30:00,0.0
2025-05-04 17:00:00,0.0
2025-05-04 17:30:00,0.0
2025-05-04 18:00:00,0.0
2025-05-04 18:30:00,0.0
2025-05-04 19:00:00,0.0
2025-05-04 19:30:00,0.0
2025-05-04 20:00:00,0.0
2025-05-04 20:30:00,0.0
2025-05-04 21:00:00,0.0
2025-05-04 21:30:00,0.0
2025-05-04 22:00:00,0.0
2025-05-04 22:30:00,0.0
2025-05-04 23:00:00,0.0
2025-05-04 23:30:00,0.0
2025-05-05 00:00:00,0.0
2025-05-05 00:30:00,0.0
2025-05-05 01:00:00,0.0
2025-05-05 01:30:00,0.0
2025-05-05 02:00:00,0.0
2025-05-05 02:30:00,0.0
2025-05-05 03:00:00,0.0
2025-05-05 03:30:00,0.0
2025-05-05 04:00:00,0.0
2025-05-05 04:30:00,0.0
2025-05-05 05:00:00,0.0
2025-05-05 05:30:00,0.0
2025-05-05 06:00:00,0.0
2025-05-05 06:30:00,0.0
2025-05-05 07:00:00,0.0
2025-05-05 07:30:00,0.0
2025-05-05 08:00:00,0.0
2025-05-05 08:30:00,0.0
2025-05-05 09:00:00,0.0
2025-05-05 09:30:00,0.0
2025-05-05 10:00:00,0.0
2025-05-05 10:30:00,0.0
2025-05-05 11:00:00,0.0
2025-05-05 11:30:00,0.0
2025-05-05 12:00:00,0.0
2025-05-05 12:30:00,0.0
2025-05-05 13:00:00,0.0
2025-05-05 13:30:00,0.0
2025-05-05 14:00:00,0.0
2025-05-05 14:30:00,0.0
2025-05-05 15:00:00,0.0
2025-05-05 15:30:00,0.0
2025-05-05 16:00:00,0.0
2025-05-05 16:30:00,0.0
2025-05-05 17:00:00,0.0
2025-05-05 17:30:00,0.0
2025-05-05 18:00:00,0.0
2025-05-05 18:30:00,0.0
2025-05-05 19:00:00,0.0
2025-05-05 19:30:00,0.0
2025-05-05 20:00:00,0.0
2025-05-05 20:30:00,0.0
2025-05-05 21:00:00,0.0
2025-05-05 21:30:00,0.0
2025-05-05 22:00:00,0.0
2025-05-05 22:30:00,0.0
2025-05-05 23:00:00,0.0
2025-05-05 23:30:00,0.0
2025-05-06 00:00:00,0.0
2025-05-06 00:30:00,0.0
2025-05-06 01:00:00,0.0
2025-05-06 01:30:00,0.0
2025-05-06 02:00:00,0.0
2025-05-06 02:30:00,0.0
2025-05-06 03:00:00,0.0
2025-05-06 03:30:00,0.0
2025-05-06 04:00:00,0.0
2025-05-06 04:30:00,0.0
2025-05-06 05:00:00,0.0
2025-05-06 05:30:00,0.0
2025-05-06 06:00:00,0.0
2025-05-06 06:30:00,0.0
2025-05-06 07:00:00,0.0
2025-05-06 07:30:00,0.0
2025-05-06 08:00:00,0.0
2025-05-06 08:30:00,0.0
2025-05-06 09:00:00,0.0
2025-05-06 09:30:00,0.0
2025-05-06 10:00:00,0.0
2025-05-06 10:30:00,0.0
2025-05-06 11:00:00,0.0
2025-05-06 11:30:00,0.0
2025-05-06 12:00:00,0.0
2025-05-06 12:30:00,0.0
2025-05-06 13:00:00,0.0
2025-05-06 13:30:00,0.0
2025-05-06 14:00:00,0.0
2025-05-06 14:30:00,0.0
2025-05-06 15:00:00,0.0
2025-05-06 15:30:00,0.0
2025-05-06 16:00:00,0.0
2025-05-06 16:30:00,0.0
2025-05-06 17:00:00,0.0
2025-05-06 17:30:00,0.0
2025-05-06 18:00:00,0.0
2025-05-06 18:30:00,0.0
2025-05-06 19:00:00,0.0
2025-05-06 19:30:00,0.0
2025-05-06 20:00:00,0.0
2025-05-06 20:30:00,0.0
2025-05-06 21:00:00,0.0
2025-05-06 21:30:00,0.0
2025-05-06 22:00:00,0.0
2025-05-06 22:30:00,0.0
2025-05-06 23:00:00,0.0
2025-05-06 23:30:00,0.0
2025-05-07 00:00:00,0.0
2025-05-07 00:30:00,0.0
2025-05-07 01:00:00,0.0
2025-05-07 01:30:00,0.0
2025-05-07 02:00:00,0.0
2025-05-07 02:30:00,0.0
2025-05-07 03:00:00,0.0
2025-05-07 03:30:00,0.0
2025-05-07 04:00:00,0.0
2025-05-07 04:30:00,0.0
2025-05-07 05:00:00,0.0
2025-05-07 05:30:00,0.0
2025-05-07 06:00:00,0.0
2025-05-07 06:30:00,0.0
2025-05-07 07:00:00,0.0
2025-05-07 07:30:00,0.0
2025-05-07 08:00:00,0.0
2025-05-07 08:30:00,0.0
2025-05-07 09:00:00,0.0
2025-05-07 09:30:00,0.0
2025-05-07 10:00:00,0.0
2025-05-07 10:30:00,0.0
2025-05-07 11:00:00,0.0
2025-05-07 11:30:00,0.0
2025-05-07 12:00:00,0.0
2025-05-07 12:30:00,0.0
2025-05-07 13:00:00,0.0
2025-05-07 13:30:00,0.0
2025-05-07 14:00:00,0.0
2025-05-07 14:30:00,0.0
2025-05-07 15:00:00,0.0
2025-05-07 15:30:00,0.0
2025-05-07 16:00:00,0.0
2025-05-07 16:30:00,0.0
2025-05-07 17:00:00,0.0
2025-05-07 17:30:00,0.0
2025-05-07 18:00:00,0.0
2025-05-07 18:30:00,0.0
2025-05-07 19:00:00,0.0
2025-05-07 19:30:00,0.0
2025-05-07 20:00:00,0.0
2025-05-07 20:30:00,0.0
2025-05-07 21:00:00,0.0
2025-05-07 21:30:00,0.0
2025-05-07 22:00:00,0.0
2025-05-07 22:30:00,0.0
2025-05-07 23:00:00,0.0
2025-05-07 23:30:00,0.0
2025-05-08 00:00:00,0.0
2025-05-08 00:30:00,0.0
2025-05-08 01:00:00,0.0
2025-05-08 01:30:00,0.0
2025-05-08 02:00:00,0.0
2025-05-08 02:30:00,0.0
2025-05-08 03:00:00,0.0
2025-05-08 03:30:00,0.0
2025-05-08 04:00:00,0.0
2025-05-08 04:30:00,0.0
2025-05-08 05:00:00,0.0
2025-05-08 05:30:00,0.0
2025-05-08 06:00:00,0.0
2025-05-08 06:30:00,0.0
2025-05-08 07:00:00,0.0
2025-05-08 07:30:00,0.0
2025-05-08 08:00:00,0.0
2025-05-08 08:30:00,0.0
2025-05-08 09:00:00,0.0
2025-05-08 09:30:00,0.0
2025-05-08 10:00:00,0.0
2025-05-08 10:30:00,0.0
2025-05-08 11:00:00,0.0
2025-05-08 11:30:00,0.0
2025-05-08 12:00:00,0.0
2025-05-08 12:30:00,0.0
2025-05-08 13:00:00,0.0
2025-05-08 13:30:00,0.0
2025-05-08 14:00:00,0.0
2025-05-08 14:30:00,0.0
2025-05-08 15:00:00,0.0
2025-05-08 15:30:00,0.0
2025-05-08 16:00:00,0.0
2025-05-08 16:30:00,0.0
2025-05-08 17:00:00,0.0
2025-05-08 17:30:00,0.0
2025-05-08 18:00:00,0.0
2025-05-08 18:30:00,0.0
2025-05-08 19:00:00,0.0
2025-05-08 19:30:00,0.0
2025-05-08 20:00:00,0.0
2025-05-08 20:30:00,0.0
2025-05-08 21:00:00,0.0
2025-05-08 21:30:00,0.0
2025-05-08 22:00:00,0.0
2025-05-08 22:30:00,0.0
2025-05-08 23:00:00,0.0
2025-05-08 23:30:00,0.0
2025-05-09 00:00:00,0.0
2025-05-09 00:30:00,0.0
2025-05-09 01:00:00,0.0
2025-05-09 01:30:00,0.0
2025-05-09 02:00:00,0.0
2025-05-09 02:30:00,0.0
2025-05-09 03:00:00,0.0
2025-05-09 03:30:00,0.0
2025-05-09 04:00:00,0.0
2025-05-09 04:30:00,0.0
2025-05-09 05:00:00,0.0
2025-05-09 05:30:00,0.0
2025-05-09 06:00:00,0.0
2025-05-09 06:30:00,0.0
2025-05-09 07:00:00,0.0
2025-05-09 07:30:00,0.0
2025-05-09 08:00:00,0.0
2025-05-09 08:30:00,0.0
2025-05-09 09:00:00,0.0
2025-05-09 09:30:00,0.0
2025-05-09 10:00:00,0.0
2025-05-09 10:30:00,0.0
2025-05-09 11:00:00,0.0
2025-05-09 11:30:00,0.0
2025-05-09 12:00:00,0.0
2025-05-09 12:30:00,0.0
2025-05-09 13:00:00,0.0
2025-05-09 13:30:00,0.0
2025-05-09 14:00:00,0.0
2025-05-09 14:30:00,0.0
2025-05-09 15:00:00,0.0
2025-05-09 15:30:00,0.0
2025-05-09 16:00:00,0.0
2025-05-09 16:30:00,0.0
2025-05-09 17:00:00,0.0
2025-05-09 17:30:00,0.0
2025-05-09 18:00:00,0.0
2025-05-09 18:30:00,0.0
2025-05-09 19:00:00,0.0
2025-05-09 19:30:00,0.0
2025-05-09 20:00:00,0.0
2025-05-09 20:30:00,0.0
2025-05-09 21:00:00,0.0
2025-05-09 21:30:00,0.0
2025-05-09 22:00:00,0.0
2025-05-09 22:30:00,0.0
2025-05-09 23:00:00,0.0
2025-05-09 23:30:00,0.0
2025-05-10 00:00:00,0.0
2025-05-10 00:30:00,0.0
2025-05-10 01:00:00,0.0
2025-05-10 01:30:00,0.0
2025-05-10 02:00:00,0.0
2025-05-10 02:30:00,0.0
2025-05-10 03:00:00,0.0
2025-05-10 03:30:00,0.0
2025-05-10 04:00:00,0.0
2025-05-10 04:30:00,0.0
2025-05-10 05:00:00,0.0
2025-05-10 05:30:00,0.0
2025-05-10 06:00:00,0.0
2025-05-10 06:30:00,0.0
2025-05-10 07:00:00,0.0
2025-05-10 07:30:00,0.0
2025-05-10 08:00:00,0.0
2025-05-10 08:30:00,0.0
2025-05-10 09:00:00,0.0
2025-05-10 09:30:00,0.0
2025-05-10 10:00:00,0.0
2025-05-10 10:30:00,0.0
2025-05-10 11:00:00,0.0
2025-05-10 11:30:00,0.0
2025-05-10 12:00:00,0.0
2025-05-10 12:30:00,0.0
2025-05-10 13:00:00,0.0
2025-05-10 13:30:00,0.0
2025-05-10 14:00:00,0.0
2025-05-10 14:30:00,0.0
2025-05-10 15:00:00,0.0
2025-05-10 15:30:00,0.0
2025-05-10 16:00:00,0.0
2025-05-10 16:30:00,0.0
2025-05-10 17:00:00,0.0
2025-05-10 17:30:00,0.0
2025-05-10 18:00:00,0.0
2025-05-10 18:30:00,91.76666666666645
2025-05-10 19:00:00,8.35
2025-05-10 19:30:00,0.0
2025-05-10 20:00:00,0.0
2025-05-10 20:30:00,0.0
2025-05-10 21:00:00,0.0
2025-05-10 21:30:00,0.0
2025-05-10 22:00:00,0.0
2025-05-10 22:30:00,0.0
2025-05-10 23:00:00,0.0
2025-05-10 23:30:00,0.0
2025-05-11 00:00:00,0.0
2025-05-11 00:30:00,0.0
2025-05-11 01:00:00,0.0
2025-05-11 01:30:00,0.0
2025-05-11 02:00:00,0.0
2025-05-11 02:30:00,0.0
2025-05-11 03:00:00,0.0
2025-05-11 03:30:00,0.0
2025-05-11 04:00:00,12.783333333333339
2025-05-11 04:30:00,30.81666666666666
2025-05-11 05:00:00,34.66666666666666
2025-05-11 05:30:00,43.45
2025-05-11 06:00:00,56.41666666666668
2025-05-11 06:30:00,66.76666666666668
2025-05-11 07:00:00,74.73333333333332
2025-05-11 07:30:00,70.36666666666666
2025-05-11 08:00:00,0.0
2025-05-11 08:30:00,0.0
2025-05-11 09:00:00,0.0
2025-05-11 09:30:00,0.0
2025-05-11 10:00:00,0.0
2025-05-11 10:30:00,0.0
2025-05-11 11:00:00,0.0
2025-05-11 11:30:00,0.0
2025-05-11 12:00:00,0.0
2025-05-11 12:30:00,0.0
2025-05-11 13:00:00,0.0
2025-05-11 13:30:00,0.0
2025-05-11 14:00:00,0.0
2025-05-11 14:30:00,0.0
2025-05-11 15:00:00,0.0
2025-05-11 15:30:00,0.0
2025-05-11 16:00:00,59.9
2025-05-11 16:30:00,24.78333333333334
2025-05-11 17:00:00,0.7
2025-05-11 17:30:00,0.0
2025-05-11 18:00:00,0.0
2025-05-11 18:30:00,0.0
2025-05-11 19:00:00,0.0
2025-05-11 19:30:00,0.0
2025-05-11 20:00:00,0.0
2025-05-11 20:30:00,0.0
2025-05-11 21:00:00,0.0
2025-05-11 21:30:00,0.0
2025-05-11 22:00:00,0.0
2025-05-11 22:30:00,0.0
2025-05-11 23:00:00,0.0
2025-05-11 23:30:00,0.0
2025-05-12 00:00:00,0.0
2025-05-12 00:30:00,0.0
2025-05-12 01:00:00,0.0
2025-05-12 01:30:00,0.0
2025-05-12 02:00:00,0.0
2025-05-12 02:30:00,0.0
2025-05-12 03:00:00,0.0
2025-05-12 03:30:00,0.0
2025-05-12 04:00:00,0.0
2025-05-12 04:30:00,0.0
2025-05-12 05:00:00,0.0
2025-05-12 05:30:00,0.0
2025-05-12 06:00:00,0.0
2025-05-12 06:30:00,0.0
2025-05-12 07:00:00,0.0
2025-05-12 07:30:00,0.0
2025-05-12 08:00:00,0.0
2025-05-12 08:30:00,0.0
2025-05-12 09:00:00,0.0
2025-05-12 09:30:00,0.0
2025-05-12 10:00:00,0.0
2025-05-12 10:30:00,0.0
2025-05-12 11:00:00,0.0
2025-05-12 11:30:00,0.0
2025-05-12 12:00:00,0.0
2025-05-12 12:30:00,0.0
2025-05-12 13:00:00,0.0
2025-05-12 13:30:00,0.0
2025-05-12 14:00:00,0.0
2025-05-12 14:30:00,0.0
2025-05-12 15:00:00,0.0
2025-05-12 15:30:00,0.0
2025-05-12 16:00:00,0.0
2025-05-12 16:30:00,0.0
2025-05-12 17:00:00,0.0
2025-05-12 17:30:00,0.0
2025-05-12 18:00:00,0.0
2025-05-12 18:30:00,0.0
2025-05-12 19:00:00,0.0
2025-05-12 19:30:00,0.0
2025-05-12 20:00:00,0.0
2025-05-12 20:30:00,0.0
2025-05-12 21:00:00,0.0
2025-05-12 21:30:00,0.0
2025-05-12 22:00:00,0.0
2025-05-12 22:30:00,0.0
2025-05-12 23:00:00,0.0
2025-05-12 23:30:00,0.0
2025-05-13 00:00:00,0.0
2025-05-13 00:30:00,0.0
2025-05-13 01:00:00,0.0
2025-05-13 01:30:00,0.0
2025-05-13 02:00:00,0.0
2025-05-13 02:30:00,0.0
2025-05-13 03:00:00,0.0
2025-05-13 03:30:00,0.0
2025-05-13 04:00:00,0.0
2025-05-13 04:30:00,0.0
2025-05-13 05:00:00,0.0
2025-05-13 05:30:00,0.0
2025-05-13 06:00:00,0.0
2025-05-13 06:30:00,0.0
2025-05-13 07:00:00,0.0
2025-05-13 07:30:00,0.0
2025-05-13 08:00:00,0.0
2025-05-13 08:30:00,0.0
2025-05-13 09:00:00,0.0
2025-05-13 09:30:00,0.0
2025-05-13 10:00:00,0.0
2025-05-13 10:30:00,0.0
2025-05-13 11:00:00,0.0
2025-05-13 11:30:00,0.0
2025-05-13 12:00:00,0.0
2025-05-13 12:30:00,0.0
2025-05-13 13:00:00,0.0
2025-05-13 13:30:00,0.0
2025-05-13 14:00:00,0.0
2025-05-13 14:30:00,0.0
2025-05-13 15:00:00,0.0
2025-05-13 15:30:00,0.0
2025-05-13 16:00:00,0.0
2025-05-13 16:30:00,0.0
2025-05-13 17:00:00,0.0
2025-05-13 17:30:00,0.0
2025-05-13 18:00:00,0.0
2025-05-13 18:30:00,0.0
2025-05-13 19:00:00,0.0
2025-05-13 19:30:00,0.0
2025-05-13 20:00:00,0.0
2025-05-13 20:30:00,0.0
2025-05-13 21:00:00,0.0
2025-05-13 21:30:00,0.0
2025-05-13 22:00:00,0.0
2025-05-13 22:30:00,0.0
2025-05-13 23:00:00,0.0
2025-05-13 23:30:00,0.0
2025-05-14 00:00:00,0.0
2025-05-14 00:30:00,0.0
2025-05-14 01:00:00,0.0
2025-05-14 01:30:00,0.0
2025-05-14 02:00:00,0.0
2025-05-14 02:30:00,0.0
2025-05-14 03:00:00,0.0
2025-05-14 03:30:00,0.0
2025-05-14 04:00:00,0.0
2025-05-14 04:30:00,0.0
2025-05-14 05:00:00,0.0
2025-05-14 05:30:00,0.0
2025-05-14 06:00:00,0.0
2025-05-14 06:30:00,0.0
2025-05-14 07:00:00,0.0
2025-05-14 07:30:00,0.0
2025-05-14 08:00:00,0.0
2025-05-14 08:30:00,0.0
2025-05-14 09:00:00,0.0
2025-05-14 09:30:00,0.0
2025-05-14 10:00:00,0.0
2025-05-14 10:30:00,0.0
2025-05-14 11:00:00,0.0
2025-05-14 11:30:00,0.0
2025-05-14 12:00:00,0.0
2025-05-14 12:30:00,0.0
2025-05-14 13:00:00,0.0
2025-05-14 13:30:00,0.0
2025-05-14 14:00:00,0.0
2025-05-14 14:30:00,0.0
2025-05-14 15:00:00,0.0
2025-05-14 15:30:00,0.0
2025-05-14 16:00:00,0.0
2025-05-14 16:30:00,0.0
2025-05-14 17:00:00,0.0
2025-05-14 17:30:00,0.0
2025-05-14 18:00:00,0.0
2025-05-14 18:30:00,0.0
2025-05-14 19:00:00,0.0
2025-05-14 19:30:00,0.0
2025-05-14 20:00:00,0.0
2025-05-14 20:30:00,0.0
2025-05-14 21:00:00,0.0
2025-05-14 21:30:00,0.0
2025-05-14 22:00:00,0.0
2025-05-14 22:30:00,0.0
2025-05-14 23:00:00,0.0
2025-05-14 23:30:00,0.0
2025-05-15 00:00:00,0.0
2025-05-15 00:30:00,0.0
2025-05-15 01:00:00,0.0
2025-05-15 01:30:00,0.0
2025-05-15 02:00:00,0.0
2025-05-15 02:30:00,0.0
2025-05-15 03:00:00,0.0
2025-05-15 03:30:00,0.0
2025-05-15 04:00:00,0.0
2025-05-15 04:30:00,0.0
2025-05-15 05:00:00,0.0
2025-05-15 05:30:00,0.0
2025-05-15 06:00:00,0.0
2025-05-15 06:30:00,0.0
2025-05-15 07:00:00,0.0
2025-05-15 07:30:00,0.0
2025-05-15 08:00:00,0.0
2025-05-15 08:30:00,0.0
2025-05-15 09:00:00,0.0
2025-05-15 09:30:00,0.0
2025-05-15 10:00:00,0.0
2025-05-15 10:30:00,0.0
2025-05-15 11:00:00,0.0
2025-05-15 11:30:00,0.0
2025-05-15 12:00:00,0.0
2025-05-15 12:30:00,0.0
2025-05-15 13:00:00,0.0
2025-05-15 13:30:00,0.0
2025-05-15 14:00:00,0.0
2025-05-15 14:30:00,0.0
2025-05-15 15:00:00,0.0
2025-05-15 15:30:00,0.0
2025-05-15 16:00:00,0.0
2025-05-15 16:30:00,0.0
2025-05-15 17:00:00,0.0
2025-05-15 17:30:00,0.0
2025-05-15 18:00:00,0.0
2025-05-15 18:30:00,0.0
2025-05-15 19:00:00,0.0
2025-05-15 19:30:00,0.0
2025-05-15 20:00:00,0.0
2025-05-15 20:30:00,0.0
2025-05-15 21:00:00,0.0
2025-05-15 21:30:00,0.0
2025-05-15 22:00:00,0.0
2025-05-15 22:30:00,0.0
2025-05-15 23:00:00,0.0
2025-05-15 23:30:00,0.0
2025-05-16 00:00:00,0.0
2025-05-16 00:30:00,0.0
2025-05-16 01:00:00,0.0
2025-05-16 01:30:00,0.0
2025-05-16 02:00:00,0.0
2025-05-16 02:30:00,0.0
2025-05-16 03:00:00,0.0
2025-05-16 03:30:00,0.0
2025-05-16 04:00:00,0.0
2025-05-16 04:30:00,0.0
2025-05-16 05:00:00,0.0
2025-05-16 05:30:00,0.0
2025-05-16 06:00:00,0.0
2025-05-16 06:30:00,0.0
2025-05-16 07:00:00,0.0
2025-05-16 07:30:00,0.0
2025-05-16 08:00:00,0.0
2025-05-16 08:30:00,0.0
2025-05-16 09:00:00,0.0
2025-05-16 09:30:00,0.0
2025-05-16 10:00:00,0.0
2025-05-16 10:30:00,0.0
2025-05-16 11:00:00,0.0
2025-05-16 11:30:00,0.0
2025-05-16 12:00:00,0.0
2025-05-16 12:30:00,0.0
2025-05-16 13:00:00,0.0
2025-05-16 13:30:00,0.0
2025-05-16 14:00:00,0.0
2025-05-16 14:30:00,0.0
2025-05-16 15:00:00,0.0
2025-05-16 15:30:00,0.0
2025-05-16 16:00:00,0.0
2025-05-16 16:30:00,0.0
2025-05-16 17:00:00,0.0
2025-05-16 17:30:00,0.0
2025-05-16 18:00:00,0.0
2025-05-16 18:30:00,0.0
2025-05-16 19:00:00,0.0
2025-05-16 19:30:00,0.0
2025-05-16 20:00:00,0.0
2025-05-16 20:30:00,37.86666666666668
2025-05-16 21:00:00,21.91666666666666
2025-05-16 21:30:00,9.65
2025-05-16 22:00:00,69.1833333333332
2025-05-16 22:30:00,10.93333333333334
2025-05-16 23:00:00,0.0
2025-05-16 23:30:00,0.0
2025-05-17 00:00:00,0.0
2025-05-17 00:30:00,0.0
2025-05-17 01:00:00,0.0
2025-05-17 01:30:00,0.0
2025-05-17 02:00:00,0.0
2025-05-17 02:30:00,0.0
2025-05-17 03:00:00,0.0
2025-05-17 03:30:00,0.0
2025-05-17 04:00:00,0.0
2025-05-17 04:30:00,0.0
2025-05-17 05:00:00,0.0
2025-05-17 05:30:00,0.0
2025-05-17 06:00:00,0.0
2025-05-17 06:30:00,0.0
2025-05-17 07:00:00,0.0
2025-05-17 07:30:00,0.0
2025-05-17 08:00:00,0.0
2025-05-17 08:30:00,0.0
2025-05-17 09:00:00,0.0
2025-05-17 09:30:00,0.0
2025-05-17 10:00:00,0.0
2025-05-17 10:30:00,0.0
2025-05-17 11:00:00,0.0
2025-05-17 11:30:00,0.0
2025-05-17 12:00:00,0.0
2025-05-17 12:30:00,0.0
2025-05-17 13:00:00,0.0
2025-05-17 13:30:00,0.0
2025-05-17 14:00:00,0.0
2025-05-17 14:30:00,0.0
2025-05-17 15:00:00,0.0
2025-05-17 15:30:00,0.0
2025-05-17 16:00:00,0.0
2025-05-17 16:30:00,0.0
2025-05-17 17:00:00,0.0
2025-05-17 17:30:00,0.0
2025-05-17 18:00:00,0.0
2025-05-17 18:30:00,0.0
2025-05-17 19:00:00,0.0
2025-05-17 19:30:00,0.0
2025-05-17 20:00:00,0.0
2025-05-17 20:30:00,0.0
2025-05-17 21:00:00,0.0
2025-05-17 21:30:00,0.0
2025-05-17 22:00:00,0.0
2025-05-17 22:30:00,0.0
2025-05-17 23:00:00,0.0
2025-05-17 23:30:00,0.0
2025-05-18 00:00:00,0.0
2025-05-18 00:30:00,0.0
2025-05-18 01:00:00,7.6
2025-05-18 01:30:00,74.43333333333334
2025-05-18 02:00:00,80.58333333333331
2025-05-18 02:30:00,81.91666666666671
2025-05-18 03:00:00,83.1166666666666
2025-05-18 03:30:00,86.13333333333334
2025-05-18 04:00:00,88.58333333333326
2025-05-18 04:30:00,94.26666666666674
2025-05-18 05:00:00,98.29999999999994
2025-05-18 05:30:00,81.1833333333332
2025-05-18 06:00:00,71.4
2025-05-18 06:30:00,177.08333333333331
2025-05-18 07:00:00,222.44999999999985
2025-05-18 07:30:00,225.91666666666666
2025-05-18 08:00:00,243.2
2025-05-18 08:30:00,245.9666666666668
2025-05-18 09:00:00,179.70000000000005
2025-05-18 09:30:00,207.11666666666673
2025-05-18 10:00:00,214.40000000000006
2025-05-18 10:30:00,212.20000000000016
2025-05-18 11:00:00,116.05
2025-05-18 11:30:00,235.20000000000005
2025-05-18 12:00:00,167.84999999999994
2025-05-18 12:30:00,206.09999999999994
2025-05-18 13:00:00,207.25
2025-05-18 13:30:00,196.98333333333326
2025-05-18 14:00:00,108.11666666666666
2025-05-18 14:30:00,108.25
2025-05-18 15:00:00,45.4666666666666
2025-05-18 15:30:00,87.6833333333334
2025-05-18 16:00:00,87.0333333333334
2025-05-18 16:30:00,84.2833333333334
2025-05-18 17:00:00,80.6833333333334
2025-05-18 17:30:00,76.9166666666666
2025-05-18 18:00:00,66.13333333333328
2025-05-18 18:30:00,145.15
2025-05-18 19:00:00,172.8333333333334
2025-05-18 19:30:00,162.7
2025-05-18 20:00:00,165.4166666666668
2025-05-18 20:30:00,155.7000000000002
2025-05-18 21:00:00,141.9333333333336
2025-05-18 21:30:00,130.3666666666666
2025-05-18 22:00:00,115.94999999999999
2025-05-18 22:30:00,51.533333333333395
2025-05-18 23:00:00,0.0
2025-05-18 23:30:00,0.0
2025-05-19 00:00:00,0.0
2025-05-19 00:30:00,0.0
2025-05-19 01:00:00,0.0
2025-05-19 01:30:00,0.0
2025-05-19 02:00:00,0.0
2025-05-19 02:30:00,0.0
2025-05-19 03:00:00,0.0
2025-05-19 03:30:00,0.0
2025-05-19 04:00:00,0.0
2025-05-19 04:30:00,0.0
2025-05-19 05:00:00,0.0
2025-05-19 05:30:00,0.0
2025-05-19 06:00:00,0.0
2025-05-19 06:30:00,0.0
2025-05-19 07:00:00,0.0
2025-05-19 07:30:00,0.0
2025-05-19 08:00:00,0.0
2025-05-19 08:30:00,0.0
2025-05-19 09:00:00,0.0
2025-05-19 09:30:00,0.0
2025-05-19 10:00:00,0.0
2025-05-19 10:30:00,0.0
2025-05-19 11:00:00,0.0
2025-05-19 11:30:00,0.0
2025-05-19 12:00:00,0.0
2025-05-19 12:30:00,0.0
2025-05-19 13:00:00,0.0
2025-05-19 13:30:00,0.0
2025-05-19 14:00:00,0.0
2025-05-19 14:30:00,0.0
2025-05-19 15:00:00,0.0
2025-05-19 15:30:00,0.0
2025-05-19 16:00:00,0.0
2025-05-19 16:30:00,0.0
2025-05-19 17:00:00,0.0
2025-05-19 17:30:00,0.0
2025-05-19 18:00:00,0.0
2025-05-19 18:30:00,0.0
2025-05-19 19:00:00,0.0
2025-05-19 19:30:00,0.0
2025-05-19 20:00:00,0.0
2025-05-19 20:30:00,0.0
2025-05-19 21:00:00,0.0
2025-05-19 21:30:00,0.0
2025-05-19 22:00:00,0.0
2025-05-19 22:30:00,0.0
2025-05-19 23:00:00,0.0
2025-05-19 23:30:00,0.0
2025-05-20 00:00:00,0.0
2025-05-20 00:30:00,0.0
2025-05-20 01:00:00,0.0
2025-05-20 01:30:00,0.0
2025-05-20 02:00:00,0.0
2025-05-20 02:30:00,0.0
2025-05-20 03:00:00,0.0
2025-05-20 03:30:00,0.0
2025-05-20 04:00:00,0.0
2025-05-20 04:30:00,0.0
2025-05-20 05:00:00,0.0
2025-05-20 05:30:00,0.0
2025-05-20 06:00:00,0.0
2025-05-20 06:30:00,0.0
2025-05-20 07:00:00,0.0
2025-05-20 07:30:00,0.0
2025-05-20 08:00:00,0.0
2025-05-20 08:30:00,0.0
2025-05-20 09:00:00,0.0
2025-05-20 09:30:00,0.0
2025-05-20 10:00:00,0.0
2025-05-20 10:30:00,0.0
2025-05-20 11:00:00,0.0
2025-05-20 11:30:00,0.0
2025-05-20 12:00:00,0.0
2025-05-20 12:30:00,0.0
2025-05-20 13:00:00,0.0
2025-05-20 13:30:00,0.0
2025-05-20 14:00:00,0.0
2025-05-20 14:30:00,0.0
2025-05-20 15:00:00,0.0
2025-05-20 15:30:00,0.0
2025-05-20 16:00:00,0.0
2025-05-20 16:30:00,0.0
2025-05-20 17:00:00,0.0
2025-05-20 17:30:00,0.0
2025-05-20 18:00:00,0.0
2025-05-20 18:30:00,0.0
2025-05-20 19:00:00,0.0
2025-05-20 19:30:00,0.0
2025-05-20 20:00:00,0.0
2025-05-20 20:30:00,0.0
2025-05-20 21:00:00,0.0
2025-05-20 21:30:00,0.0
2025-05-20 22:00:00,0.0
2025-05-20 22:30:00,0.0
2025-05-20 23:00:00,0.0
2025-05-20 23:30:00,0.0
2025-05-21 00:00:00,0.0
2025-05-21 00:30:00,0.0
2025-05-21 01:00:00,0.0
2025-05-21 01:30:00,0.0
2025-05-21 02:00:00,0.0
2025-05-21 02:30:00,0.0
2025-05-21 03:00:00,0.0
2025-05-21 03:30:00,0.0
2025-05-21 04:00:00,0.0
2025-05-21 04:30:00,0.0
2025-05-21 05:00:00,0.0
2025-05-21 05:30:00,0.0
2025-05-21 06:00:00,0.0
2025-05-21 06:30:00,0.0
2025-05-21 07:00:00,0.0
2025-05-21 07:30:00,0.0
2025-05-21 08:00:00,0.0
2025-05-21 08:30:00,0.0
2025-05-21 09:00:00,0.0
2025-05-21 09:30:00,0.0
2025-05-21 10:00:00,0.0
2025-05-21 10:30:00,0.0
2025-05-21 11:00:00,0.0
2025-05-21 11:30:00,0.0
2025-05-21 12:00:00,0.0
2025-05-21 12:30:00,0.0
2025-05-21 13:00:00,0.0
2025-05-21 13:30:00,0.0
2025-05-21 14:00:00,0.0
2025-05-21 14:30:00,0.0
2025-05-21 15:00:00,0.0
2025-05-21 15:30:00,0.0
2025-05-21 16:00:00,0.0
2025-05-21 16:30:00,0.0
2025-05-21 17:00:00,0.0
2025-05-21 17:30:00,0.0
2025-05-21 18:00:00,0.0
2025-05-21 18:30:00,0.0
2025-05-21 19:00:00,66.34999999999991
2025-05-21 19:30:00,2.73333333333334
2025-05-21 20:00:00,0.0
2025-05-21 20:30:00,0.0
2025-05-21 21:00:00,0.0
2025-05-21 21:30:00,0.0
2025-05-21 22:00:00,0.0
2025-05-21 22:30:00,0.0
2025-05-21 23:00:00,168.6
2025-05-21 23:30:00,151.5333333333332
2025-05-22 00:00:00,145.0833333333334
2025-05-22 00:30:00,76.2666666666666
2025-05-22 01:00:00,0.0
2025-05-22 01:30:00,0.0
2025-05-22 02:00:00,0.0
2025-05-22 02:30:00,0.0
2025-05-22 03:00:00,0.0
2025-05-22 03:30:00,0.0
2025-05-22 04:00:00,0.0
2025-05-22 04:30:00,72.46666666666661
2025-05-22 05:00:00,62.6166666666666
2025-05-22 05:30:00,60.2666666666668
2025-05-22 06:00:00,81.9
2025-05-22 06:30:00,0.0
2025-05-22 07:00:00,0.0
2025-05-22 07:30:00,0.0
2025-05-22 08:00:00,0.0
2025-05-22 08:30:00,0.0
2025-05-22 09:00:00,0.0
2025-05-22 09:30:00,0.0
2025-05-22 10:00:00,0.0
2025-05-22 10:30:00,0.0
2025-05-22 11:00:00,0.0
2025-05-22 11:30:00,0.0
2025-05-22 12:00:00,0.0
2025-05-22 12:30:00,0.0
2025-05-22 13:00:00,0.0
2025-05-22 13:30:00,0.0
2025-05-22 14:00:00,0.0
2025-05-22 14:30:00,0.0
2025-05-22 15:00:00,0.0
2025-05-22 15:30:00,0.0
2025-05-22 16:00:00,0.0
2025-05-22 16:30:00,0.0
2025-05-22 17:00:00,0.0
2025-05-22 17:30:00,0.0
2025-05-22 18:00:00,0.0
2025-05-22 18:30:00,0.0
2025-05-22 19:00:00,0.0
2025-05-22 19:30:00,103.2499999999998
2025-05-22 20:00:00,88.5666666666666
2025-05-22 20:30:00,18.4
2025-05-22 21:00:00,0.0
2025-05-22 21:30:00,0.0
2025-05-22 22:00:00,0.0
2025-05-22 22:30:00,0.0
2025-05-22 23:00:00,0.0
2025-05-22 23:30:00,0.0
2025-05-23 00:00:00,0.0
2025-05-23 00:30:00,0.0
2025-05-23 01:00:00,0.0
2025-05-23 01:30:00,0.0
2025-05-23 02:00:00,0.0
2025-05-23 02:30:00,0.0
2025-05-23 03:00:00,0.0
2025-05-23 03:30:00,0.0
2025-05-23 04:00:00,0.0
2025-05-23 04:30:00,0.0
2025-05-23 05:00:00,0.0
2025-05-23 05:30:00,0.0
2025-05-23 06:00:00,0.0
2025-05-23 06:30:00,0.0
2025-05-23 07:00:00,0.0
2025-05-23 07:30:00,0.0
2025-05-23 08:00:00,0.0
2025-05-23 08:30:00,0.0
2025-05-23 09:00:00,0.0
2025-05-23 09:30:00,0.0
2025-05-23 10:00:00,0.0
2025-05-23 10:30:00,0.0
2025-05-23 11:00:00,0.0
2025-05-23 11:30:00,0.0
2025-05-23 12:00:00,0.0
2025-05-23 12:30:00,0.0
2025-05-23 13:00:00,0.0
2025-05-23 13:30:00,0.0
2025-05-23 14:00:00,0.0
2025-05-23 14:30:00,0.0
2025-05-23 15:00:00,0.0
2025-05-23 15:30:00,0.0
2025-05-23 16:00:00,0.0
2025-05-23 16:30:00,0.0
2025-05-23 17:00:00,0.0
2025-05-23 17:30:00,0.0
2025-05-23 18:00:00,0.0
2025-05-23 18:30:00,0.0
2025-05-23 19:00:00,0.0
2025-05-23 19:30:00,0.0
2025-05-23 20:00:00,0.0
2025-05-23 20:30:00,0.0
2025-05-23 21:00:00,0.0
2025-05-23 21:30:00,0.0
2025-05-23 22:00:00,0.0
2025-05-23 22:30:00,0.0
2025-05-23 23:00:00,0.0
2025-05-23 23:30:00,0.0
2025-05-24 00:00:00,0.0
2025-05-24 00:30:00,0.0
2025-05-24 01:00:00,0.0
2025-05-24 01:30:00,0.0
2025-05-24 02:00:00,0.0
2025-05-24 02:30:00,0.0
2025-05-24 03:00:00,0.0
2025-05-24 03:30:00,0.0
2025-05-24 04:00:00,0.0
2025-05-24 04:30:00,1.8333333333333321
2025-05-24 05:00:00,5.2
2025-05-24 05:30:00,28.0833333333334
2025-05-24 06:00:00,0.0
2025-05-24 06:30:00,0.0
2025-05-24 07:00:00,0.0
2025-05-24 07:30:00,0.0
2025-05-24 08:00:00,0.0
2025-05-24 08:30:00,0.0
2025-05-24 09:00:00,0.0
2025-05-24 09:30:00,0.0
2025-05-24 10:00:00,0.0
2025-05-24 10:30:00,0.0
2025-05-24 11:00:00,0.0
2025-05-24 11:30:00,0.0
2025-05-24 12:00:00,0.0
2025-05-24 12:30:00,0.0
2025-05-24 13:00:00,0.0
2025-05-24 13:30:00,0.0
2025-05-24 14:00:00,0.0
2025-05-24 14:30:00,0.0
2025-05-24 15:00:00,0.0
2025-05-24 15:30:00,0.0
2025-05-24 16:00:00,0.0
2025-05-24 16:30:00,0.0
2025-05-24 17:00:00,0.0
2025-05-24 17:30:00,0.0
2025-05-24 18:00:00,0.0
2025-05-24 18:30:00,0.0
2025-05-24 19:00:00,0.0
2025-05-24 19:30:00,0.0
2025-05-24 20:00:00,0.0
2025-05-24 20:30:00,0.0
2025-05-24 21:00:00,0.0
2025-05-24 21:30:00,0.0
2025-05-24 22:00:00,0.0
2025-05-24 22:30:00,0.0
2025-05-24 23:00:00,0.0
2025-05-24 23:30:00,0.0
2025-05-25 00:00:00,0.0
2025-05-25 00:30:00,0.0
2025-05-25 01:00:00,0.0
2025-05-25 01:30:00,0.0
2025-05-25 02:00:00,0.0
2025-05-25 02:30:00,0.0
2025-05-25 03:00:00,0.0
2025-05-25 03:30:00,0.0
2025-05-25 04:00:00,0.0
2025-05-25 04:30:00,0.0
2025-05-25 05:00:00,12.0
2025-05-25 05:30:00,107.1166666666666
2025-05-25 06:00:00,0.0
2025-05-25 06:30:00,0.0
2025-05-25 07:00:00,0.0
2025-05-25 07:30:00,0.0
2025-05-25 08:00:00,0.0
2025-05-25 08:30:00,0.0
2025-05-25 09:00:00,0.0
2025-05-25 09:30:00,0.0
2025-05-25 10:00:00,0.0
2025-05-25 10:30:00,132.3166666666666
2025-05-25 11:00:00,130.0
2025-05-25 11:30:00,135.76666666666665
2025-05-25 12:00:00,0.0
2025-05-25 12:30:00,0.0
2025-05-25 13:00:00,0.0
2025-05-25 13:30:00,0.0
2025-05-25 14:00:00,173.58333333333331
2025-05-25 14:30:00,149.10000000000014
2025-05-25 15:00:00,167.89999999999998
2025-05-25 15:30:00,0.0
2025-05-25 16:00:00,0.0
2025-05-25 16:30:00,0.0
2025-05-25 17:00:00,0.0
2025-05-25 17:30:00,22.0
2025-05-25 18:00:00,36.66666666666666
2025-05-25 18:30:00,36.66666666666666
2025-05-25 19:00:00,102.0666666666666
2025-05-25 19:30:00,102.0666666666666
2025-05-25 20:00:00,101.15
2025-05-25 20:30:00,99.93333333333348
2025-05-25 21:00:00,99.0166666666668
2025-05-25 21:30:00,97.28333333333346
2025-05-25 22:00:00,96.3333333333334
2025-05-25 22:30:00,96.68333333333334
2025-05-25 23:00:00,95.35000000000007
2025-05-25 23:30:00,96.05000000000014
2025-05-26 00:00:00,95.03333333333346
2025-05-26 00:30:00,130.48333333333335
2025-05-26 01:00:00,129.55
2025-05-26 01:30:00,139.83333333333346
2025-05-26 02:00:00,146.5
2025-05-26 02:30:00,154.3
2025-05-26 03:00:00,149.88333333333338
2025-05-26 03:30:00,144.26666666666665
2025-05-26 04:00:00,142.25
2025-05-26 04:30:00,157.4333333333334
2025-05-26 05:00:00,159.73333333333346
2025-05-26 05:30:00,161.19999999999985
2025-05-26 06:00:00,165.48333333333346
2025-05-26 06:30:00,169.19999999999993
2025-05-26 07:00:00,173.81666666666675
2025-05-26 07:30:00,177.04999999999987
2025-05-26 08:00:00,167.40000000000015
2025-05-26 08:30:00,175.55000000000013
2025-05-26 09:00:00,16.53333333333334
2025-05-26 09:30:00,0.0
2025-05-26 10:00:00,0.0
2025-05-26 10:30:00,0.0
2025-05-26 11:00:00,0.0
2025-05-26 11:30:00,297.9432098765434
2025-05-26 12:00:00,247.54999999999978
2025-05-26 12:30:00,21.35
2025-05-26 13:00:00,11.750000000000002
2025-05-26 13:30:00,0.0
2025-05-26 14:00:00,12.188888888888895
2025-05-26 14:30:00,167.57777777777773
2025-05-26 15:00:00,6.83333333333334
2025-05-26 15:30:00,27.21666666666666
2025-05-26 16:00:00,79.34999999999994
2025-05-26 16:30:00,193.9166666666668
2025-05-26 17:00:00,207.3
2025-05-26 17:30:00,390.4666666666666
2025-05-26 18:00:00,272.0333333333336
2025-05-26 18:30:00,189.8666666666668
2025-05-26 19:00:00,90.9833333333334
2025-05-26 19:30:00,418.9666666666668
2025-05-26 20:00:00,322.4
2025-05-26 20:30:00,160.3333333333334
2025-05-26 21:00:00,215.0
2025-05-26 21:30:00,213.45000000000022
2025-05-26 22:00:00,212.4666666666668
2025-05-26 22:30:00,213.5166666666666
2025-05-26 23:00:00,215.0333333333332
2025-05-26 23:30:00,214.5166666666666
2025-05-27 00:00:00,215.0166666666666
2025-05-27 00:30:00,213.95000000000022
2025-05-27 01:00:00,213.4833333333334
2025-05-27 01:30:00,213.5
2025-05-27 02:00:00,209.9166666666668
2025-05-27 02:30:00,209.9166666666668
2025-05-27 03:00:00,209.9
2025-05-27 03:30:00,211.0166666666668
2025-05-27 04:00:00,208.9666666666664
2025-05-27 04:30:00,209.5333333333336
2025-05-27 05:00:00,205.8833333333332
2025-05-27 05:30:00,209.9999999999998
2025-05-27 06:00:00,210.8833333333332
2025-05-27 06:30:00,211.4333333333332
2025-05-27 07:00:00,212.5833333333332
2025-05-27 07:30:00,215.6166666666664
2025-05-27 08:00:00,230.1166666666666
2025-05-27 08:30:00,231.2666666666668
2025-05-27 09:00:00,232.8666666666668
2025-05-27 09:30:00,243.2833333333334
2025-05-27 10:00:00,244.5166666666666
2025-05-27 10:30:00,245.05
2025-05-27 11:00:00,260.2
2025-05-27 11:30:00,261.3166666666666
2025-05-27 12:00:00,262.05
2025-05-27 12:30:00,262.1
2025-05-27 13:00:00,278.7
2025-05-27 13:30:00,306.95
2025-05-27 14:00:00,306.4166666666668
2025-05-27 14:30:00,305.0166666666668
2025-05-27 15:00:00,302.8166666666666
2025-05-27 15:30:00,299.6
2025-05-27 16:00:00,297.4333333333334
2025-05-27 16:30:00,196.1333333333334
2025-05-27 17:00:00,295.48333333333323
2025-05-27 17:30:00,167.3666666666666
2025-05-27 18:00:00,228.38333333333338
2025-05-27 18:30:00,224.2166666666666
2025-05-27 19:00:00,222.4333333333334
2025-05-27 19:30:00,167.2
2025-05-27 20:00:00,171.3333333333334
2025-05-27 20:30:00,82.23333333333326
2025-05-27 21:00:00,72.05
2025-05-27 21:30:00,71.2833333333334
2025-05-27 22:00:00,157.0166666666666
2025-05-27 22:30:00,159.29166666666666
2025-05-27 23:00:00,259.2583333333333
2025-05-27 23:30:00,278.6833333333334
2025-05-28 00:00:00,285.5833333333332
2025-05-28 00:30:00,284.8333333333332
2025-05-28 01:00:00,283.3
2025-05-28 01:30:00,281.06666666666683
2025-05-28 02:00:00,272.9666666666668
2025-05-28 02:30:00,270.9666666666666
2025-05-28 03:00:00,269.3166666666666
2025-05-28 03:30:00,259.73333333333323
2025-05-28 04:00:00,251.7666666666666
2025-05-28 04:30:00,248.75
2025-05-28 05:00:00,249.54999999999978
2025-05-28 05:30:00,248.75
2025-05-28 06:00:00,248.1333333333332
2025-05-28 06:30:00,248.0333333333332
2025-05-28 07:00:00,249.5000000000002
2025-05-28 07:30:00,250.9833333333334
2025-05-28 08:00:00,258.4166666666668
2025-05-28 08:30:00,260.5999999999998
2025-05-28 09:00:00,264.2166666666668
2025-05-28 09:30:00,263.4666666666666
2025-05-28 10:00:00,264.2
2025-05-28 10:30:00,90.21666666666674
2025-05-28 11:00:00,136.96666666666655
2025-05-28 11:30:00,109.5
2025-05-28 12:00:00,177.41666666666674
2025-05-28 12:30:00,149.19999999999993
2025-05-28 13:00:00,217.46666666666638
2025-05-28 13:30:00,189.1833333333332
2025-05-28 14:00:00,157.8333333333332
2025-05-28 14:30:00,60.84999999999994
2025-05-28 15:00:00,69.85
2025-05-28 15:30:00,118.81666666666659
2025-05-28 16:00:00,93.53333333333333
2025-05-28 16:30:00,66.65
2025-05-28 17:00:00,10.4
2025-05-28 17:30:00,0.0
2025-05-28 18:00:00,0.0
2025-05-28 18:30:00,0.0
2025-05-28 19:00:00,0.0
2025-05-28 19:30:00,0.0
2025-05-28 20:00:00,0.0
2025-05-28 20:30:00,0.0
2025-05-28 21:00:00,0.0
2025-05-28 21:30:00,0.0
2025-05-28 22:00:00,0.0
2025-05-28 22:30:00,0.0
2025-05-28 23:00:00,0.0
2025-05-28 23:30:00,0.0
2025-05-29 00:00:00,0.0
2025-05-29 00:30:00,0.0
2025-05-29 01:00:00,0.0
2025-05-29 01:30:00,0.0
2025-05-29 02:00:00,0.0
2025-05-29 02:30:00,0.0
2025-05-29 03:00:00,0.0
2025-05-29 03:30:00,0.0
2025-05-29 04:00:00,0.0
2025-05-29 04:30:00,0.0
2025-05-29 05:00:00,0.0
2025-05-29 05:30:00,0.0
2025-05-29 06:00:00,0.0
2025-05-29 06:30:00,0.0
2025-05-29 07:00:00,0.0
2025-05-29 07:30:00,8.7
2025-05-29 08:00:00,8.73333333333334
2025-05-29 08:30:00,13.88333333333334
2025-05-29 09:00:00,19.11666666666666
2025-05-29 09:30:00,2.45
2025-05-29 10:00:00,0.0
2025-05-29 10:30:00,0.0
2025-05-29 11:00:00,0.0
2025-05-29 11:30:00,0.0
2025-05-29 12:00:00,0.0
2025-05-29 12:30:00,0.0
2025-05-29 13:00:00,0.0
2025-05-29 13:30:00,0.0
2025-05-29 14:00:00,0.0
2025-05-29 14:30:00,0.0
2025-05-29 15:00:00,0.0
2025-05-29 15:30:00,0.0
2025-05-29 16:00:00,0.0
2025-05-29 16:30:00,0.0
2025-05-29 17:00:00,40.48333333333334
2025-05-29 17:30:00,45.433333333333316
2025-05-29 18:00:00,31.06666666666666
2025-05-29 18:30:00,34.43333333333334
2025-05-29 19:00:00,33.58333333333332
2025-05-29 19:30:00,37.66666666666664
2025-05-29 20:00:00,45.03333333333336
2025-05-29 20:30:00,41.08333333333332
2025-05-29 21:00:00,33.50000000000002
2025-05-29 21:30:00,50.966666666666605
2025-05-29 22:00:00,0.0
2025-05-29 22:30:00,0.0
2025-05-29 23:00:00,0.0
2025-05-29 23:30:00,0.0
2025-05-30 00:00:00,0.0
2025-05-30 00:30:00,0.0
2025-05-30 01:00:00,0.0
2025-05-30 01:30:00,0.0
2025-05-30 02:00:00,0.0
2025-05-30 02:30:00,0.0
2025-05-30 03:00:00,0.0
2025-05-30 03:30:00,0.0
2025-05-30 04:00:00,0.0
2025-05-30 04:30:00,0.0
2025-05-30 05:00:00,0.0
2025-05-30 05:30:00,0.0
2025-05-30 06:00:00,0.0
2025-05-30 06:30:00,0.0
2025-05-30 07:00:00,0.0
2025-05-30 07:30:00,0.0
2025-05-30 08:00:00,0.0
2025-05-30 08:30:00,0.0
2025-05-30 09:00:00,0.0
2025-05-30 09:30:00,0.0
2025-05-30 10:00:00,0.0
2025-05-30 10:30:00,0.0
2025-05-30 11:00:00,0.0
2025-05-30 11:30:00,0.0
2025-05-30 12:00:00,0.0
2025-05-30 12:30:00,0.0
2025-05-30 13:00:00,0.0
2025-05-30 13:30:00,0.0
2025-05-30 14:00:00,0.0
2025-05-30 14:30:00,0.0
2025-05-30 15:00:00,0.0
2025-05-30 15:30:00,0.0
2025-05-30 16:00:00,0.0
2025-05-30 16:30:00,0.0
2025-05-30 17:00:00,0.0
2025-05-30 17:30:00,0.0
2025-05-30 18:00:00,0.0
2025-05-30 18:30:00,0.0
2025-05-30 19:00:00,0.0
2025-05-30 19:30:00,0.0
2025-05-30 20:00:00,0.0
2025-05-30 20:30:00,0.0
2025-05-30 21:00:00,0.0
2025-05-30 21:30:00,0.0
2025-05-30 22:00:00,0.0
2025-05-30 22:30:00,0.0
2025-05-30 23:00:00,0.0
2025-05-30 23:30:00,0.0
2025-05-31 00:00:00,0.0
2025-05-31 00:30:00,0.0
2025-05-31 01:00:00,0.0
2025-05-31 01:30:00,0.0
2025-05-31 02:00:00,0.0
2025-05-31 02:30:00,7.166666666666666
2025-05-31 03:00:00,6.633333333333334
2025-05-31 03:30:00,0.2666666666666666
2025-05-31 04:00:00,0.0
2025-05-31 04:30:00,0.0
2025-05-31 05:00:00,0.0
2025-05-31 05:30:00,0.0
2025-05-31 06:00:00,0.0
2025-05-31 06:30:00,0.0
2025-05-31 07:00:00,0.0
2025-05-31 07:30:00,0.0
2025-05-31 08:00:00,0.0
2025-05-31 08:30:00,0.0
2025-05-31 09:00:00,0.0
2025-05-31 09:30:00,0.0
2025-05-31 10:00:00,0.0
2025-05-31 10:30:00,0.833333333333334
2025-05-31 11:00:00,29.6
2025-05-31 11:30:00,162.5
2025-05-31 12:00:00,177.1333333333334
2025-05-31 12:30:00,12.2
2025-05-31 13:00:00,93.75
2025-05-31 13:30:00,0.0
2025-05-31 14:00:00,91.2833333333332
2025-05-31 14:30:00,6.48333333333334
2025-05-31 15:00:00,376.2500000000002
2025-05-31 15:30:00,0.0
2025-05-31 16:00:00,280.12777777777757
2025-05-31 16:30:00,255.0499999999998
2025-05-31 17:00:00,187.03333333333342
2025-05-31 17:30:00,161.46666666666653
2025-05-31 18:00:00,47.95000000000002
2025-05-31 18:30:00,121.96666666666667
2025-05-31 19:00:00,145.8
2025-05-31 19:30:00,171.8
2025-05-31 20:00:00,145.33333333333334
2025-05-31 20:30:00,127.95000000000013
2025-05-31 21:00:00,109.88333333333334
2025-05-31 21:30:00,102.18333333333341
2025-05-31 22:00:00,93.13333333333328
2025-05-31 22:30:00,101.89999999999999
2025-05-31 23:00:00,109.99999999999994
2025-05-31 23:30:00,105.14999999999986
2025-06-01 00:00:00,99.75000000000006
2025-06-01 00:30:00,103.06666666666669
2025-06-01 01:00:00,109.56666666666652
2025-06-01 01:30:00,116.2333333333332
2025-06-01 02:00:00,125.04999999999994
2025-06-01 02:30:00,136.5833333333334
2025-06-01 03:00:00,148.03333333333342
2025-06-01 03:30:00,154.8666666666666
2025-06-01 04:00:00,162.44999999999982
2025-06-01 04:30:00,164.7166666666666
2025-06-01 05:00:00,163.5166666666668
2025-06-01 05:30:00,159.6999999999998
2025-06-01 06:00:00,156.55
2025-06-01 06:30:00,155.9666666666666
2025-06-01 07:00:00,156.15
2025-06-01 07:30:00,154.2833333333334
2025-06-01 08:00:00,168.1500000000002
2025-06-01 08:30:00,167.6166666666668
2025-06-01 09:00:00,12.399999999999999
2025-06-01 09:30:00,139.98333333333346
2025-06-01 10:00:00,181.04999999999995
2025-06-01 10:30:00,0.0
2025-06-01 11:00:00,189.73333333333318
2025-06-01 11:30:00,188.83333333333331
2025-06-01 12:00:00,0.0
2025-06-01 12:30:00,0.0
2025-06-01 13:00:00,0.0
2025-06-01 13:30:00,0.0
2025-06-01 14:00:00,0.0
2025-06-01 14:30:00,0.0
2025-06-01 15:00:00,296.65
2025-06-01 15:30:00,279.33333333333337
2025-06-01 16:00:00,285.6499999999998
2025-06-01 16:30:00,288.0166666666666
2025-06-01 17:00:00,288.6833333333334
2025-06-01 17:30:00,284.58333333333337
2025-06-01 18:00:00,277.5000000000002
2025-06-01 18:30:00,320.7666666666668
2025-06-01 19:00:00,287.3166666666666
2025-06-01 19:30:00,309.1833333333332
2025-06-01 20:00:00,261.2166666666666
2025-06-01 20:30:00,285.2166666666666
2025-06-01 21:00:00,321.4833333333334
2025-06-01 21:30:00,288.4833333333334
2025-06-01 22:00:00,321.4833333333334
2025-06-01 22:30:00,288.4833333333334
2025-06-01 23:00:00,321.4833333333334
2025-06-01 23:30:00,288.4833333333334
2025-06-02 00:00:00,321.4833333333334
2025-06-02 00:30:00,288.4833333333334
2025-06-02 01:00:00,321.4833333333334
2025-06-02 01:30:00,288.4666666666668
2025-06-02 02:00:00,320.5666666666666
2025-06-02 02:30:00,285.83333333333337
2025-06-02 03:00:00,315.43333333333317
2025-06-02 03:30:00,276.4166666666667
2025-06-02 04:00:00,305.0333333333334
2025-06-02 04:30:00,260.25
2025-06-02 05:00:00,282.9
2025-06-02 05:30:00,233.71666666666658
2025-06-02 06:00:00,244.1666666666668
2025-06-02 06:30:00,199.05
2025-06-02 07:00:00,205.25
2025-06-02 07:30:00,173.24999999999994
2025-06-02 08:00:00,183.11666666666662
2025-06-02 08:30:00,155.2666666666666
2025-06-02 09:00:00,166.6000000000002
2025-06-02 09:30:00,141.86666666666673
2025-06-02 10:00:00,148.7
2025-06-02 10:30:00,145.06666666666666
2025-06-02 11:00:00,173.5833333333332
2025-06-02 11:30:00,172.36666666666645
2025-06-02 12:00:00,210.1666666666668
2025-06-02 12:30:00,190.8833333333334
2025-06-02 13:00:00,209.9
2025-06-02 13:30:00,195.63333333333333
2025-06-02 14:00:00,190.7333333333334
2025-06-02 14:30:00,205.7666666666666
2025-06-02 15:00:00,210.15000000000003
2025-06-02 15:30:00,212.63333333333327
2025-06-02 16:00:00,215.21666666666667
2025-06-02 16:30:00,213.36666666666662
2025-06-02 17:00:00,211.14999999999995
2025-06-02 17:30:00,205.60000000000005
2025-06-02 18:00:00,200.0166666666666
2025-06-02 18:30:00,206.18333333333334
2025-06-02 19:00:00,211.46666666666664
2025-06-02 19:30:00,233.69999999999993
2025-06-02 20:00:00,263.4500000000002
2025-06-02 20:30:00,192.3
2025-06-02 21:00:00,197.78333333333325
2025-06-02 21:30:00,199.76666666666665
2025-06-02 22:00:00,202.36666666666662
2025-06-02 22:30:00,186.9
2025-06-02 23:00:00,0.0
2025-06-02 23:30:00,0.0
2025-06-03 00:00:00,0.0
2025-06-03 00:30:00,0.0
2025-06-03 01:00:00,0.0
2025-06-03 01:30:00,0.0
2025-06-03 02:00:00,0.0
2025-06-03 02:30:00,0.0
2025-06-03 03:00:00,0.0
2025-06-03 03:30:00,0.0
2025-06-03 04:00:00,0.0
2025-06-03 04:30:00,0.0
2025-06-03 05:00:00,0.0
2025-06-03 05:30:00,294.0
2025-06-03 06:00:00,10.4
2025-06-03 06:30:00,66.0
2025-06-03 07:00:00,205.2666666666666
2025-06-03 07:30:00,194.1666666666666
2025-06-03 08:00:00,212.6333333333334
2025-06-03 08:30:00,0.0
2025-06-03 09:00:00,0.0
2025-06-03 09:30:00,27.09999999999998
2025-06-03 10:00:00,426.11666666666656
2025-06-03 10:30:00,27.21666666666668
2025-06-03 11:00:00,0.0
2025-06-03 11:30:00,0.0
2025-06-03 12:00:00,0.0
2025-06-03 12:30:00,0.0
2025-06-03 13:00:00,0.0
2025-06-03 13:30:00,0.0
2025-06-03 14:00:00,0.0
2025-06-03 14:30:00,0.0
2025-06-03 15:00:00,0.0
2025-06-03 15:30:00,0.0
2025-06-03 16:00:00,0.0
2025-06-03 16:30:00,27.39999999999998
2025-06-03 17:00:00,22.2
2025-06-03 17:30:00,90.5333333333334
2025-06-03 18:00:00,102.4666666666666
2025-06-03 18:30:00,72.15
2025-06-03 19:00:00,72.15
2025-06-03 19:30:00,72.15
2025-06-03 20:00:00,72.15
2025-06-03 20:30:00,72.15
2025-06-03 21:00:00,113.1666666666666
2025-06-03 21:30:00,115.43333333333341
2025-06-03 22:00:00,120.3
2025-06-03 22:30:00,131.0
2025-06-03 23:00:00,72.74444444444444
2025-06-03 23:30:00,109.7333333333334
2025-06-04 00:00:00,149.36666666666662
2025-06-04 00:30:00,110.80000000000001
2025-06-04 01:00:00,132.60000000000002
2025-06-04 01:30:00,150.8333333333334
2025-06-04 02:00:00,86.50000000000006
2025-06-04 02:30:00,103.0833333333334
2025-06-04 03:00:00,144.45
2025-06-04 03:30:00,107.41666666666666
2025-06-04 04:00:00,76.5166666666666
2025-06-04 04:30:00,110.9166666666666
2025-06-04 05:00:00,110.9166666666666
2025-06-04 05:30:00,110.9166666666666
2025-06-04 06:00:00,139.2166666666666
2025-06-04 06:30:00,167.0833333333334
2025-06-04 07:00:00,178.1833333333334
2025-06-04 07:30:00,180.21666666666658
2025-06-04 08:00:00,123.05
2025-06-04 08:30:00,142.25
2025-06-04 09:00:00,210.85
2025-06-04 09:30:00,191.25
2025-06-04 10:00:00,142.25
2025-06-04 10:30:00,210.85
2025-06-04 11:00:00,191.25
2025-06-04 11:30:00,211.1333333333334
2025-06-04 12:00:00,199.5
2025-06-04 12:30:00,228.11666666666662
2025-06-04 13:00:00,108.7666666666666
2025-06-04 13:30:00,13.63333333333334
2025-06-04 14:00:00,209.8333333333334
2025-06-04 14:30:00,95.86666666666667
2025-06-04 15:00:00,377.1
2025-06-04 15:30:00,304.9
2025-06-04 16:00:00,251.3
2025-06-04 16:30:00,385.5
2025-06-04 17:00:00,230.9
2025-06-04 17:30:00,440.0
2025-06-04 18:00:00,278.9666666666668
2025-06-04 18:30:00,43.88333333333334
2025-06-04 19:00:00,146.0833333333334
2025-06-04 19:30:00,182.88333333333338
2025-06-04 20:00:00,219.68333333333362
2025-06-04 20:30:00,156.06666666666675
2025-06-04 21:00:00,174.0
2025-06-04 21:30:00,192.13333333333338
2025-06-04 22:00:00,209.86666666666662
2025-06-04 22:30:00,228.5
2025-06-04 23:00:00,155.83333333333334
2025-06-04 23:30:00,174.0166666666666
2025-06-05 00:00:00,119.0833333333332
2025-06-05 00:30:00,184.8166666666668
2025-06-05 01:00:00,329.9833333333334
2025-06-05 01:30:00,185.98333333333346
2025-06-05 02:00:00,112.83333333333334
2025-06-05 02:30:00,292.35
2025-06-05 03:00:00,226.93333333333322
2025-06-05 03:30:00,141.9833333333334
2025-06-05 04:00:00,255.35
2025-06-05 04:30:00,94.08333333333334
2025-06-05 05:00:00,292.05
2025-06-05 05:30:00,202.9666666666668
2025-06-05 06:00:00,326.0
2025-06-05 06:30:00,107.81666666666673
2025-06-05 07:00:00,271.2166666666668
2025-06-05 07:30:00,115.9666666666666
2025-06-05 08:00:00,246.0500000000002
2025-06-05 08:30:00,48.56666666666674
2025-06-05 09:00:00,242.7833333333334
2025-06-05 09:30:00,242.51666666666682
2025-06-05 10:00:00,240.28333333333342
2025-06-05 10:30:00,238.3166666666666
2025-06-05 11:00:00,233.6666666666666
2025-06-05 11:30:00,230.7666666666666
2025-06-05 12:00:00,227.03333333333325
2025-06-05 12:30:00,197.65
2025-06-05 13:00:00,146.58333333333326
2025-06-05 13:30:00,206.01666666666665
2025-06-05 14:00:00,202.4666666666666
2025-06-05 14:30:00,153.29999999999998
2025-06-05 15:00:00,187.2
2025-06-05 15:30:00,180.1500000000001
2025-06-05 16:00:00,134.06666666666672
2025-06-05 16:30:00,163.55
2025-06-05 17:00:00,74.5666666666666
2025-06-05 17:30:00,0.0
2025-06-05 18:00:00,0.0
2025-06-05 18:30:00,0.0
2025-06-05 19:00:00,0.0
2025-06-05 19:30:00,0.0
2025-06-05 20:00:00,0.0
2025-06-05 20:30:00,0.0
2025-06-05 21:00:00,0.0
2025-06-05 21:30:00,0.0
2025-06-05 22:00:00,0.0
2025-06-05 22:30:00,0.0
2025-06-05 23:00:00,0.0
2025-06-05 23:30:00,0.0
2025-06-06 00:00:00,0.0
2025-06-06 00:30:00,0.0
2025-06-06 01:00:00,0.0
2025-06-06 01:30:00,0.0
2025-06-06 02:00:00,0.0
2025-06-06 02:30:00,0.0
2025-06-06 03:00:00,0.0
2025-06-06 03:30:00,0.0
2025-06-06 04:00:00,0.0
2025-06-06 04:30:00,0.0
2025-06-06 05:00:00,0.0
2025-06-06 05:30:00,0.0
2025-06-06 06:00:00,0.0
2025-06-06 06:30:00,0.0
2025-06-06 07:00:00,0.0
2025-06-06 07:30:00,0.0
2025-06-06 08:00:00,0.0
2025-06-06 08:30:00,0.0
2025-06-06 09:00:00,0.0
2025-06-06 09:30:00,0.0
2025-06-06 10:00:00,0.0
2025-06-06 10:30:00,0.0
2025-06-06 11:00:00,0.0
2025-06-06 11:30:00,0.0
2025-06-06 12:00:00,0.0
2025-06-06 12:30:00,0.0
2025-06-06 13:00:00,0.0
2025-06-06 13:30:00,0.0
2025-06-06 14:00:00,0.0
2025-06-06 14:30:00,0.0
2025-06-06 15:00:00,0.0
2025-06-06 15:30:00,0.0
2025-06-06 16:00:00,0.0
2025-06-06 16:30:00,0.0
2025-06-06 17:00:00,0.0
2025-06-06 17:30:00,0.0
2025-06-06 18:00:00,0.0
2025-06-06 18:30:00,0.0
2025-06-06 19:00:00,0.0
2025-06-06 19:30:00,0.0
2025-06-06 20:00:00,0.0
2025-06-06 20:30:00,0.0
2025-06-06 21:00:00,0.0
2025-06-06 21:30:00,0.0
2025-06-06 22:00:00,0.0
2025-06-06 22:30:00,0.0
2025-06-06 23:00:00,0.0
2025-06-06 23:30:00,0.0
2025-06-07 00:00:00,0.0
2025-06-07 00:30:00,0.0
2025-06-07 01:00:00,0.0
2025-06-07 01:30:00,0.0
2025-06-07 02:00:00,0.0
2025-06-07 02:30:00,0.0
2025-06-07 03:00:00,0.0
2025-06-07 03:30:00,0.0
2025-06-07 04:00:00,0.0
2025-06-07 04:30:00,0.0
2025-06-07 05:00:00,0.0
2025-06-07 05:30:00,0.0
2025-06-07 06:00:00,0.0
2025-06-07 06:30:00,0.0
2025-06-07 07:00:00,0.0
2025-06-07 07:30:00,0.0
2025-06-07 08:00:00,0.0
2025-06-07 08:30:00,0.0
2025-06-07 09:00:00,0.0
2025-06-07 09:30:00,0.0
2025-06-07 10:00:00,0.0
2025-06-07 10:30:00,0.0
2025-06-07 11:00:00,0.0
2025-06-07 11:30:00,0.0
2025-06-07 12:00:00,0.0
2025-06-07 12:30:00,0.0
2025-06-07 13:00:00,0.0
2025-06-07 13:30:00,0.0
2025-06-07 14:00:00,0.0
2025-06-07 14:30:00,0.0
2025-06-07 15:00:00,0.0
2025-06-07 15:30:00,0.0
2025-06-07 16:00:00,0.0
2025-06-07 16:30:00,0.0
2025-06-07 17:00:00,0.0
2025-06-07 17:30:00,0.0
2025-06-07 18:00:00,0.0
2025-06-07 18:30:00,0.0
2025-06-07 19:00:00,0.0
2025-06-07 19:30:00,0.0
2025-06-07 20:00:00,0.0
2025-06-07 20:30:00,0.0
2025-06-07 21:00:00,0.0
2025-06-07 21:30:00,0.0
2025-06-07 22:00:00,0.0
2025-06-07 22:30:00,0.0
2025-06-07 23:00:00,0.0
2025-06-07 23:30:00,0.0
2025-06-08 00:00:00,0.0
2025-06-08 00:30:00,0.0
2025-06-08 01:00:00,0.0
2025-06-08 01:30:00,0.0
2025-06-08 02:00:00,0.0
2025-06-08 02:30:00,0.0
2025-06-08 03:00:00,0.0
2025-06-08 03:30:00,0.0
2025-06-08 04:00:00,0.0
2025-06-08 04:30:00,0.0
2025-06-08 05:00:00,0.0
2025-06-08 05:30:00,0.0
2025-06-08 06:00:00,0.0
2025-06-08 06:30:00,0.0
2025-06-08 07:00:00,0.0
2025-06-08 07:30:00,0.0
2025-06-08 08:00:00,0.0
2025-06-08 08:30:00,0.0
2025-06-08 09:00:00,0.0
2025-06-08 09:30:00,0.0
2025-06-08 10:00:00,0.0
2025-06-08 10:30:00,0.0
2025-06-08 11:00:00,0.0
2025-06-08 11:30:00,0.0
2025-06-08 12:00:00,0.0
2025-06-08 12:30:00,0.0
2025-06-08 13:00:00,0.0
2025-06-08 13:30:00,0.0
2025-06-08 14:00:00,0.0
2025-06-08 14:30:00,0.0
2025-06-08 15:00:00,0.0
2025-06-08 15:30:00,0.0
2025-06-08 16:00:00,0.0
2025-06-08 16:30:00,0.0
2025-06-08 17:00:00,0.0
2025-06-08 17:30:00,0.0
2025-06-08 18:00:00,0.0
2025-06-08 18:30:00,0.0
2025-06-08 19:00:00,0.0
2025-06-08 19:30:00,0.0
2025-06-08 20:00:00,0.0
2025-06-08 20:30:00,0.0
2025-06-08 21:00:00,0.0
2025-06-08 21:30:00,0.0
2025-06-08 22:00:00,0.0
2025-06-08 22:30:00,0.0
2025-06-08 23:00:00,0.0
2025-06-08 23:30:00,0.0
2025-06-09 00:00:00,0.0
2025-06-09 00:30:00,0.0
2025-06-09 01:00:00,0.0
2025-06-09 01:30:00,0.0
2025-06-09 02:00:00,0.0
2025-06-09 02:30:00,0.0
2025-06-09 03:00:00,0.0
2025-06-09 03:30:00,0.0
2025-06-09 04:00:00,0.0
2025-06-09 04:30:00,0.0
2025-06-09 05:00:00,0.0
2025-06-09 05:30:00,0.0
2025-06-09 06:00:00,0.0
2025-06-09 06:30:00,0.0
2025-06-09 07:00:00,0.0
2025-06-09 07:30:00,0.0
2025-06-09 08:00:00,0.0
2025-06-09 08:30:00,0.0
2025-06-09 09:00:00,0.0
2025-06-09 09:30:00,0.0
2025-06-09 10:00:00,0.0
2025-06-09 10:30:00,0.0
2025-06-09 11:00:00,0.0
2025-06-09 11:30:00,0.0
2025-06-09 12:00:00,0.0
2025-06-09 12:30:00,0.0
2025-06-09 13:00:00,0.0
2025-06-09 13:30:00,0.0
2025-06-09 14:00:00,0.0
2025-06-09 14:30:00,0.0
2025-06-09 15:00:00,0.0
2025-06-09 15:30:00,0.0
2025-06-09 16:00:00,0.0
2025-06-09 16:30:00,0.0
2025-06-09 17:00:00,0.0
2025-06-09 17:30:00,0.0
2025-06-09 18:00:00,0.0
2025-06-09 18:30:00,0.0
2025-06-09 19:00:00,0.0
2025-06-09 19:30:00,0.0
2025-06-09 20:00:00,0.0
2025-06-09 20:30:00,0.0
2025-06-09 21:00:00,0.0
2025-06-09 21:30:00,0.0
2025-06-09 22:00:00,0.0
2025-06-09 22:30:00,0.0
2025-06-09 23:00:00,0.0
2025-06-09 23:30:00,0.0
2025-06-10 00:00:00,0.0
2025-06-10 00:30:00,0.0
2025-06-10 01:00:00,0.0
2025-06-10 01:30:00,0.0
2025-06-10 02:00:00,0.0
2025-06-10 02:30:00,0.0
2025-06-10 03:00:00,0.0
2025-06-10 03:30:00,0.0
2025-06-10 04:00:00,0.0
2025-06-10 04:30:00,0.0
2025-06-10 05:00:00,0.0
2025-06-10 05:30:00,0.0
2025-06-10 06:00:00,0.0
2025-06-10 06:30:00,0.0
2025-06-10 07:00:00,0.0
2025-06-10 07:30:00,0.0
2025-06-10 08:00:00,0.0
2025-06-10 08:30:00,0.0
2025-06-10 09:00:00,0.0
2025-06-10 09:30:00,0.0
2025-06-10 10:00:00,0.0
2025-06-10 10:30:00,0.0
2025-06-10 11:00:00,0.0
2025-06-10 11:30:00,0.0
2025-06-10 12:00:00,0.0
2025-06-10 12:30:00,0.0
2025-06-10 13:00:00,0.0
2025-06-10 13:30:00,0.0
2025-06-10 14:00:00,0.0
2025-06-10 14:30:00,0.0
2025-06-10 15:00:00,0.0
2025-06-10 15:30:00,0.0
2025-06-10 16:00:00,0.0
2025-06-10 16:30:00,0.0
2025-06-10 17:00:00,0.0
2025-06-10 17:30:00,0.0
2025-06-10 18:00:00,0.0
2025-06-10 18:30:00,0.0
2025-06-10 19:00:00,0.0
2025-06-10 19:30:00,0.0
2025-06-10 20:00:00,0.0
2025-06-10 20:30:00,0.0
2025-06-10 21:00:00,0.0
2025-06-10 21:30:00,0.0
2025-06-10 22:00:00,0.0
2025-06-10 22:30:00,0.0
2025-06-10 23:00:00,0.0
2025-06-10 23:30:00,0.0
2025-06-11 00:00:00,0.0
2025-06-11 00:30:00,0.0
2025-06-11 01:00:00,0.0
2025-06-11 01:30:00,0.0
2025-06-11 02:00:00,0.0
2025-06-11 02:30:00,0.0
2025-06-11 03:00:00,0.0
2025-06-11 03:30:00,0.0
2025-06-11 04:00:00,0.0
2025-06-11 04:30:00,0.0
2025-06-11 05:00:00,0.0
2025-06-11 05:30:00,0.0
2025-06-11 06:00:00,0.0
2025-06-11 06:30:00,0.0
2025-06-11 07:00:00,0.0
2025-06-11 07:30:00,0.0
2025-06-11 08:00:00,0.0
2025-06-11 08:30:00,0.0
2025-06-11 09:00:00,0.0
2025-06-11 09:30:00,0.0
2025-06-11 10:00:00,0.0
2025-06-11 10:30:00,0.0
2025-06-11 11:00:00,0.0
2025-06-11 11:30:00,0.0
2025-06-11 12:00:00,0.0
2025-06-11 12:30:00,0.0
2025-06-11 13:00:00,0.0
2025-06-11 13:30:00,0.0
2025-06-11 14:00:00,0.0
2025-06-11 14:30:00,0.0
2025-06-11 15:00:00,0.0
2025-06-11 15:30:00,0.0
2025-06-11 16:00:00,37.63333333333326
2025-06-11 16:30:00,63.10000000000006
2025-06-11 17:00:00,91.9833333333332
2025-06-11 17:30:00,149.4833333333334
2025-06-11 18:00:00,16.28333333333332
2025-06-11 18:30:00,91.03333333333333
2025-06-11 19:00:00,109.1833333333332
2025-06-11 19:30:00,125.5
2025-06-11 20:00:00,142.9333333333334
2025-06-11 20:30:00,169.7500000000002
2025-06-11 21:00:00,71.5333333333334
2025-06-11 21:30:00,72.61666666666667
2025-06-11 22:00:00,73.6
2025-06-11 22:30:00,73.64999999999993
2025-06-11 23:00:00,59.9833333333334
2025-06-11 23:30:00,99.93333333333328
2025-06-12 00:00:00,174.36666666666645
2025-06-12 00:30:00,113.15
2025-06-12 01:00:00,128.91666666666674
2025-06-12 01:30:00,186.6833333333334
2025-06-12 02:00:00,124.23333333333333
2025-06-12 02:30:00,129.08333333333326
2025-06-12 03:00:00,181.7666666666668
2025-06-12 03:30:00,122.6499999999998
2025-06-12 04:00:00,133.86666666666673
2025-06-12 04:30:00,198.89999999999992
2025-06-12 05:00:00,130.9
2025-06-12 05:30:00,142.55000000000015
2025-06-12 06:00:00,214.81666666666646
2025-06-12 06:30:00,141.75000000000014
2025-06-12 07:00:00,187.38333333333327
2025-06-12 07:30:00,259.36666666666656
2025-06-12 08:00:00,183.6166666666666
2025-06-12 08:30:00,198.06666666666666
2025-06-12 09:00:00,282.6666666666668
2025-06-12 09:30:00,200.6333333333334
2025-06-12 10:00:00,213.41666666666666
2025-06-12 10:30:00,294.9833333333332
2025-06-12 11:00:00,206.1333333333332
2025-06-12 11:30:00,215.6
2025-06-12 12:00:00,314.4999999999998
2025-06-12 12:30:00,225.0833333333332
2025-06-12 13:00:00,232.73333333333335
2025-06-12 13:30:00,317.6
2025-06-12 14:00:00,224.95
2025-06-12 14:30:00,239.9666666666666
2025-06-12 15:00:00,326.7166666666666
2025-06-12 15:30:00,233.3833333333332
2025-06-12 16:00:00,242.11666666666682
2025-06-12 16:30:00,325.7833333333334
2025-06-12 17:00:00,230.80000000000018
2025-06-12 17:30:00,237.98333333333335
2025-06-12 18:00:00,318.2666666666666
2025-06-12 18:30:00,225.0000000000002
2025-06-12 19:00:00,229.86666666666673
2025-06-12 19:30:00,309.05
2025-06-12 20:00:00,219.53333333333342
2025-06-12 20:30:00,224.1833333333334
2025-06-12 21:00:00,299.7833333333334
2025-06-12 21:30:00,215.4000000000002
2025-06-12 22:00:00,221.8499999999998
2025-06-12 22:30:00,298.18333333333317
2025-06-12 23:00:00,219.18333333333322
2025-06-12 23:30:00,224.86666666666653
2025-06-13 00:00:00,305.45
2025-06-13 00:30:00,221.4833333333334
2025-06-13 01:00:00,179.00000000000014
2025-06-13 01:30:00,263.63333333333344
2025-06-13 02:00:00,234.5833333333332
2025-06-13 02:30:00,185.1333333333332
2025-06-13 03:00:00,274.2333333333334
2025-06-13 03:30:00,239.86666666666662
2025-06-13 04:00:00,189.38333333333338
2025-06-13 04:30:00,277.7833333333334
2025-06-13 05:00:00,239.0
2025-06-13 05:30:00,186.4833333333332
2025-06-13 06:00:00,273.1833333333332
2025-06-13 06:30:00,237.4833333333332
2025-06-13 07:00:00,186.43333333333334
2025-06-13 07:30:00,270.7333333333334
2025-06-13 08:00:00,233.30000000000018
2025-06-13 08:30:00,182.9333333333334
2025-06-13 09:00:00,259.6666666666668
2025-06-13 09:30:00,224.7666666666664
2025-06-13 10:00:00,174.25000000000006
2025-06-13 10:30:00,244.8833333333332
2025-06-13 11:00:00,210.1333333333332
2025-06-13 11:30:00,162.84999999999994
2025-06-13 12:00:00,231.6833333333334
2025-06-13 12:30:00,202.15
2025-06-13 13:00:00,162.7333333333332
2025-06-13 13:30:00,0.0
2025-06-13 14:00:00,260.59166666666675
2025-06-13 14:30:00,83.00833333333341
2025-06-13 15:00:00,0.0
2025-06-13 15:30:00,0.0
2025-06-13 16:00:00,0.0
2025-06-13 16:30:00,0.0
2025-06-13 17:00:00,0.0
2025-06-13 17:30:00,0.0
2025-06-13 18:00:00,0.0
2025-06-13 18:30:00,0.0
2025-06-13 19:00:00,0.0
2025-06-13 19:30:00,0.0
2025-06-13 20:00:00,0.0
2025-06-13 20:30:00,0.0
2025-06-13 21:00:00,48.13333333333334
2025-06-13 21:30:00,38.71666666666668
2025-06-13 22:00:00,48.26666666666666
2025-06-13 22:30:00,44.35
2025-06-13 23:00:00,0.0
2025-06-13 23:30:00,0.0
2025-06-14 00:00:00,0.0
2025-06-14 00:30:00,0.0
2025-06-14 01:00:00,0.0
2025-06-14 01:30:00,0.0
2025-06-14 02:00:00,0.0
2025-06-14 02:30:00,0.0
2025-06-14 03:00:00,0.0
2025-06-14 03:30:00,0.0
2025-06-14 04:00:00,0.0
2025-06-14 04:30:00,0.0
2025-06-14 05:00:00,0.0
2025-06-14 05:30:00,0.0
2025-06-14 06:00:00,0.0
2025-06-14 06:30:00,0.0
2025-06-14 07:00:00,0.0
2025-06-14 07:30:00,0.0
2025-06-14 08:00:00,0.0
2025-06-14 08:30:00,0.0
2025-06-14 09:00:00,0.0
2025-06-14 09:30:00,0.0
2025-06-14 10:00:00,0.0
2025-06-14 10:30:00,0.0
2025-06-14 11:00:00,0.0
2025-06-14 11:30:00,0.0
2025-06-14 12:00:00,0.0
2025-06-14 12:30:00,0.0
2025-06-14 13:00:00,0.0
2025-06-14 13:30:00,0.0
2025-06-14 14:00:00,0.0
2025-06-14 14:30:00,0.0
2025-06-14 15:00:00,0.0
2025-06-14 15:30:00,0.0
2025-06-14 16:00:00,0.0
2025-06-14 16:30:00,0.0
2025-06-14 17:00:00,0.0
2025-06-14 17:30:00,0.0
2025-06-14 18:00:00,0.0
2025-06-14 18:30:00,0.0
2025-06-14 19:00:00,0.0
2025-06-14 19:30:00,0.0
2025-06-14 20:00:00,0.0
2025-06-14 20:30:00,0.0
2025-06-14 21:00:00,0.0
2025-06-14 21:30:00,0.0
2025-06-14 22:00:00,0.0
2025-06-14 22:30:00,0.0
2025-06-14 23:00:00,0.0
2025-06-14 23:30:00,0.0
2025-06-15 00:00:00,0.0
2025-06-15 00:30:00,24.58333333333334
2025-06-15 01:00:00,14.65
2025-06-15 01:30:00,11.950000000000006
2025-06-15 02:00:00,13.78333333333332
2025-06-15 02:30:00,10.216666666666674
2025-06-15 03:00:00,6.283333333333334
2025-06-15 03:30:00,2.833333333333334
2025-06-15 04:00:00,0.0
2025-06-15 04:30:00,0.0
2025-06-15 05:00:00,0.0
2025-06-15 05:30:00,0.0
2025-06-15 06:00:00,0.0
2025-06-15 06:30:00,0.0
2025-06-15 07:00:00,0.0
2025-06-15 07:30:00,0.0
2025-06-15 08:00:00,0.0
2025-06-15 08:30:00,0.0
2025-06-15 09:00:00,0.0
2025-06-15 09:30:00,0.0
2025-06-15 10:00:00,0.0
2025-06-15 10:30:00,0.0
2025-06-15 11:00:00,0.0
2025-06-15 11:30:00,0.0
2025-06-15 12:00:00,0.0
2025-06-15 12:30:00,0.0
2025-06-15 13:00:00,0.0
2025-06-15 13:30:00,0.0
2025-06-15 14:00:00,0.0
2025-06-15 14:30:00,0.0
2025-06-15 15:00:00,0.0
2025-06-15 15:30:00,0.0
2025-06-15 16:00:00,0.0
2025-06-15 16:30:00,46.36666666666666
2025-06-15 17:00:00,31.71666666666666
2025-06-15 17:30:00,32.38333333333332
2025-06-15 18:00:00,30.93333333333334
2025-06-15 18:30:00,30.14999999999998
2025-06-15 19:00:00,28.049999999999997
2025-06-15 19:30:00,29.26666666666666
2025-06-15 20:00:00,27.73333333333334
2025-06-15 20:30:00,28.46666666666666
2025-06-15 21:00:00,29.86666666666666
2025-06-15 21:30:00,31.75
2025-06-15 22:00:00,33.63333333333334
2025-06-15 22:30:00,34.94999999999998
2025-06-15 23:00:00,36.14999999999998
2025-06-15 23:30:00,38.4
2025-06-16 00:00:00,40.36666666666666
2025-06-16 00:30:00,41.16666666666666
2025-06-16 01:00:00,39.93333333333334
2025-06-16 01:30:00,37.28333333333332
2025-06-16 02:00:00,35.38333333333332
2025-06-16 02:30:00,33.66666666666666
2025-06-16 03:00:00,31.7
2025-06-16 03:30:00,175.81666666666666
2025-06-16 04:00:00,29.65
2025-06-16 04:30:00,93.46666666666661
2025-06-16 05:00:00,21.38333333333334
2025-06-16 05:30:00,101.9
2025-06-16 06:00:00,17.68333333333334
2025-06-16 06:30:00,91.4666666666668
2025-06-16 07:00:00,18.36666666666666
2025-06-16 07:30:00,71.58333333333326
2025-06-16 08:00:00,45.48333333333332
2025-06-16 08:30:00,104.28333333333337
2025-06-16 09:00:00,58.76666666666666
2025-06-16 09:30:00,130.55000000000015
2025-06-16 10:00:00,71.14999999999988
2025-06-16 10:30:00,146.58333333333326
2025-06-16 11:00:00,73.1666666666666
2025-06-16 11:30:00,149.71666666666667
2025-06-16 12:00:00,73.59999999999987
2025-06-16 12:30:00,153.26666666666674
2025-06-16 13:00:00,74.9833333333334
2025-06-16 13:30:00,154.85
2025-06-16 14:00:00,75.28333333333333
2025-06-16 14:30:00,153.1000000000002
2025-06-16 15:00:00,78.06666666666666
2025-06-16 15:30:00,164.23333333333335
2025-06-16 16:00:00,108.63333333333327
2025-06-16 16:30:00,196.2166666666668
2025-06-16 17:00:00,121.18333333333327
2025-06-16 17:30:00,174.71666666666675
2025-06-16 18:00:00,86.79999999999993
2025-06-16 18:30:00,106.9333333333332
2025-06-16 19:00:00,50.14999999999994
2025-06-16 19:30:00,83.3833333333334
2025-06-16 20:00:00,54.683333333333394
2025-06-16 20:30:00,44.75
2025-06-16 21:00:00,36.63333333333334
2025-06-16 21:30:00,35.91666666666668
2025-06-16 22:00:00,38.13333333333334
2025-06-16 22:30:00,51.800000000000004
2025-06-16 23:00:00,63.03333333333334
2025-06-16 23:30:00,76.80000000000007
2025-06-17 00:00:00,89.33333333333334
2025-06-17 00:30:00,128.8500000000002
2025-06-17 01:00:00,175.4166666666666
2025-06-17 01:30:00,189.6
2025-06-17 02:00:00,202.3666666666666
2025-06-17 02:30:00,210.29999999999978
2025-06-17 03:00:00,217.25
2025-06-17 03:30:00,219.5666666666666
2025-06-17 04:00:00,223.0833333333334
2025-06-17 04:30:00,221.45000000000022
2025-06-17 05:00:00,221.1833333333334
2025-06-17 05:30:00,202.53333333333342
2025-06-17 06:00:00,181.8166666666666
2025-06-17 06:30:00,170.95
2025-06-17 07:00:00,161.0333333333332
2025-06-17 07:30:00,114.1666666666666
2025-06-17 08:00:00,127.10000000000007
2025-06-17 08:30:00,134.5333333333334
2025-06-17 09:00:00,107.2666666666666
2025-06-17 09:30:00,71.65
2025-06-17 10:00:00,23.1
2025-06-17 10:30:00,0.0
2025-06-17 11:00:00,0.0
2025-06-17 11:30:00,0.0
2025-06-17 12:00:00,0.0
2025-06-17 12:30:00,0.0
2025-06-17 13:00:00,0.0
2025-06-17 13:30:00,0.95
2025-06-17 14:00:00,59.9166666666666
2025-06-17 14:30:00,95.9666666666666
2025-06-17 15:00:00,124.28333333333333
2025-06-17 15:30:00,133.9333333333334
2025-06-17 16:00:00,144.1666666666664
2025-06-17 16:30:00,47.78333333333342
2025-06-17 17:00:00,54.95000000000008
2025-06-17 17:30:00,64.99999999999994
2025-06-17 18:00:00,67.06666666666662
2025-06-17 18:30:00,80.58333333333346
2025-06-17 19:00:00,84.99999999999986
2025-06-17 19:30:00,13.26666666666666
2025-06-17 20:00:00,18.68333333333334
2025-06-17 20:30:00,43.18333333333332
2025-06-17 21:00:00,36.35000000000001
2025-06-17 21:30:00,50.733333333333405
2025-06-17 22:00:00,49.26666666666668
2025-06-17 22:30:00,61.733333333333334
2025-06-17 23:00:00,75.45000000000006
2025-06-17 23:30:00,66.76666666666674
2025-06-18 00:00:00,59.58333333333346
2025-06-18 00:30:00,69.39999999999986
2025-06-18 01:00:00,83.25
2025-06-18 01:30:00,91.10000000000007
2025-06-18 02:00:00,93.55
2025-06-18 02:30:00,106.36666666666665
2025-06-18 03:00:00,119.08333333333346
2025-06-18 03:30:00,136.28333333333336
2025-06-18 04:00:00,152.16666666666652
2025-06-18 04:30:00,155.63333333333327
2025-06-18 05:00:00,157.29999999999987
2025-06-18 05:30:00,155.23333333333318
2025-06-18 06:00:00,152.90000000000006
2025-06-18 06:30:00,156.46666666666658
2025-06-18 07:00:00,160.08333333333331
2025-06-18 07:30:00,163.88333333333327
2025-06-18 08:00:00,105.8833333333333
2025-06-18 08:30:00,108.9833333333334
2025-06-18 09:00:00,113.6166666666666
2025-06-18 09:30:00,112.21666666666674
2025-06-18 10:00:00,96.7
2025-06-18 10:30:00,97.51666666666667
2025-06-18 11:00:00,97.5
2025-06-18 11:30:00,97.51666666666667
2025-06-18 12:00:00,98.34999999999994
2025-06-18 12:30:00,98.56666666666675
2025-06-18 13:00:00,99.35000000000007
2025-06-18 13:30:00,99.46666666666665
2025-06-18 14:00:00,100.35000000000001
2025-06-18 14:30:00,100.36666666666666
2025-06-18 15:00:00,100.36666666666666
2025-06-18 15:30:00,100.45
2025-06-18 16:00:00,100.43333333333335
2025-06-18 16:30:00,100.3333333333334
2025-06-18 17:00:00,151.2166666666666
2025-06-18 17:30:00,111.15
2025-06-18 18:00:00,19.8
2025-06-18 18:30:00,0.0
2025-06-18 19:00:00,0.0
2025-06-18 19:30:00,0.0
2025-06-18 20:00:00,0.0
2025-06-18 20:30:00,0.0
2025-06-18 21:00:00,0.0
2025-06-18 21:30:00,0.0
2025-06-18 22:00:00,0.0
2025-06-18 22:30:00,0.0
2025-06-18 23:00:00,0.0
2025-06-18 23:30:00,0.0
2025-06-19 00:00:00,0.0
2025-06-19 00:30:00,0.0
2025-06-19 01:00:00,0.0
2025-06-19 01:30:00,0.0
2025-06-19 02:00:00,0.0
2025-06-19 02:30:00,0.0
2025-06-19 03:00:00,0.0
2025-06-19 03:30:00,0.0
2025-06-19 04:00:00,0.0
2025-06-19 04:30:00,0.0
2025-06-19 05:00:00,0.0
2025-06-19 05:30:00,0.0
2025-06-19 06:00:00,0.0
2025-06-19 06:30:00,0.0
2025-06-19 07:00:00,0.0
2025-06-19 07:30:00,0.0
2025-06-19 08:00:00,0.0
2025-06-19 08:30:00,0.0
2025-06-19 09:00:00,0.0
2025-06-19 09:30:00,0.0
2025-06-19 10:00:00,0.0
2025-06-19 10:30:00,0.0
2025-06-19 11:00:00,0.0
2025-06-19 11:30:00,0.0
2025-06-19 12:00:00,0.0
2025-06-19 12:30:00,0.0
2025-06-19 13:00:00,0.0
2025-06-19 13:30:00,0.0
2025-06-19 14:00:00,0.0
2025-06-19 14:30:00,0.0
2025-06-19 15:00:00,0.0
2025-06-19 15:30:00,0.0
2025-06-19 16:00:00,0.0
2025-06-19 16:30:00,0.0
2025-06-19 17:00:00,0.0
2025-06-19 17:30:00,0.0
2025-06-19 18:00:00,0.0
2025-06-19 18:30:00,0.0
2025-06-19 19:00:00,0.0
2025-06-19 19:30:00,0.0
2025-06-19 20:00:00,0.0
2025-06-19 20:30:00,0.0
2025-06-19 21:00:00,0.0
2025-06-19 21:30:00,0.0
2025-06-19 22:00:00,0.0
2025-06-19 22:30:00,0.0
2025-06-19 23:00:00,0.0
2025-06-19 23:30:00,0.0
2025-06-20 00:00:00,0.0
2025-06-20 00:30:00,0.0
2025-06-20 01:00:00,0.0
2025-06-20 01:30:00,0.0
2025-06-20 02:00:00,60.816666666666606
2025-06-20 02:30:00,68.1833333333334
2025-06-20 03:00:00,22.2
2025-06-20 03:30:00,0.0
2025-06-20 04:00:00,0.0
2025-06-20 04:30:00,0.0
2025-06-20 05:00:00,0.0
2025-06-20 05:30:00,0.0
2025-06-20 06:00:00,0.0
2025-06-20 06:30:00,0.0
2025-06-20 07:00:00,0.0
2025-06-20 07:30:00,0.0
2025-06-20 08:00:00,0.0
2025-06-20 08:30:00,0.0
2025-06-20 09:00:00,0.0
2025-06-20 09:30:00,0.0
2025-06-20 10:00:00,0.0
2025-06-20 10:30:00,0.0
2025-06-20 11:00:00,0.0
2025-06-20 11:30:00,0.0
2025-06-20 12:00:00,0.0
2025-06-20 12:30:00,0.0
2025-06-20 13:00:00,0.0
2025-06-20 13:30:00,0.0
2025-06-20 14:00:00,0.0
2025-06-20 14:30:00,0.0
2025-06-20 15:00:00,0.0
2025-06-20 15:30:00,0.0
2025-06-20 16:00:00,0.0
2025-06-20 16:30:00,0.0
2025-06-20 17:00:00,0.0
2025-06-20 17:30:00,0.0
2025-06-20 18:00:00,0.0
2025-06-20 18:30:00,0.0
2025-06-20 19:00:00,0.0
2025-06-20 19:30:00,0.0
2025-06-20 20:00:00,0.0
2025-06-20 20:30:00,0.0
2025-06-20 21:00:00,0.0
2025-06-20 21:30:00,0.0
2025-06-20 22:00:00,0.0
2025-06-20 22:30:00,0.0
2025-06-20 23:00:00,0.0
2025-06-20 23:30:00,0.0
2025-06-21 00:00:00,0.0
2025-06-21 00:30:00,0.0
2025-06-21 01:00:00,0.0
2025-06-21 01:30:00,0.0
2025-06-21 02:00:00,0.0
2025-06-21 02:30:00,0.0
2025-06-21 03:00:00,0.0
2025-06-21 03:30:00,0.0
2025-06-21 04:00:00,0.0
2025-06-21 04:30:00,0.0
2025-06-21 05:00:00,0.0
2025-06-21 05:30:00,0.0
2025-06-21 06:00:00,0.0
2025-06-21 06:30:00,0.0
2025-06-21 07:00:00,0.0
2025-06-21 07:30:00,0.0
2025-06-21 08:00:00,0.0
2025-06-21 08:30:00,7.35
2025-06-21 09:00:00,81.13333333333334
2025-06-21 09:30:00,69.91666666666671
2025-06-21 10:00:00,102.8166666666666
2025-06-21 10:30:00,116.85
2025-06-21 11:00:00,131.2
2025-06-21 11:30:00,143.7333333333332
2025-06-21 12:00:00,157.3166666666668
2025-06-21 12:30:00,185.8666666666668
2025-06-21 13:00:00,163.3833333333334
2025-06-21 13:30:00,175.5333333333332
2025-06-21 14:00:00,182.0833333333334
2025-06-21 14:30:00,190.6500000000002
2025-06-21 15:00:00,197.9666666666666
2025-06-21 15:30:00,206.4833333333334
2025-06-21 16:00:00,212.45
2025-06-21 16:30:00,218.1666666666668
2025-06-21 17:00:00,221.2166666666668
2025-06-21 17:30:00,225.85
2025-06-21 18:00:00,229.95000000000002
2025-06-21 18:30:00,232.2333333333332
2025-06-21 19:00:00,234.8333333333334
2025-06-21 19:30:00,235.9666666666666
2025-06-21 20:00:00,235.9833333333332
2025-06-21 20:30:00,237.5333333333334
2025-06-21 21:00:00,238.2666666666666
2025-06-21 21:30:00,128.3333333333334
2025-06-21 22:00:00,32.333333333333265
2025-06-21 22:30:00,68.35
2025-06-21 23:00:00,0.0
2025-06-21 23:30:00,0.0
2025-06-22 00:00:00,0.0
2025-06-22 00:30:00,0.0
2025-06-22 01:00:00,0.0
2025-06-22 01:30:00,135.65
2025-06-22 02:00:00,112.66666666666654
2025-06-22 02:30:00,37.36666666666668
2025-06-22 03:00:00,62.349999999999994
2025-06-22 03:30:00,60.5
2025-06-22 04:00:00,3.783333333333332
2025-06-22 04:30:00,0.0
2025-06-22 05:00:00,0.0
2025-06-22 05:30:00,0.0
2025-06-22 06:00:00,0.0
2025-06-22 06:30:00,0.0
2025-06-22 07:00:00,0.0
2025-06-22 07:30:00,0.0
2025-06-22 08:00:00,0.0
2025-06-22 08:30:00,0.0
2025-06-22 09:00:00,0.0
2025-06-22 09:30:00,0.0
2025-06-22 10:00:00,0.0
2025-06-22 10:30:00,0.0
2025-06-22 11:00:00,0.0
2025-06-22 11:30:00,0.0
2025-06-22 12:00:00,0.0
2025-06-22 12:30:00,0.0
2025-06-22 13:00:00,0.0
2025-06-22 13:30:00,0.0
2025-06-22 14:00:00,0.0
2025-06-22 14:30:00,0.0
2025-06-22 15:00:00,0.0
2025-06-22 15:30:00,0.0
2025-06-22 16:00:00,0.0
2025-06-22 16:30:00,0.0
2025-06-22 17:00:00,2.700000000000002
2025-06-22 17:30:00,46.333333333333314
2025-06-22 18:00:00,59.69999999999988
2025-06-22 18:30:00,61.35
2025-06-22 19:00:00,70.98333333333326
2025-06-22 19:30:00,87.6833333333332
2025-06-22 20:00:00,104.61666666666672
2025-06-22 20:30:00,104.91666666666666
2025-06-22 21:00:00,105.01666666666674
2025-06-22 21:30:00,109.23333333333329
2025-06-22 22:00:00,112.4166666666666
2025-06-22 22:30:00,124.53333333333326
2025-06-22 23:00:00,134.81666666666655
2025-06-22 23:30:00,142.89999999999992
2025-06-23 00:00:00,152.5833333333334
2025-06-23 00:30:00,156.71666666666675
2025-06-23 01:00:00,155.20000000000005
2025-06-23 01:30:00,163.06666666666666
2025-06-23 02:00:00,167.99999999999994
2025-06-23 02:30:00,170.59999999999994
2025-06-23 03:00:00,174.54999999999995
2025-06-23 03:30:00,175.5666666666668
2025-06-23 04:00:00,175.41666666666666
2025-06-23 04:30:00,164.56666666666675
2025-06-23 05:00:00,156.2
2025-06-23 05:30:00,150.2666666666668
2025-06-23 06:00:00,143.30000000000007
2025-06-23 06:30:00,139.91666666666654
2025-06-23 07:00:00,134.95
2025-06-23 07:30:00,117.0166666666666
2025-06-23 08:00:00,103.79999999999993
2025-06-23 08:30:00,82.5333333333332
2025-06-23 09:00:00,59.10000000000008
2025-06-23 09:30:00,44.35
2025-06-23 10:00:00,30.23333333333334
2025-06-23 10:30:00,35.48333333333334
2025-06-23 11:00:00,40.89999999999998
2025-06-23 11:30:00,1.566666666666666
2025-06-23 12:00:00,84.5
2025-06-23 12:30:00,84.88333333333325
2025-06-23 13:00:00,2.55
2025-06-23 13:30:00,10.85
2025-06-23 14:00:00,177.9
2025-06-23 14:30:00,48.4
2025-06-23 15:00:00,154.55
2025-06-23 15:30:00,94.5833333333334
2025-06-23 16:00:00,95.61666666666666
2025-06-23 16:30:00,101.66666666666674
2025-06-23 17:00:00,115.66666666666674
2025-06-23 17:30:00,120.8166666666666
2025-06-23 18:00:00,129.2666666666666
2025-06-23 18:30:00,133.53333333333342
2025-06-23 19:00:00,136.9000000000002
2025-06-23 19:30:00,137.1833333333334
2025-06-23 20:00:00,138.0166666666668
2025-06-23 20:30:00,141.39999999999998
2025-06-23 21:00:00,147.03333333333342
2025-06-23 21:30:00,117.2333333333334
2025-06-23 22:00:00,99.81666666666655
2025-06-23 22:30:00,110.3833333333334
2025-06-23 23:00:00,142.9666666666668
2025-06-23 23:30:00,115.31250000000013
2025-06-24 00:00:00,131.83333333333334
2025-06-24 00:30:00,86.49999999999986
2025-06-24 01:00:00,114.95000000000006
2025-06-24 01:30:00,6.08333333333334
2025-06-24 02:00:00,6.01666666666666
2025-06-24 02:30:00,131.78333333333333
2025-06-24 03:00:00,117.60000000000005
2025-06-24 03:30:00,103.93333333333314
2025-06-24 04:00:00,91.39999999999995
2025-06-24 04:30:00,86.65000000000008
2025-06-24 05:00:00,84.7166666666666
2025-06-24 05:30:00,75.08333333333331
2025-06-24 06:00:00,68.18333333333328
2025-06-24 06:30:00,58.63333333333328
2025-06-24 07:00:00,49.7
2025-06-24 07:30:00,21.83333333333334
2025-06-24 08:00:00,12.916666666666647
2025-06-24 08:30:00,17.066666666666663
2025-06-24 09:00:00,0.0
2025-06-24 09:30:00,0.0
2025-06-24 10:00:00,0.0
2025-06-24 10:30:00,0.0
2025-06-24 11:00:00,0.0
2025-06-24 11:30:00,0.0
2025-06-24 12:00:00,0.0
2025-06-24 12:30:00,0.0
2025-06-24 13:00:00,0.0
2025-06-24 13:30:00,0.0
2025-06-24 14:00:00,0.0
2025-06-24 14:30:00,0.0
2025-06-24 15:00:00,0.0
2025-06-24 15:30:00,0.0
2025-06-24 16:00:00,0.0
2025-06-24 16:30:00,0.0
2025-06-24 17:00:00,0.0
2025-06-24 17:30:00,0.0
2025-06-24 18:00:00,0.0
2025-06-24 18:30:00,0.0
2025-06-24 19:00:00,0.0
2025-06-24 19:30:00,0.0
2025-06-24 20:00:00,0.0
2025-06-24 20:30:00,0.0
2025-06-24 21:00:00,0.0
2025-06-24 21:30:00,0.0
2025-06-24 22:00:00,0.0
2025-06-24 22:30:00,0.0
2025-06-24 23:00:00,0.0
2025-06-24 23:30:00,0.0
2025-06-25 00:00:00,0.0
2025-06-25 00:30:00,0.0
2025-06-25 01:00:00,0.0
2025-06-25 01:30:00,0.0
2025-06-25 02:00:00,0.0
2025-06-25 02:30:00,0.0
2025-06-25 03:00:00,0.0
2025-06-25 03:30:00,0.0
2025-06-25 04:00:00,0.0
2025-06-25 04:30:00,0.0
2025-06-25 05:00:00,0.0
2025-06-25 05:30:00,0.0
2025-06-25 06:00:00,0.0
2025-06-25 06:30:00,0.0
2025-06-25 07:00:00,0.0
2025-06-25 07:30:00,0.0
2025-06-25 08:00:00,0.0
2025-06-25 08:30:00,0.0
2025-06-25 09:00:00,0.0
2025-06-25 09:30:00,0.0
2025-06-25 10:00:00,0.0
2025-06-25 10:30:00,0.0
2025-06-25 11:00:00,0.0
2025-06-25 11:30:00,0.0
2025-06-25 12:00:00,0.0
2025-06-25 12:30:00,0.0
2025-06-25 13:00:00,0.0
2025-06-25 13:30:00,0.0
2025-06-25 14:00:00,0.0
2025-06-25 14:30:00,0.0
2025-06-25 15:00:00,15.81666666666666
2025-06-25 15:30:00,16.51666666666664
2025-06-25 16:00:00,18.23333333333332
2025-06-25 16:30:00,18.98333333333332
2025-06-25 17:00:00,21.483333333333338
2025-06-25 17:30:00,24.30000000000002
2025-06-25 18:00:00,26.68333333333332
2025-06-25 18:30:00,28.43333333333332
2025-06-25 19:00:00,29.883333333333358
2025-06-25 19:30:00,32.66666666666666
2025-06-25 20:00:00,36.00000000000002
2025-06-25 20:30:00,34.96666666666668
2025-06-25 21:00:00,33.90000000000002
2025-06-25 21:30:00,32.9
2025-06-25 22:00:00,37.98333333333334
2025-06-25 22:30:00,0.0
2025-06-25 23:00:00,0.0
2025-06-25 23:30:00,0.0
2025-06-26 00:00:00,0.0
2025-06-26 00:30:00,0.0
2025-06-26 01:00:00,0.0
2025-06-26 01:30:00,0.0
2025-06-26 02:00:00,0.0
2025-06-26 02:30:00,0.0
2025-06-26 03:00:00,0.0
2025-06-26 03:30:00,0.0
2025-06-26 04:00:00,0.0
2025-06-26 04:30:00,0.0
2025-06-26 05:00:00,28.0
2025-06-26 05:30:00,136.6333333333332
2025-06-26 06:00:00,60.416666666666686
2025-06-26 06:30:00,83.4
2025-06-26 07:00:00,25.71666666666668
2025-06-26 07:30:00,94.03333333333326
2025-06-26 08:00:00,110.56666666666655
2025-06-26 08:30:00,80.39999999999999
2025-06-26 09:00:00,75.7
2025-06-26 09:30:00,83.38333333333334
2025-06-26 10:00:00,87.16666666666666
2025-06-26 10:30:00,33.13333333333334
2025-06-26 11:00:00,76.5333333333334
2025-06-26 11:30:00,104.40000000000006
2025-06-26 12:00:00,82.86666666666666
2025-06-26 12:30:00,95.6166666666666
2025-06-26 13:00:00,83.09999999999985
2025-06-26 13:30:00,3.0666666666666638
2025-06-26 14:00:00,0.0
2025-06-26 14:30:00,0.0
2025-06-26 15:00:00,0.0
2025-06-26 15:30:00,0.0
2025-06-26 16:00:00,150.2666666666666
2025-06-26 16:30:00,150.2666666666666
2025-06-26 17:00:00,110.1333333333334
2025-06-26 17:30:00,102.05
2025-06-26 18:00:00,121.45000000000019
2025-06-26 18:30:00,137.5333333333334
2025-06-26 19:00:00,137.89999999999998
2025-06-26 19:30:00,134.8666666666666
2025-06-26 20:00:00,125.5333333333332
2025-06-26 20:30:00,126.5166666666666
2025-06-26 21:00:00,125.9666666666668
2025-06-26 21:30:00,125.0
2025-06-26 22:00:00,88.46666666666654
2025-06-26 22:30:00,104.33333333333326
2025-06-26 23:00:00,95.2750000000002
2025-06-26 23:30:00,162.0583333333334
2025-06-27 00:00:00,155.51666666666682
2025-06-27 00:30:00,149.7166666666668
2025-06-27 01:00:00,144.8166666666668
2025-06-27 01:30:00,106.76666666666681
2025-06-27 02:00:00,108.69999999999986
2025-06-27 02:30:00,90.34166666666667
2025-06-27 03:00:00,140.54166666666666
2025-06-27 03:30:00,123.18333333333314
2025-06-27 04:00:00,180.2166666666666
2025-06-27 04:30:00,160.6833333333334
2025-06-27 05:00:00,137.9666666666666
2025-06-27 05:30:00,119.11666666666655
2025-06-27 06:00:00,99.75000000000006
2025-06-27 06:30:00,151.2166666666668
2025-06-27 07:00:00,130.25
2025-06-27 07:30:00,168.2
2025-06-27 08:00:00,146.4833333333334
2025-06-27 08:30:00,92.7333333333334
2025-06-27 09:00:00,73.3
2025-06-27 09:30:00,38.86666666666673
2025-06-27 10:00:00,56.98333333333334
2025-06-27 10:30:00,80.36666666666659
2025-06-27 11:00:00,30.0666666666666
2025-06-27 11:30:00,48.9166666666666
2025-06-27 12:00:00,20.41666666666668
2025-06-27 12:30:00,22.416666666666657
2025-06-27 13:00:00,0.0
2025-06-27 13:30:00,0.0
2025-06-27 14:00:00,0.0
2025-06-27 14:30:00,0.0
2025-06-27 15:00:00,111.1166666666666
2025-06-27 15:30:00,106.5166666666666
2025-06-27 16:00:00,98.6166666666668
2025-06-27 16:30:00,95.41666666666666
2025-06-27 17:00:00,92.11666666666666
2025-06-27 17:30:00,84.10000000000014
2025-06-27 18:00:00,76.81666666666666
2025-06-27 18:30:00,66.38333333333327
2025-06-27 19:00:00,55.76666666666666
2025-06-27 19:30:00,86.19999999999995
2025-06-27 20:00:00,103.9666666666668
2025-06-27 20:30:00,125.7999999999998
2025-06-27 21:00:00,147.2666666666668
2025-06-27 21:30:00,166.2666666666666
2025-06-27 22:00:00,182.9833333333332
2025-06-27 22:30:00,222.9333333333334
2025-06-27 23:00:00,260.4333333333334
2025-06-27 23:30:00,286.1166666666668
2025-06-28 00:00:00,311.0333333333332
2025-06-28 00:30:00,316.33333333333337
2025-06-28 01:00:00,328.3833333333332
2025-06-28 01:30:00,27.15
2025-06-28 02:00:00,0.0
2025-06-28 02:30:00,0.0
2025-06-28 03:00:00,163.7999999999998
2025-06-28 03:30:00,0.0
2025-06-28 04:00:00,27.2
2025-06-28 04:30:00,333.95
2025-06-28 05:00:00,194.39999999999995
2025-06-28 05:30:00,124.4
2025-06-28 06:00:00,196.86666666666673
2025-06-28 06:30:00,138.25
2025-06-28 07:00:00,68.58333333333334
2025-06-28 07:30:00,123.50000000000001
2025-06-28 08:00:00,0.0
2025-06-28 08:30:00,0.0
2025-06-28 09:00:00,0.0
2025-06-28 09:30:00,0.0
2025-06-28 10:00:00,0.0
2025-06-28 10:30:00,0.0
2025-06-28 11:00:00,0.0
2025-06-28 11:30:00,0.0
2025-06-28 12:00:00,0.0
2025-06-28 12:30:00,0.0
2025-06-28 13:00:00,0.0
2025-06-28 13:30:00,0.0
2025-06-28 14:00:00,0.0
2025-06-28 14:30:00,0.0
2025-06-28 15:00:00,0.0
2025-06-28 15:30:00,0.0
2025-06-28 16:00:00,0.0
2025-06-28 16:30:00,0.0
2025-06-28 17:00:00,0.0
2025-06-28 17:30:00,27.2
2025-06-28 18:00:00,61.36666666666666
2025-06-28 18:30:00,86.06666666666675
2025-06-28 19:00:00,180.0
2025-06-28 19:30:00,180.0
2025-06-28 20:00:00,180.0
2025-06-28 20:30:00,183.7
2025-06-28 21:00:00,191.1
2025-06-28 21:30:00,313.6
2025-06-28 22:00:00,279.75
2025-06-28 22:30:00,126.9
2025-06-28 23:00:00,367.25
2025-06-28 23:30:00,31.799999999999997
2025-06-29 00:00:00,64.0
2025-06-29 00:30:00,294.4
2025-06-29 01:00:00,243.2
2025-06-29 01:30:00,23.2
2025-06-29 02:00:00,124.0
2025-06-29 02:30:00,352.8
2025-06-29 03:00:00,396.0
2025-06-29 03:30:00,93.6
2025-06-29 04:00:00,136.8
2025-06-29 04:30:00,226.63333333333338
2025-06-29 05:00:00,269.5666666666668
2025-06-29 05:30:00,306.5666666666666
2025-06-29 06:00:00,352.8
2025-06-29 06:30:00,352.8
2025-06-29 07:00:00,197.22777777777776
2025-06-29 07:30:00,231.1333333333332
2025-06-29 08:00:00,385.3
2025-06-29 08:30:00,385.3
2025-06-29 09:00:00,392.1666666666666
2025-06-29 09:30:00,303.93333333333317
2025-06-29 10:00:00,335.9833333333334
2025-06-29 10:30:00,375.91666666666663
2025-06-29 11:00:00,265.6777777777778
2025-06-29 11:30:00,408.2055555555556
2025-06-29 12:00:00,339.25
2025-06-29 12:30:00,335.7
2025-06-29 13:00:00,408.7500000000002
2025-06-29 13:30:00,329.9000000000002
2025-06-29 14:00:00,197.40000000000006
2025-06-29 14:30:00,22.75
2025-06-29 15:00:00,0.0
2025-06-29 15:30:00,0.0
2025-06-29 16:00:00,0.0
2025-06-29 16:30:00,0.0
2025-06-29 17:00:00,0.0
2025-06-29 17:30:00,0.0
2025-06-29 18:00:00,0.0
2025-06-29 18:30:00,0.433333333333334
2025-06-29 19:00:00,61.29999999999994
2025-06-29 19:30:00,54.54999999999998
2025-06-29 20:00:00,51.3
2025-06-29 20:30:00,39.46666666666666
2025-06-29 21:00:00,33.48333333333334
2025-06-29 21:30:00,27.78333333333332
2025-06-29 22:00:00,25.91666666666668
2025-06-29 22:30:00,27.03333333333334
2025-06-29 23:00:00,31.56666666666668
2025-06-29 23:30:00,47.7
2025-06-30 00:00:00,51.11666666666666
2025-06-30 00:30:00,79.18333333333334
2025-06-30 01:00:00,81.13333333333334
2025-06-30 01:30:00,111.9166666666666
2025-06-30 02:00:00,135.95
2025-06-30 02:30:00,166.3
2025-06-30 03:00:00,195.95
2025-06-30 03:30:00,209.2166666666668
2025-06-30 04:00:00,222.38333333333338
2025-06-30 04:30:00,217.03333333333342
2025-06-30 05:00:00,211.1333333333332
2025-06-30 05:30:00,207.3833333333334
2025-06-30 06:00:00,203.9333333333334
2025-06-30 06:30:00,141.0166666666666
2025-06-30 07:00:00,146.5833333333332
2025-06-30 07:30:00,162.4166666666666
2025-06-30 08:00:00,173.5
2025-06-30 08:30:00,173.4666666666666
2025-06-30 09:00:00,172.0
2025-06-30 09:30:00,173.1166666666666
2025-06-30 10:00:00,173.1833333333334
2025-06-30 10:30:00,173.9166666666666
2025-06-30 11:00:00,174.9833333333332
2025-06-30 11:30:00,177.5
2025-06-30 12:00:00,178.4333333333334
2025-06-30 12:30:00,176.0666666666666
2025-06-30 13:00:00,184.86666666666662
2025-06-30 13:30:00,145.3333333333334
2025-06-30 14:00:00,88.60000000000001
2025-06-30 14:30:00,0.0
2025-06-30 15:00:00,64.9
2025-06-30 15:30:00,47.79999999999994
2025-06-30 16:00:00,79.2
2025-06-30 16:30:00,0.0
2025-06-30 17:00:00,0.0
2025-06-30 17:30:00,0.0
2025-06-30 18:00:00,0.0
2025-06-30 18:30:00,0.0
2025-06-30 19:00:00,0.0
2025-06-30 19:30:00,0.0
2025-06-30 20:00:00,0.0
2025-06-30 20:30:00,0.0
2025-06-30 21:00:00,18.48333333333336
2025-06-30 21:30:00,12.48333333333334
2025-06-30 22:00:00,83.0333333333332
2025-06-30 22:30:00,0.0
2025-06-30 23:00:00,0.0
2025-06-30 23:30:00,0.0
2025-07-01 00:00:00,0.0
2025-07-01 00:30:00,0.0
2025-07-01 01:00:00,0.0
2025-07-01 01:30:00,0.0
2025-07-01 02:00:00,0.0
2025-07-01 02:30:00,0.0
2025-07-01 03:00:00,0.0
2025-07-01 03:30:00,0.0
2025-07-01 04:00:00,0.0
2025-07-01 04:30:00,0.0
2025-07-01 05:00:00,0.0
2025-07-01 05:30:00,0.0
2025-07-01 06:00:00,0.0
2025-07-01 06:30:00,0.0
2025-07-01 07:00:00,0.0
2025-07-01 07:30:00,0.0
2025-07-01 08:00:00,0.0
2025-07-01 08:30:00,0.0
2025-07-01 09:00:00,0.0
2025-07-01 09:30:00,0.0
2025-07-01 10:00:00,0.0
2025-07-01 10:30:00,0.0
2025-07-01 11:00:00,0.0
2025-07-01 11:30:00,0.0
2025-07-01 12:00:00,0.0
2025-07-01 12:30:00,0.0
2025-07-01 13:00:00,0.0
2025-07-01 13:30:00,0.0
2025-07-01 14:00:00,0.0
2025-07-01 14:30:00,0.0
2025-07-01 15:00:00,0.0
2025-07-01 15:30:00,0.0
2025-07-01 16:00:00,0.0
2025-07-01 16:30:00,0.0
2025-07-01 17:00:00,0.0
2025-07-01 17:30:00,0.0
2025-07-01 18:00:00,0.0
2025-07-01 18:30:00,0.0
2025-07-01 19:00:00,0.0
2025-07-01 19:30:00,0.0
2025-07-01 20:00:00,0.0
2025-07-01 20:30:00,0.0
2025-07-01 21:00:00,0.0
2025-07-01 21:30:00,0.0
2025-07-01 22:00:00,0.0
2025-07-01 22:30:00,0.0
2025-07-01 23:00:00,0.0
2025-07-01 23:30:00,0.0
2025-07-02 00:00:00,0.0
2025-07-02 00:30:00,0.0
2025-07-02 01:00:00,0.0
2025-07-02 01:30:00,0.0
2025-07-02 02:00:00,0.0
2025-07-02 02:30:00,0.0
2025-07-02 03:00:00,0.0
2025-07-02 03:30:00,0.0
2025-07-02 04:00:00,0.0
2025-07-02 04:30:00,0.0
2025-07-02 05:00:00,0.0
2025-07-02 05:30:00,0.0
2025-07-02 06:00:00,0.0
2025-07-02 06:30:00,0.0
2025-07-02 07:00:00,0.0
2025-07-02 07:30:00,0.0
2025-07-02 08:00:00,0.0
2025-07-02 08:30:00,0.0
2025-07-02 09:00:00,0.0
2025-07-02 09:30:00,0.0
2025-07-02 10:00:00,0.0
2025-07-02 10:30:00,0.0
2025-07-02 11:00:00,0.0
2025-07-02 11:30:00,0.0
2025-07-02 12:00:00,0.0
2025-07-02 12:30:00,0.0
2025-07-02 13:00:00,0.0
2025-07-02 13:30:00,0.0
2025-07-02 14:00:00,0.0
2025-07-02 14:30:00,0.0
2025-07-02 15:00:00,0.0
2025-07-02 15:30:00,0.0
2025-07-02 16:00:00,0.0
2025-07-02 16:30:00,0.0
2025-07-02 17:00:00,0.0
2025-07-02 17:30:00,0.0
2025-07-02 18:00:00,0.0
2025-07-02 18:30:00,0.0
2025-07-02 19:00:00,0.0
2025-07-02 19:30:00,0.0
2025-07-02 20:00:00,0.0
2025-07-02 20:30:00,0.0
2025-07-02 21:00:00,0.0
2025-07-02 21:30:00,0.0
2025-07-02 22:00:00,0.0
2025-07-02 22:30:00,0.0
2025-07-02 23:00:00,0.0
2025-07-02 23:30:00,0.0
2025-07-03 00:00:00,0.0
2025-07-03 00:30:00,0.0
2025-07-03 01:00:00,0.0
2025-07-03 01:30:00,0.0
2025-07-03 02:00:00,0.0
2025-07-03 02:30:00,0.0
2025-07-03 03:00:00,0.0
2025-07-03 03:30:00,0.0
2025-07-03 04:00:00,0.0
2025-07-03 04:30:00,0.0
2025-07-03 05:00:00,0.0
2025-07-03 05:30:00,0.0
2025-07-03 06:00:00,0.0
2025-07-03 06:30:00,0.0
2025-07-03 07:00:00,0.0
2025-07-03 07:30:00,0.0
2025-07-03 08:00:00,0.0
2025-07-03 08:30:00,0.0
2025-07-03 09:00:00,0.0
2025-07-03 09:30:00,0.0
2025-07-03 10:00:00,0.0
2025-07-03 10:30:00,0.0
2025-07-03 11:00:00,2.4
2025-07-03 11:30:00,45.14999999999999
2025-07-03 12:00:00,135.25
2025-07-03 12:30:00,134.4333333333334
2025-07-03 13:00:00,151.8499999999998
2025-07-03 13:30:00,162.38333333333338
2025-07-03 14:00:00,160.76666666666682
2025-07-03 14:30:00,163.1000000000002
2025-07-03 15:00:00,162.1333333333334
2025-07-03 15:30:00,171.1333333333332
2025-07-03 16:00:00,175.6833333333334
2025-07-03 16:30:00,166.6166666666668
2025-07-03 17:00:00,163.25
2025-07-03 17:30:00,156.86666666666667
2025-07-03 18:00:00,149.1666666666668
2025-07-03 18:30:00,105.66666666666653
2025-07-03 19:00:00,93.89999999999993
2025-07-03 19:30:00,121.98333333333326
2025-07-03 20:00:00,123.55000000000005
2025-07-03 20:30:00,111.54999999999994
2025-07-03 21:00:00,97.7166666666666
2025-07-03 21:30:00,87.6333333333332
2025-07-03 22:00:00,77.76666666666665
2025-07-03 22:30:00,77.86666666666653
2025-07-03 23:00:00,76.91666666666674
2025-07-03 23:30:00,78.35000000000007
2025-07-04 00:00:00,78.00000000000006
2025-07-04 00:30:00,68.06666666666675
2025-07-04 01:00:00,56.3333333333334
2025-07-04 01:30:00,54.400000000000006
2025-07-04 02:00:00,52.85000000000006
2025-07-04 02:30:00,53.333333333333414
2025-07-04 03:00:00,52.016666666666595
2025-07-04 03:30:00,118.43333333333334
2025-07-04 04:00:00,112.44999999999986
2025-07-04 04:30:00,115.11666666666666
2025-07-04 05:00:00,108.68333333333341
2025-07-04 05:30:00,105.1666666666666
2025-07-04 06:00:00,99.90000000000015
2025-07-04 06:30:00,94.81666666666673
2025-07-04 07:00:00,89.64999999999993
2025-07-04 07:30:00,82.8333333333334
2025-07-04 08:00:00,77.6833333333334
2025-07-04 08:30:00,77.3333333333332
2025-07-04 09:00:00,76.36666666666667
2025-07-04 09:30:00,79.1333333333334
2025-07-04 10:00:00,81.80000000000001
2025-07-04 10:30:00,117.61666666666667
2025-07-04 11:00:00,80.98333333333328
2025-07-04 11:30:00,1.950000000000002
2025-07-04 12:00:00,0.0
2025-07-04 12:30:00,0.0
2025-07-04 13:00:00,0.0
2025-07-04 13:30:00,0.0
2025-07-04 14:00:00,0.0
2025-07-04 14:30:00,0.0
2025-07-04 15:00:00,0.0
2025-07-04 15:30:00,0.0
2025-07-04 16:00:00,214.6166666666664
2025-07-04 16:30:00,66.31666666666666
2025-07-04 17:00:00,60.300000000000004
2025-07-04 17:30:00,57.16666666666666
2025-07-04 18:00:00,52.96666666666668
2025-07-04 18:30:00,51.400000000000006
2025-07-04 19:00:00,45.25
2025-07-04 19:30:00,41.06666666666666
2025-07-04 20:00:00,43.98333333333332
2025-07-04 20:30:00,41.08333333333334
2025-07-04 21:00:00,19.91666666666664
2025-07-04 21:30:00,13.316666666666654
2025-07-04 22:00:00,7.200000000000007
2025-07-04 22:30:00,5.1
2025-07-04 23:00:00,2.9
2025-07-04 23:30:00,2.9
2025-07-05 00:00:00,2.9
2025-07-05 00:30:00,2.9
2025-07-05 01:00:00,2.3
2025-07-05 01:30:00,2.916666666666666
2025-07-05 02:00:00,1.133333333333332
2025-07-05 02:30:00,1.1666666666666679
2025-07-05 03:00:00,2.45
2025-07-05 03:30:00,0.9666666666666679
2025-07-05 04:00:00,0.933333333333332
2025-07-05 04:30:00,1.366666666666668
2025-07-05 05:00:00,0.0
2025-07-05 05:30:00,0.0
2025-07-05 06:00:00,0.0
2025-07-05 06:30:00,0.0
2025-07-05 07:00:00,0.0
2025-07-05 07:30:00,0.0
2025-07-05 08:00:00,0.0
2025-07-05 08:30:00,0.0
2025-07-05 09:00:00,0.0
2025-07-05 09:30:00,0.0
2025-07-05 10:00:00,0.0
2025-07-05 10:30:00,0.0
2025-07-05 11:00:00,0.0
2025-07-05 11:30:00,0.0
2025-07-05 12:00:00,0.0
2025-07-05 12:30:00,22.91666666666666
2025-07-05 13:00:00,20.0
2025-07-05 13:30:00,29.11666666666666
2025-07-05 14:00:00,55.7
2025-07-05 14:30:00,71.26666666666674
2025-07-05 15:00:00,73.61666666666675
2025-07-05 15:30:00,0.0
2025-07-05 16:00:00,2.95
2025-07-05 16:30:00,26.58333333333332
2025-07-05 17:00:00,38.03333333333332
2025-07-05 17:30:00,51.78333333333332
2025-07-05 18:00:00,83.19999999999995
2025-07-05 18:30:00,209.1833333333334
2025-07-05 19:00:00,80.29999999999987
2025-07-05 19:30:00,118.8
2025-07-05 20:00:00,90.19999999999986
2025-07-05 20:30:00,87.0666666666666
2025-07-05 21:00:00,84.06666666666666
2025-07-05 21:30:00,81.73333333333333
2025-07-05 22:00:00,78.60000000000014
2025-07-05 22:30:00,78.76666666666651
2025-07-05 23:00:00,85.1833333333334
2025-07-05 23:30:00,0.0
2025-07-06 00:00:00,0.0
2025-07-06 00:30:00,0.0
2025-07-06 01:00:00,0.0
2025-07-06 01:30:00,0.0
2025-07-06 02:00:00,0.0
2025-07-06 02:30:00,0.0
2025-07-06 03:00:00,0.0
2025-07-06 03:30:00,0.0
2025-07-06 04:00:00,0.0
2025-07-06 04:30:00,0.0
2025-07-06 05:00:00,0.0
2025-07-06 05:30:00,0.0
2025-07-06 06:00:00,0.0
2025-07-06 06:30:00,0.0
2025-07-06 07:00:00,0.0
2025-07-06 07:30:00,0.0
2025-07-06 08:00:00,0.0
2025-07-06 08:30:00,0.0
2025-07-06 09:00:00,0.0
2025-07-06 09:30:00,0.0
2025-07-06 10:00:00,0.0
2025-07-06 10:30:00,0.0
2025-07-06 11:00:00,0.0
2025-07-06 11:30:00,0.0
2025-07-06 12:00:00,0.0
2025-07-06 12:30:00,0.0
2025-07-06 13:00:00,0.0
2025-07-06 13:30:00,0.0
2025-07-06 14:00:00,0.0
2025-07-06 14:30:00,0.0
2025-07-06 15:00:00,0.0
2025-07-06 15:30:00,0.0
2025-07-06 16:00:00,0.0
2025-07-06 16:30:00,0.0
2025-07-06 17:00:00,0.0
2025-07-06 17:30:00,0.0
2025-07-06 18:00:00,0.0
2025-07-06 18:30:00,2.43333333333334
2025-07-06 19:00:00,97.79999999999994
2025-07-06 19:30:00,37.533333333333346
2025-07-06 20:00:00,100.58333333333333
2025-07-06 20:30:00,97.83333333333334
2025-07-06 21:00:00,89.26666666666667
2025-07-06 21:30:00,82.83333333333327
2025-07-06 22:00:00,77.35000000000014
2025-07-06 22:30:00,75.83333333333354
2025-07-06 23:00:00,73.56666666666666
2025-07-06 23:30:00,68.38333333333327
2025-07-07 00:00:00,63.43333333333314
2025-07-07 00:30:00,59.90000000000002
2025-07-07 01:00:00,64.98333333333326
2025-07-07 01:30:00,65.84999999999987
2025-07-07 02:00:00,65.08333333333353
2025-07-07 02:30:00,73.40000000000006
2025-07-07 03:00:00,78.03333333333319
2025-07-07 03:30:00,78.7
2025-07-07 04:00:00,62.89999999999992
2025-07-07 04:30:00,59.16666666666658
2025-07-07 05:00:00,56.43333333333334
2025-07-07 05:30:00,54.55000000000008
2025-07-07 06:00:00,52.1
2025-07-07 06:30:00,52.75000000000002
2025-07-07 07:00:00,52.03333333333332
2025-07-07 07:30:00,50.76666666666668
2025-07-07 08:00:00,1.799999999999998
2025-07-07 08:30:00,21.149999999999995
2025-07-07 09:00:00,32.71666666666667
2025-07-07 09:30:00,8.483333333333325
2025-07-07 10:00:00,99.2
2025-07-07 10:30:00,83.45
2025-07-07 11:00:00,51.31666666666668
2025-07-07 11:30:00,11.69999999999998
2025-07-07 12:00:00,147.4999999999998
2025-07-07 12:30:00,0.0
2025-07-07 13:00:00,101.4999999999998
2025-07-07 13:30:00,44.75
2025-07-07 14:00:00,4.716666666666666
2025-07-07 14:30:00,223.2666666666664
2025-07-07 15:00:00,10.46666666666666
2025-07-07 15:30:00,10.86666666666668
2025-07-07 16:00:00,91.20000000000006
2025-07-07 16:30:00,109.88333333333341
2025-07-07 17:00:00,122.21666666666654
2025-07-07 17:30:00,76.81666666666666
2025-07-07 18:00:00,171.43333333333345
2025-07-07 18:30:00,162.3
2025-07-07 19:00:00,152.2333333333332
2025-07-07 19:30:00,139.7666666666666
2025-07-07 20:00:00,75.41666666666666
2025-07-07 20:30:00,141.96666666666667
2025-07-07 21:00:00,147.05833333333354
2025-07-07 21:30:00,203.4583333333334
2025-07-07 22:00:00,141.95
2025-07-07 22:30:00,117.9833333333332
2025-07-07 23:00:00,61.84999999999992
2025-07-07 23:30:00,83.68333333333325
2025-07-08 00:00:00,86.10000000000001
2025-07-08 00:30:00,52.31666666666662
2025-07-08 01:00:00,41.63333333333334
2025-07-08 01:30:00,55.283333333333324
2025-07-08 02:00:00,68.46666666666654
2025-07-08 02:30:00,38.03333333333334
2025-07-08 03:00:00,60.5
2025-07-08 03:30:00,49.83333333333334
2025-07-08 04:00:00,28.4
2025-07-08 04:30:00,22.2
2025-07-08 05:00:00,17.333333333333336
2025-07-08 05:30:00,27.933333333333337
2025-07-08 06:00:00,23.38333333333334
2025-07-08 06:30:00,19.73333333333334
2025-07-08 07:00:00,16.35
2025-07-08 07:30:00,9.71666666666666
2025-07-08 08:00:00,0.0
2025-07-08 08:30:00,0.0
2025-07-08 09:00:00,0.0
2025-07-08 09:30:00,0.0
2025-07-08 10:00:00,0.0
2025-07-08 10:30:00,0.0
2025-07-08 11:00:00,0.0
2025-07-08 11:30:00,0.0
2025-07-08 12:00:00,0.0
2025-07-08 12:30:00,0.0
2025-07-08 13:00:00,0.0
2025-07-08 13:30:00,0.0
2025-07-08 14:00:00,0.0
2025-07-08 14:30:00,0.0
2025-07-08 15:00:00,0.0
2025-07-08 15:30:00,0.0
2025-07-08 16:00:00,0.0
2025-07-08 16:30:00,0.0
2025-07-08 17:00:00,0.0
2025-07-08 17:30:00,0.0
2025-07-08 18:00:00,0.0
2025-07-08 18:30:00,0.0
2025-07-08 19:00:00,0.0
2025-07-08 19:30:00,0.0
2025-07-08 20:00:00,0.0
2025-07-08 20:30:00,0.0
2025-07-08 21:00:00,0.0
2025-07-08 21:30:00,0.0
2025-07-08 22:00:00,0.0
2025-07-08 22:30:00,0.0
2025-07-08 23:00:00,0.0
2025-07-08 23:30:00,0.0
2025-07-09 00:00:00,0.0
2025-07-09 00:30:00,0.0
2025-07-09 01:00:00,20.3
2025-07-09 01:30:00,45.1
2025-07-09 02:00:00,52.43333333333326
2025-07-09 02:30:00,36.10000000000006
2025-07-09 03:00:00,24.56666666666668
2025-07-09 03:30:00,45.95
2025-07-09 04:00:00,42.2166666666666
2025-07-09 04:30:00,20.1
2025-07-09 05:00:00,30.066666666666677
2025-07-09 05:30:00,2.9000000000000004
2025-07-09 06:00:00,38.0
2025-07-09 06:30:00,25.96666666666666
2025-07-09 07:00:00,0.0
2025-07-09 07:30:00,0.0
2025-07-09 08:00:00,0.0
2025-07-09 08:30:00,0.0
2025-07-09 09:00:00,0.0
2025-07-09 09:30:00,0.0
2025-07-09 10:00:00,0.0
2025-07-09 10:30:00,0.0
2025-07-09 11:00:00,0.0
2025-07-09 11:30:00,0.0
2025-07-09 12:00:00,0.0
2025-07-09 12:30:00,0.0
2025-07-09 13:00:00,0.0
2025-07-09 13:30:00,0.0
2025-07-09 14:00:00,28.2833333333334
2025-07-09 14:30:00,10.45
2025-07-09 15:00:00,0.0
2025-07-09 15:30:00,0.0
2025-07-09 16:00:00,0.0
2025-07-09 16:30:00,0.0
2025-07-09 17:00:00,31.5
2025-07-09 17:30:00,65.15
2025-07-09 18:00:00,87.3333333333332
2025-07-09 18:30:00,18.5
2025-07-09 19:00:00,0.0
2025-07-09 19:30:00,39.4166666666666
2025-07-09 20:00:00,18.33333333333334
2025-07-09 20:30:00,0.0
2025-07-09 21:00:00,0.0
2025-07-09 21:30:00,0.0
2025-07-09 22:00:00,0.0
2025-07-09 22:30:00,0.0
2025-07-09 23:00:00,0.0
2025-07-09 23:30:00,0.0
2025-07-10 00:00:00,0.0
2025-07-10 00:30:00,0.0
2025-07-10 01:00:00,128.98333333333335
2025-07-10 01:30:00,120.6166666666666
2025-07-10 02:00:00,100.8
2025-07-10 02:30:00,100.7833333333332
2025-07-10 03:00:00,178.4166666666668
2025-07-10 03:30:00,172.71666666666658
2025-07-10 04:00:00,170.25
2025-07-10 04:30:00,164.3
2025-07-10 05:00:00,156.8166666666668
2025-07-10 05:30:00,159.1833333333334
2025-07-10 06:00:00,161.2833333333336
2025-07-10 06:30:00,158.21666666666658
2025-07-10 07:00:00,154.75
2025-07-10 07:30:00,165.4999999999998
2025-07-10 08:00:00,170.7833333333332
2025-07-10 08:30:00,185.0833333333334
2025-07-10 09:00:00,199.35
2025-07-10 09:30:00,215.1
2025-07-10 10:00:00,226.6833333333334
2025-07-10 10:30:00,244.1833333333334
2025-07-10 11:00:00,182.2166666666668
2025-07-10 11:30:00,110.8833333333334
2025-07-10 12:00:00,58.71666666666666
2025-07-10 12:30:00,355.0333333333332
2025-07-10 13:00:00,59.4
2025-07-10 13:30:00,350.8666666666664
2025-07-10 14:00:00,22.71666666666666
2025-07-10 14:30:00,339.9333333333336
2025-07-10 15:00:00,244.70000000000002
2025-07-10 15:30:00,111.6166666666666
2025-07-10 16:00:00,238.1500000000002
2025-07-10 16:30:00,197.48333333333326
2025-07-10 17:00:00,171.53333333333342
2025-07-10 17:30:00,172.05
2025-07-10 18:00:00,156.9333333333334
2025-07-10 18:30:00,142.70000000000002
2025-07-10 19:00:00,128.58333333333334
2025-07-10 19:30:00,111.08333333333333
2025-07-10 20:00:00,178.5666666666666
2025-07-10 20:30:00,154.05
2025-07-10 21:00:00,61.483333333333334
2025-07-10 21:30:00,24.7166666666666
2025-07-10 22:00:00,77.0333333333332
2025-07-10 22:30:00,67.68333333333327
2025-07-10 23:00:00,62.61666666666666
2025-07-10 23:30:00,60.25
2025-07-11 00:00:00,57.73333333333334
2025-07-11 00:30:00,55.83333333333336
2025-07-11 01:00:00,59.683333333333344
2025-07-11 01:30:00,78.51666666666665
2025-07-11 02:00:00,74.21666666666667
2025-07-11 02:30:00,0.0
2025-07-11 03:00:00,0.0
2025-07-11 03:30:00,0.0
2025-07-11 04:00:00,0.0
2025-07-11 04:30:00,0.0
2025-07-11 05:00:00,0.0
2025-07-11 05:30:00,0.0
2025-07-11 06:00:00,0.0
2025-07-11 06:30:00,0.0
2025-07-11 07:00:00,0.0
2025-07-11 07:30:00,0.0
2025-07-11 08:00:00,0.0
2025-07-11 08:30:00,0.0
2025-07-11 09:00:00,0.0
2025-07-11 09:30:00,0.0
2025-07-11 10:00:00,0.0
2025-07-11 10:30:00,0.0
2025-07-11 11:00:00,0.0
2025-07-11 11:30:00,0.0
2025-07-11 12:00:00,0.0
2025-07-11 12:30:00,0.0
2025-07-11 13:00:00,0.0
2025-07-11 13:30:00,0.0
2025-07-11 14:00:00,0.0
2025-07-11 14:30:00,0.0
2025-07-11 15:00:00,0.0
2025-07-11 15:30:00,0.0
2025-07-11 16:00:00,0.0
2025-07-11 16:30:00,0.0
2025-07-11 17:00:00,0.0
2025-07-11 17:30:00,0.0
2025-07-11 18:00:00,0.0
2025-07-11 18:30:00,0.0
2025-07-11 19:00:00,0.0
2025-07-11 19:30:00,0.0
2025-07-11 20:00:00,0.0
2025-07-11 20:30:00,0.0
2025-07-11 21:00:00,0.0
2025-07-11 21:30:00,32.3
2025-07-11 22:00:00,5.833333333333336
2025-07-11 22:30:00,22.36666666666668
2025-07-11 23:00:00,44.31666666666666
2025-07-11 23:30:00,54.96666666666666
2025-07-12 00:00:00,65.6
2025-07-12 00:30:00,0.0
2025-07-12 01:00:00,0.0
2025-07-12 01:30:00,0.0
2025-07-12 02:00:00,0.0
2025-07-12 02:30:00,0.0
2025-07-12 03:00:00,0.0
2025-07-12 03:30:00,0.0
2025-07-12 04:00:00,0.0
2025-07-12 04:30:00,0.0
2025-07-12 05:00:00,0.0
2025-07-12 05:30:00,0.0
2025-07-12 06:00:00,0.0
2025-07-12 06:30:00,0.0
2025-07-12 07:00:00,0.0
2025-07-12 07:30:00,0.0
2025-07-12 08:00:00,0.0
2025-07-12 08:30:00,0.0
2025-07-12 09:00:00,0.0
2025-07-12 09:30:00,0.0
2025-07-12 10:00:00,0.0
2025-07-12 10:30:00,0.0
2025-07-12 11:00:00,0.0
2025-07-12 11:30:00,0.0
2025-07-12 12:00:00,0.0
2025-07-12 12:30:00,0.0
2025-07-12 13:00:00,0.0
2025-07-12 13:30:00,0.0
2025-07-12 14:00:00,0.0
2025-07-12 14:30:00,0.0
2025-07-12 15:00:00,0.0
2025-07-12 15:30:00,0.0
2025-07-12 16:00:00,0.0
2025-07-12 16:30:00,0.0
2025-07-12 17:00:00,0.0
2025-07-12 17:30:00,0.0
2025-07-12 18:00:00,0.0
2025-07-12 18:30:00,0.0
2025-07-12 19:00:00,0.0
2025-07-12 19:30:00,0.0
2025-07-12 20:00:00,0.0
2025-07-12 20:30:00,0.0
2025-07-12 21:00:00,0.0
2025-07-12 21:30:00,0.0
2025-07-12 22:00:00,0.0
2025-07-12 22:30:00,0.0
2025-07-12 23:00:00,0.0
2025-07-12 23:30:00,0.0
2025-07-13 00:00:00,0.0
2025-07-13 00:30:00,0.0
2025-07-13 01:00:00,0.0
2025-07-13 01:30:00,0.0
2025-07-13 02:00:00,0.0
2025-07-13 02:30:00,0.0
2025-07-13 03:00:00,0.0
2025-07-13 03:30:00,0.0
2025-07-13 04:00:00,0.0
2025-07-13 04:30:00,0.0
2025-07-13 05:00:00,0.0
2025-07-13 05:30:00,0.0
2025-07-13 06:00:00,0.0
2025-07-13 06:30:00,0.0
2025-07-13 07:00:00,0.0
2025-07-13 07:30:00,0.0
2025-07-13 08:00:00,0.0
2025-07-13 08:30:00,0.0
2025-07-13 09:00:00,0.0
2025-07-13 09:30:00,0.0
2025-07-13 10:00:00,0.0
2025-07-13 10:30:00,0.0
2025-07-13 11:00:00,0.0
2025-07-13 11:30:00,0.0
2025-07-13 12:00:00,0.0
2025-07-13 12:30:00,0.0
2025-07-13 13:00:00,0.0
2025-07-13 13:30:00,0.0
2025-07-13 14:00:00,0.0
2025-07-13 14:30:00,0.0
2025-07-13 15:00:00,0.0
2025-07-13 15:30:00,0.0
2025-07-13 16:00:00,0.0
2025-07-13 16:30:00,0.0
2025-07-13 17:00:00,0.0
2025-07-13 17:30:00,0.0
2025-07-13 18:00:00,0.0
2025-07-13 18:30:00,0.0
2025-07-13 19:00:00,0.0
2025-07-13 19:30:00,0.0
2025-07-13 20:00:00,0.0
2025-07-13 20:30:00,0.0
2025-07-13 21:00:00,0.0
2025-07-13 21:30:00,0.0
2025-07-13 22:00:00,0.0
2025-07-13 22:30:00,0.0
2025-07-13 23:00:00,0.0
2025-07-13 23:30:00,0.0
2025-07-14 00:00:00,0.4833333333333334
2025-07-14 00:30:00,29.166666666666682
2025-07-14 01:00:00,48.13333333333334
2025-07-14 01:30:00,45.18333333333332
2025-07-14 02:00:00,46.15
2025-07-14 02:30:00,0.7166666666666675
2025-07-14 03:00:00,0.0
2025-07-14 03:30:00,0.0
2025-07-14 04:00:00,24.38333333333334
2025-07-14 04:30:00,17.88333333333332
2025-07-14 05:00:00,11.75
2025-07-14 05:30:00,11.7
2025-07-14 06:00:00,2.383333333333334
2025-07-14 06:30:00,0.0
2025-07-14 07:00:00,0.0
2025-07-14 07:30:00,0.0
2025-07-14 08:00:00,0.0
2025-07-14 08:30:00,5.149999999999994
2025-07-14 09:00:00,4.333333333333334
2025-07-14 09:30:00,5.35
2025-07-14 10:00:00,6.916666666666666
2025-07-14 10:30:00,2.6999999999999997
2025-07-14 11:00:00,8.01666666666666
2025-07-14 11:30:00,6.3166666666666655
2025-07-14 12:00:00,1.35
2025-07-14 12:30:00,9.0
2025-07-14 13:00:00,7.899999999999994
2025-07-14 13:30:00,9.63333333333334
2025-07-14 14:00:00,0.0
2025-07-14 14:30:00,0.0
2025-07-14 15:00:00,0.0
2025-07-14 15:30:00,0.0
2025-07-14 16:00:00,0.0
2025-07-14 16:30:00,0.0
2025-07-14 17:00:00,0.0
2025-07-14 17:30:00,0.0
2025-07-14 18:00:00,0.0
2025-07-14 18:30:00,0.0
2025-07-14 19:00:00,0.0
2025-07-14 19:30:00,0.0
2025-07-14 20:00:00,0.0
2025-07-14 20:30:00,0.0
2025-07-14 21:00:00,0.0
2025-07-14 21:30:00,0.0
2025-07-14 22:00:00,0.0
2025-07-14 22:30:00,0.0
2025-07-14 23:00:00,0.0
2025-07-14 23:30:00,0.0
2025-07-15 00:00:00,0.0
2025-07-15 00:30:00,0.0
2025-07-15 01:00:00,0.0
2025-07-15 01:30:00,0.0
2025-07-15 02:00:00,0.0
2025-07-15 02:30:00,0.0
2025-07-15 03:00:00,0.0
2025-07-15 03:30:00,0.0
2025-07-15 04:00:00,0.0
2025-07-15 04:30:00,0.0
2025-07-15 05:00:00,0.0
2025-07-15 05:30:00,0.0
2025-07-15 06:00:00,0.0
2025-07-15 06:30:00,0.0
2025-07-15 07:00:00,0.0
2025-07-15 07:30:00,0.0
2025-07-15 08:00:00,0.0
2025-07-15 08:30:00,0.0
2025-07-15 09:00:00,0.0
2025-07-15 09:30:00,0.0
2025-07-15 10:00:00,0.0
2025-07-15 10:30:00,0.0
2025-07-15 11:00:00,0.0
2025-07-15 11:30:00,0.0
2025-07-15 12:00:00,0.0
2025-07-15 12:30:00,0.0
2025-07-15 13:00:00,0.0
2025-07-15 13:30:00,0.0
2025-07-15 14:00:00,0.0
2025-07-15 14:30:00,0.0
2025-07-15 15:00:00,0.0
2025-07-15 15:30:00,0.0
2025-07-15 16:00:00,0.0
2025-07-15 16:30:00,0.0
2025-07-15 17:00:00,0.0
2025-07-15 17:30:00,0.0
2025-07-15 18:00:00,0.0
2025-07-15 18:30:00,0.0
2025-07-15 19:00:00,0.0
2025-07-15 19:30:00,0.0
2025-07-15 20:00:00,0.0
2025-07-15 20:30:00,0.0
2025-07-15 21:00:00,0.0
2025-07-15 21:30:00,0.0
2025-07-15 22:00:00,0.0
2025-07-15 22:30:00,0.0
2025-07-15 23:00:00,0.0
2025-07-15 23:30:00,0.0
2025-07-16 00:00:00,0.0
2025-07-16 00:30:00,0.0
2025-07-16 01:00:00,0.0
2025-07-16 01:30:00,0.0
2025-07-16 02:00:00,0.0
2025-07-16 02:30:00,0.0
2025-07-16 03:00:00,0.0
2025-07-16 03:30:00,0.0
2025-07-16 04:00:00,0.0
2025-07-16 04:30:00,0.0
2025-07-16 05:00:00,0.0
2025-07-16 05:30:00,0.0
2025-07-16 06:00:00,0.0
2025-07-16 06:30:00,0.0
2025-07-16 07:00:00,0.0
2025-07-16 07:30:00,0.0
2025-07-16 08:00:00,0.0
2025-07-16 08:30:00,0.0
2025-07-16 09:00:00,0.0
2025-07-16 09:30:00,0.0
2025-07-16 10:00:00,0.0
2025-07-16 10:30:00,0.0
2025-07-16 11:00:00,0.0
2025-07-16 11:30:00,0.0
2025-07-16 12:00:00,0.0
2025-07-16 12:30:00,0.0
2025-07-16 13:00:00,0.0
2025-07-16 13:30:00,0.0
2025-07-16 14:00:00,0.0
2025-07-16 14:30:00,0.0
2025-07-16 15:00:00,0.0
2025-07-16 15:30:00,0.0
2025-07-16 16:00:00,0.0
2025-07-16 16:30:00,0.0
2025-07-16 17:00:00,0.0
2025-07-16 17:30:00,0.0
2025-07-16 18:00:00,0.0
2025-07-16 18:30:00,0.0
2025-07-16 19:00:00,0.0
2025-07-16 19:30:00,0.0
2025-07-16 20:00:00,0.0
2025-07-16 20:30:00,0.0
2025-07-16 21:00:00,0.0
2025-07-16 21:30:00,0.0
2025-07-16 22:00:00,0.0
2025-07-16 22:30:00,0.0
2025-07-16 23:00:00,0.0
2025-07-16 23:30:00,0.0
2025-07-17 00:00:00,0.0
2025-07-17 00:30:00,0.0
2025-07-17 01:00:00,0.0
2025-07-17 01:30:00,0.0
2025-07-17 02:00:00,0.0
2025-07-17 02:30:00,0.0
2025-07-17 03:00:00,0.0
2025-07-17 03:30:00,0.0
2025-07-17 04:00:00,0.0
2025-07-17 04:30:00,0.0
2025-07-17 05:00:00,0.0
2025-07-17 05:30:00,0.0
2025-07-17 06:00:00,0.0
2025-07-17 06:30:00,0.0
2025-07-17 07:00:00,0.0
2025-07-17 07:30:00,0.0
2025-07-17 08:00:00,0.0
2025-07-17 08:30:00,0.0
2025-07-17 09:00:00,0.0
2025-07-17 09:30:00,0.0
2025-07-17 10:00:00,0.0
2025-07-17 10:30:00,0.0
2025-07-17 11:00:00,0.0
2025-07-17 11:30:00,0.0
2025-07-17 12:00:00,0.0
2025-07-17 12:30:00,0.0
2025-07-17 13:00:00,0.0
2025-07-17 13:30:00,0.0
2025-07-17 14:00:00,0.0
2025-07-17 14:30:00,0.0
2025-07-17 15:00:00,0.0
2025-07-17 15:30:00,8.316666666666666
2025-07-17 16:00:00,8.733333333333327
2025-07-17 16:30:00,7.950000000000008
2025-07-17 17:00:00,4.766666666666664
2025-07-17 17:30:00,4.749999999999998
2025-07-17 18:00:00,3.216666666666666
2025-07-17 18:30:00,3.983333333333332
2025-07-17 19:00:00,4.033333333333334
2025-07-17 19:30:00,6.400000000000002
2025-07-17 20:00:00,5.650000000000002
2025-07-17 20:30:00,8.81666666666666
2025-07-17 21:00:00,12.06666666666666
2025-07-17 21:30:00,17.61666666666666
2025-07-17 22:00:00,21.68333333333334
2025-07-17 22:30:00,29.58333333333334
2025-07-17 23:00:00,34.4
2025-07-17 23:30:00,41.56666666666666
2025-07-18 00:00:00,47.13333333333332
2025-07-18 00:30:00,52.68333333333334
2025-07-18 01:00:00,61.51666666666668
2025-07-18 01:30:00,67.86666666666675
2025-07-18 02:00:00,71.90000000000006
2025-07-18 02:30:00,79.85
2025-07-18 03:00:00,84.68333333333325
2025-07-18 03:30:00,91.86666666666646
2025-07-18 04:00:00,98.3
2025-07-18 04:30:00,107.0666666666668
2025-07-18 05:00:00,114.2833333333334
2025-07-18 05:30:00,123.7999999999998
2025-07-18 06:00:00,128.6666666666666
2025-07-18 06:30:00,138.2
2025-07-18 07:00:00,148.5666666666666
2025-07-18 07:30:00,79.81666666666673
2025-07-18 08:00:00,81.35
2025-07-18 08:30:00,94.33333333333327
2025-07-18 09:00:00,89.98333333333346
2025-07-18 09:30:00,264.9500000000002
2025-07-18 10:00:00,113.2333333333334
2025-07-18 10:30:00,120.81666666666679
2025-07-18 11:00:00,61.6833333333334
2025-07-18 11:30:00,171.6833333333332
2025-07-18 12:00:00,230.1166666666664
2025-07-18 12:30:00,270.0833333333332
2025-07-18 13:00:00,273.8
2025-07-18 13:30:00,273.7833333333334
2025-07-18 14:00:00,272.7833333333334
2025-07-18 14:30:00,85.00000000000006
2025-07-18 15:00:00,0.0
2025-07-18 15:30:00,0.0
2025-07-18 16:00:00,0.0
2025-07-18 16:30:00,0.0
2025-07-18 17:00:00,0.0
2025-07-18 17:30:00,0.0
2025-07-18 18:00:00,0.0
2025-07-18 18:30:00,37.51666666666666
2025-07-18 19:00:00,54.86666666666666
2025-07-18 19:30:00,0.0
2025-07-18 20:00:00,0.0
2025-07-18 20:30:00,0.0
2025-07-18 21:00:00,0.0
2025-07-18 21:30:00,0.0
2025-07-18 22:00:00,0.0
2025-07-18 22:30:00,0.0
2025-07-18 23:00:00,0.0
2025-07-18 23:30:00,0.0
2025-07-19 00:00:00,0.0
2025-07-19 00:30:00,0.0
2025-07-19 01:00:00,0.0
2025-07-19 01:30:00,0.0
2025-07-19 02:00:00,0.0
2025-07-19 02:30:00,0.0
2025-07-19 03:00:00,0.0
2025-07-19 03:30:00,0.0
2025-07-19 04:00:00,0.0
2025-07-19 04:30:00,0.0
2025-07-19 05:00:00,0.0
2025-07-19 05:30:00,0.0
2025-07-19 06:00:00,0.0
2025-07-19 06:30:00,0.0
2025-07-19 07:00:00,0.0
2025-07-19 07:30:00,0.0
2025-07-19 08:00:00,0.0
2025-07-19 08:30:00,0.0
2025-07-19 09:00:00,0.0
2025-07-19 09:30:00,0.0
2025-07-19 10:00:00,0.0
2025-07-19 10:30:00,0.0
2025-07-19 11:00:00,0.0
2025-07-19 11:30:00,0.0
2025-07-19 12:00:00,0.0
2025-07-19 12:30:00,0.0
2025-07-19 13:00:00,0.0
2025-07-19 13:30:00,63.1333333333334
2025-07-19 14:00:00,30.08333333333334
2025-07-19 14:30:00,94.6166666666666
2025-07-19 15:00:00,28.0
2025-07-19 15:30:00,79.58333333333331
2025-07-19 16:00:00,73.06666666666668
2025-07-19 16:30:00,30.200000000000003
2025-07-19 17:00:00,28.58333333333334
2025-07-19 17:30:00,72.8166666666668
2025-07-19 18:00:00,69.9666666666666
2025-07-19 18:30:00,70.6166666666666
2025-07-19 19:00:00,26.35
2025-07-19 19:30:00,24.716666666666683
2025-07-19 20:00:00,42.73333333333336
2025-07-19 20:30:00,47.61666666666666
2025-07-19 21:00:00,45.2
2025-07-19 21:30:00,42.8
2025-07-19 22:00:00,41.98333333333332
2025-07-19 22:30:00,41.66666666666668
2025-07-19 23:00:00,45.83333333333334
2025-07-19 23:30:00,47.85
2025-07-20 00:00:00,40.66666666666666
2025-07-20 00:30:00,47.85
2025-07-20 01:00:00,57.16666666666668
2025-07-20 01:30:00,61.26666666666666
2025-07-20 02:00:00,64.83333333333331
2025-07-20 02:30:00,67.41666666666666
2025-07-20 03:00:00,61.35000000000006
2025-07-20 03:30:00,67.01666666666661
2025-07-20 04:00:00,94.28333333333333
2025-07-20 04:30:00,44.29999999999994
2025-07-20 05:00:00,43.41666666666666
2025-07-20 05:30:00,47.26666666666672
2025-07-20 06:00:00,59.74999999999994
2025-07-20 06:30:00,51.08333333333334
2025-07-20 07:00:00,61.05
2025-07-20 07:30:00,47.73333333333332
2025-07-20 08:00:00,80.33333333333334
2025-07-20 08:30:00,0.0
2025-07-20 09:00:00,0.0
2025-07-20 09:30:00,0.0
2025-07-20 10:00:00,0.0
2025-07-20 10:30:00,0.0
2025-07-20 11:00:00,0.0
2025-07-20 11:30:00,0.0
2025-07-20 12:00:00,0.0
2025-07-20 12:30:00,0.0
2025-07-20 13:00:00,0.0
2025-07-20 13:30:00,0.0
2025-07-20 14:00:00,0.0
2025-07-20 14:30:00,0.0
2025-07-20 15:00:00,53.233333333333334
2025-07-20 15:30:00,168.68333333333356
2025-07-20 16:00:00,246.60000000000002
2025-07-20 16:30:00,72.24999999999986
2025-07-20 17:00:00,84.4833333333334
2025-07-20 17:30:00,80.96666666666667
2025-07-20 18:00:00,87.93333333333325
2025-07-20 18:30:00,146.36666666666662
2025-07-20 19:00:00,146.8
2025-07-20 19:30:00,111.5166666666668
2025-07-20 20:00:00,76.03333333333332
2025-07-20 20:30:00,44.66666666666668
2025-07-20 21:00:00,65.25000000000006
2025-07-20 21:30:00,55.38333333333334
2025-07-20 22:00:00,52.35000000000002
2025-07-20 22:30:00,105.78333333333335
2025-07-20 23:00:00,113.04999999999994
2025-07-20 23:30:00,46.3666666666666
2025-07-21 00:00:00,14.166666666666659
2025-07-21 00:30:00,11.71666666666666
2025-07-21 01:00:00,47.43333333333334
2025-07-21 01:30:00,61.949999999999925
2025-07-21 02:00:00,65.64999999999992
2025-07-21 02:30:00,79.59999999999987
2025-07-21 03:00:00,64.0333333333334
2025-07-21 03:30:00,22.98333333333334
2025-07-21 04:00:00,0.0
2025-07-21 04:30:00,0.0
2025-07-21 05:00:00,0.0
2025-07-21 05:30:00,0.0
2025-07-21 06:00:00,0.0
2025-07-21 06:30:00,0.0
2025-07-21 07:00:00,0.0
2025-07-21 07:30:00,0.0
2025-07-21 08:00:00,0.0
2025-07-21 08:30:00,0.0
2025-07-21 09:00:00,0.0
2025-07-21 09:30:00,0.0
2025-07-21 10:00:00,0.0
2025-07-21 10:30:00,0.0
2025-07-21 11:00:00,0.0
2025-07-21 11:30:00,0.0
2025-07-21 12:00:00,0.0
2025-07-21 12:30:00,0.0
2025-07-21 13:00:00,0.0
2025-07-21 13:30:00,0.0
2025-07-21 14:00:00,0.0
2025-07-21 14:30:00,0.0
2025-07-21 15:00:00,0.0
2025-07-21 15:30:00,0.0
2025-07-21 16:00:00,0.0
2025-07-21 16:30:00,0.0
2025-07-21 17:00:00,0.0
2025-07-21 17:30:00,0.0
2025-07-21 18:00:00,0.0
2025-07-21 18:30:00,0.0
2025-07-21 19:00:00,0.0
2025-07-21 19:30:00,0.0
2025-07-21 20:00:00,0.0
2025-07-21 20:30:00,0.0
2025-07-21 21:00:00,0.0
2025-07-21 21:30:00,0.0
2025-07-21 22:00:00,0.0
2025-07-21 22:30:00,0.0
2025-07-21 23:00:00,0.0
2025-07-21 23:30:00,0.0
2025-07-22 00:00:00,0.0
2025-07-22 00:30:00,0.0
2025-07-22 01:00:00,0.0
2025-07-22 01:30:00,0.0
2025-07-22 02:00:00,0.0
2025-07-22 02:30:00,0.0
2025-07-22 03:00:00,0.0
2025-07-22 03:30:00,0.0
2025-07-22 04:00:00,0.0
2025-07-22 04:30:00,0.0
2025-07-22 05:00:00,0.0
2025-07-22 05:30:00,0.0
2025-07-22 06:00:00,0.0
2025-07-22 06:30:00,0.0
2025-07-22 07:00:00,0.0
2025-07-22 07:30:00,0.0
2025-07-22 08:00:00,0.0
2025-07-22 08:30:00,0.0
2025-07-22 09:00:00,0.0
2025-07-22 09:30:00,0.0
2025-07-22 10:00:00,0.0
2025-07-22 10:30:00,0.0
2025-07-22 11:00:00,0.0
2025-07-22 11:30:00,0.0
2025-07-22 12:00:00,0.0
2025-07-22 12:30:00,0.0
2025-07-22 13:00:00,0.0
2025-07-22 13:30:00,0.0
2025-07-22 14:00:00,0.0
2025-07-22 14:30:00,0.0
2025-07-22 15:00:00,0.0
2025-07-22 15:30:00,0.0
2025-07-22 16:00:00,0.0
2025-07-22 16:30:00,0.0
2025-07-22 17:00:00,0.0
2025-07-22 17:30:00,0.0
2025-07-22 18:00:00,0.0
2025-07-22 18:30:00,0.0
2025-07-22 19:00:00,0.0
2025-07-22 19:30:00,0.0
2025-07-22 20:00:00,0.0
2025-07-22 20:30:00,0.0
2025-07-22 21:00:00,0.0
2025-07-22 21:30:00,0.0
2025-07-22 22:00:00,0.0
2025-07-22 22:30:00,0.0
2025-07-22 23:00:00,0.0
2025-07-22 23:30:00,0.0
2025-07-23 00:00:00,0.0
2025-07-23 00:30:00,0.0
2025-07-23 01:00:00,0.0
2025-07-23 01:30:00,0.0
2025-07-23 02:00:00,0.0
2025-07-23 02:30:00,0.0
2025-07-23 03:00:00,0.0
2025-07-23 03:30:00,0.0
2025-07-23 04:00:00,0.0
2025-07-23 04:30:00,0.0
2025-07-23 05:00:00,0.0
2025-07-23 05:30:00,0.0
2025-07-23 06:00:00,0.0
2025-07-23 06:30:00,0.0
2025-07-23 07:00:00,0.0
2025-07-23 07:30:00,0.0
2025-07-23 08:00:00,0.0
2025-07-23 08:30:00,0.0
2025-07-23 09:00:00,0.0
2025-07-23 09:30:00,0.0
2025-07-23 10:00:00,0.0
2025-07-23 10:30:00,0.0
2025-07-23 11:00:00,0.0
2025-07-23 11:30:00,0.0
2025-07-23 12:00:00,0.0
2025-07-23 12:30:00,0.0
2025-07-23 13:00:00,0.0
2025-07-23 13:30:00,0.0
2025-07-23 14:00:00,0.0
2025-07-23 14:30:00,0.0
2025-07-23 15:00:00,0.0
2025-07-23 15:30:00,0.0
2025-07-23 16:00:00,0.0
2025-07-23 16:30:00,0.0
2025-07-23 17:00:00,0.0
2025-07-23 17:30:00,0.0
2025-07-23 18:00:00,0.0
2025-07-23 18:30:00,0.0
2025-07-23 19:00:00,0.0
2025-07-23 19:30:00,0.0
2025-07-23 20:00:00,0.0
2025-07-23 20:30:00,0.0
2025-07-23 21:00:00,0.0
2025-07-23 21:30:00,0.0
2025-07-23 22:00:00,0.0
2025-07-23 22:30:00,0.0
2025-07-23 23:00:00,0.0
2025-07-23 23:30:00,0.0
2025-07-24 00:00:00,0.0
2025-07-24 00:30:00,0.0
2025-07-24 01:00:00,0.0
2025-07-24 01:30:00,0.0
2025-07-24 02:00:00,0.0
2025-07-24 02:30:00,0.0
2025-07-24 03:00:00,0.0
2025-07-24 03:30:00,0.0
2025-07-24 04:00:00,0.0
2025-07-24 04:30:00,0.0
2025-07-24 05:00:00,0.0
2025-07-24 05:30:00,0.0
2025-07-24 06:00:00,0.0
2025-07-24 06:30:00,0.0
2025-07-24 07:00:00,0.0
2025-07-24 07:30:00,0.0
2025-07-24 08:00:00,0.0
2025-07-24 08:30:00,0.0
2025-07-24 09:00:00,0.0
2025-07-24 09:30:00,0.0
2025-07-24 10:00:00,0.0
2025-07-24 10:30:00,0.0
2025-07-24 11:00:00,0.0
2025-07-24 11:30:00,0.0
2025-07-24 12:00:00,0.0
2025-07-24 12:30:00,0.0
2025-07-24 13:00:00,0.0
2025-07-24 13:30:00,0.0
2025-07-24 14:00:00,0.0
2025-07-24 14:30:00,0.0
2025-07-24 15:00:00,0.0
2025-07-24 15:30:00,0.0
2025-07-24 16:00:00,0.0
2025-07-24 16:30:00,0.0
2025-07-24 17:00:00,0.0
2025-07-24 17:30:00,0.0
2025-07-24 18:00:00,0.0
2025-07-24 18:30:00,0.0
2025-07-24 19:00:00,0.0
2025-07-24 19:30:00,0.0
2025-07-24 20:00:00,0.0
2025-07-24 20:30:00,0.0
2025-07-24 21:00:00,0.0
2025-07-24 21:30:00,0.0
2025-07-24 22:00:00,0.0
2025-07-24 22:30:00,0.0
2025-07-24 23:00:00,0.0
2025-07-24 23:30:00,0.0
2025-07-25 00:00:00,0.0
2025-07-25 00:30:00,0.0
2025-07-25 01:00:00,0.0
2025-07-25 01:30:00,0.0
2025-07-25 02:00:00,0.0
2025-07-25 02:30:00,0.0
2025-07-25 03:00:00,0.0
2025-07-25 03:30:00,0.0
2025-07-25 04:00:00,0.0
2025-07-25 04:30:00,0.0
2025-07-25 05:00:00,0.0
2025-07-25 05:30:00,0.0
2025-07-25 06:00:00,0.0
2025-07-25 06:30:00,0.0
2025-07-25 07:00:00,0.0
2025-07-25 07:30:00,0.0
2025-07-25 08:00:00,0.0
2025-07-25 08:30:00,0.0
2025-07-25 09:00:00,0.0
2025-07-25 09:30:00,0.0
2025-07-25 10:00:00,0.0
2025-07-25 10:30:00,0.0
2025-07-25 11:00:00,0.0
2025-07-25 11:30:00,0.0
2025-07-25 12:00:00,0.0
2025-07-25 12:30:00,0.0
2025-07-25 13:00:00,0.0
2025-07-25 13:30:00,0.0
2025-07-25 14:00:00,0.0
2025-07-25 14:30:00,0.0
2025-07-25 15:00:00,0.0
2025-07-25 15:30:00,0.0
2025-07-25 16:00:00,0.0
2025-07-25 16:30:00,0.0
2025-07-25 17:00:00,0.0
2025-07-25 17:30:00,0.0
2025-07-25 18:00:00,0.0
2025-07-25 18:30:00,0.0
2025-07-25 19:00:00,0.0
2025-07-25 19:30:00,0.0
2025-07-25 20:00:00,0.0
2025-07-25 20:30:00,0.0
2025-07-25 21:00:00,0.0
2025-07-25 21:30:00,0.0
2025-07-25 22:00:00,0.0
2025-07-25 22:30:00,0.0
2025-07-25 23:00:00,0.0
2025-07-25 23:30:00,0.0
2025-07-26 00:00:00,0.0
2025-07-26 00:30:00,0.0
2025-07-26 01:00:00,0.0
2025-07-26 01:30:00,0.0
2025-07-26 02:00:00,0.0
2025-07-26 02:30:00,0.0
2025-07-26 03:00:00,0.0
2025-07-26 03:30:00,0.0
2025-07-26 04:00:00,0.0
2025-07-26 04:30:00,0.0
2025-07-26 05:00:00,0.0
2025-07-26 05:30:00,0.0
2025-07-26 06:00:00,0.0
2025-07-26 06:30:00,0.0
2025-07-26 07:00:00,0.0
2025-07-26 07:30:00,0.0
2025-07-26 08:00:00,0.0
2025-07-26 08:30:00,0.0
2025-07-26 09:00:00,0.0
2025-07-26 09:30:00,0.0
2025-07-26 10:00:00,0.0
2025-07-26 10:30:00,0.0
2025-07-26 11:00:00,0.0
2025-07-26 11:30:00,0.0
2025-07-26 12:00:00,0.0
2025-07-26 12:30:00,0.0
2025-07-26 13:00:00,0.0
2025-07-26 13:30:00,0.0
2025-07-26 14:00:00,0.0
2025-07-26 14:30:00,0.0
2025-07-26 15:00:00,0.0
2025-07-26 15:30:00,0.0
2025-07-26 16:00:00,0.0
2025-07-26 16:30:00,0.0
2025-07-26 17:00:00,0.0
2025-07-26 17:30:00,0.0
2025-07-26 18:00:00,0.0
2025-07-26 18:30:00,0.0
2025-07-26 19:00:00,0.0
2025-07-26 19:30:00,0.0
2025-07-26 20:00:00,0.0
2025-07-26 20:30:00,0.0
2025-07-26 21:00:00,0.0
2025-07-26 21:30:00,0.0
2025-07-26 22:00:00,0.0
2025-07-26 22:30:00,0.0
2025-07-26 23:00:00,0.0
2025-07-26 23:30:00,0.0
2025-07-27 00:00:00,0.0
2025-07-27 00:30:00,0.0
2025-07-27 01:00:00,0.0
2025-07-27 01:30:00,0.0
2025-07-27 02:00:00,0.0
2025-07-27 02:30:00,0.0
2025-07-27 03:00:00,0.0
2025-07-27 03:30:00,0.0
2025-07-27 04:00:00,0.0
2025-07-27 04:30:00,0.0
2025-07-27 05:00:00,0.0
2025-07-27 05:30:00,0.0
2025-07-27 06:00:00,0.0
2025-07-27 06:30:00,0.0
2025-07-27 07:00:00,0.0
2025-07-27 07:30:00,0.0
2025-07-27 08:00:00,0.0
2025-07-27 08:30:00,0.0
2025-07-27 09:00:00,0.0
2025-07-27 09:30:00,0.0
2025-07-27 10:00:00,0.0
2025-07-27 10:30:00,0.0
2025-07-27 11:00:00,0.0
2025-07-27 11:30:00,0.0
2025-07-27 12:00:00,0.0
2025-07-27 12:30:00,0.0
2025-07-27 13:00:00,0.0
2025-07-27 13:30:00,0.0
2025-07-27 14:00:00,0.0
2025-07-27 14:30:00,0.0
2025-07-27 15:00:00,0.0
2025-07-27 15:30:00,0.0
2025-07-27 16:00:00,0.0
2025-07-27 16:30:00,0.0
2025-07-27 17:00:00,0.0
2025-07-27 17:30:00,0.0
2025-07-27 18:00:00,0.0
2025-07-27 18:30:00,0.0
2025-07-27 19:00:00,0.0
2025-07-27 19:30:00,0.0
2025-07-27 20:00:00,0.0
2025-07-27 20:30:00,0.0
2025-07-27 21:00:00,0.0
2025-07-27 21:30:00,0.0
2025-07-27 22:00:00,0.0
2025-07-27 22:30:00,0.0
2025-07-27 23:00:00,0.0
2025-07-27 23:30:00,0.0
2025-07-28 00:00:00,0.0
2025-07-28 00:30:00,0.0
2025-07-28 01:00:00,0.0
2025-07-28 01:30:00,0.0
2025-07-28 02:00:00,0.0
2025-07-28 02:30:00,0.0
2025-07-28 03:00:00,0.0
2025-07-28 03:30:00,0.0
2025-07-28 04:00:00,0.0
2025-07-28 04:30:00,0.0
2025-07-28 05:00:00,0.0
2025-07-28 05:30:00,0.0
2025-07-28 06:00:00,0.0
2025-07-28 06:30:00,0.0
2025-07-28 07:00:00,0.0
2025-07-28 07:30:00,0.0
2025-07-28 08:00:00,0.0
2025-07-28 08:30:00,0.0
2025-07-28 09:00:00,0.0
2025-07-28 09:30:00,0.0
2025-07-28 10:00:00,0.0
2025-07-28 10:30:00,0.0
2025-07-28 11:00:00,0.0
2025-07-28 11:30:00,0.0
2025-07-28 12:00:00,0.0
2025-07-28 12:30:00,0.0
2025-07-28 13:00:00,0.0
2025-07-28 13:30:00,0.0
2025-07-28 14:00:00,0.0
2025-07-28 14:30:00,0.0
2025-07-28 15:00:00,0.0
2025-07-28 15:30:00,0.0
2025-07-28 16:00:00,0.0
2025-07-28 16:30:00,0.0
2025-07-28 17:00:00,0.0
2025-07-28 17:30:00,0.0
2025-07-28 18:00:00,0.0
2025-07-28 18:30:00,0.0
2025-07-28 19:00:00,0.0
2025-07-28 19:30:00,0.0
2025-07-28 20:00:00,0.0
2025-07-28 20:30:00,0.0
2025-07-28 21:00:00,0.0
2025-07-28 21:30:00,0.0
2025-07-28 22:00:00,0.0
2025-07-28 22:30:00,0.0
2025-07-28 23:00:00,0.0
2025-07-28 23:30:00,0.0
2025-07-29 00:00:00,0.0
2025-07-29 00:30:00,0.0
2025-07-29 01:00:00,0.0
2025-07-29 01:30:00,0.0
2025-07-29 02:00:00,0.0
2025-07-29 02:30:00,0.0
2025-07-29 03:00:00,0.0
2025-07-29 03:30:00,0.0
2025-07-29 04:00:00,0.0
2025-07-29 04:30:00,0.0
2025-07-29 05:00:00,0.0
2025-07-29 05:30:00,0.0
2025-07-29 06:00:00,0.0
2025-07-29 06:30:00,0.0
2025-07-29 07:00:00,0.0
2025-07-29 07:30:00,0.0
2025-07-29 08:00:00,0.0
2025-07-29 08:30:00,0.0
2025-07-29 09:00:00,0.0
2025-07-29 09:30:00,0.0
2025-07-29 10:00:00,0.0
2025-07-29 10:30:00,0.0
2025-07-29 11:00:00,0.0
2025-07-29 11:30:00,0.0
2025-07-29 12:00:00,0.0
2025-07-29 12:30:00,0.0
2025-07-29 13:00:00,0.0
2025-07-29 13:30:00,0.0
2025-07-29 14:00:00,0.0
2025-07-29 14:30:00,0.0
2025-07-29 15:00:00,0.0
2025-07-29 15:30:00,0.0
2025-07-29 16:00:00,0.0
2025-07-29 16:30:00,0.0
2025-07-29 17:00:00,0.0
2025-07-29 17:30:00,0.0
2025-07-29 18:00:00,0.0
2025-07-29 18:30:00,0.0
2025-07-29 19:00:00,0.0
2025-07-29 19:30:00,0.0
2025-07-29 20:00:00,0.0
2025-07-29 20:30:00,0.0
2025-07-29 21:00:00,0.0
2025-07-29 21:30:00,0.0
2025-07-29 22:00:00,0.0
2025-07-29 22:30:00,0.0
2025-07-29 23:00:00,0.0
2025-07-29 23:30:00,0.0
2025-07-30 00:00:00,0.0
2025-07-30 00:30:00,0.0
2025-07-30 01:00:00,0.0
2025-07-30 01:30:00,0.0
2025-07-30 02:00:00,0.0
2025-07-30 02:30:00,0.0
2025-07-30 03:00:00,0.0
2025-07-30 03:30:00,0.0
2025-07-30 04:00:00,0.0
2025-07-30 04:30:00,0.0
2025-07-30 05:00:00,0.0
2025-07-30 05:30:00,0.0
2025-07-30 06:00:00,0.0
2025-07-30 06:30:00,0.0
2025-07-30 07:00:00,0.0
2025-07-30 07:30:00,0.0
2025-07-30 08:00:00,0.0
2025-07-30 08:30:00,0.0
2025-07-30 09:00:00,0.0
2025-07-30 09:30:00,0.0
2025-07-30 10:00:00,0.0
2025-07-30 10:30:00,0.0
2025-07-30 11:00:00,0.0
2025-07-30 11:30:00,0.0
2025-07-30 12:00:00,0.0
2025-07-30 12:30:00,0.0
2025-07-30 13:00:00,0.0
2025-07-30 13:30:00,0.0
2025-07-30 14:00:00,0.0
2025-07-30 14:30:00,0.0
2025-07-30 15:00:00,0.0
2025-07-30 15:30:00,0.0
2025-07-30 16:00:00,0.0
2025-07-30 16:30:00,0.0
2025-07-30 17:00:00,0.0
2025-07-30 17:30:00,0.0
2025-07-30 18:00:00,0.0
2025-07-30 18:30:00,0.0
2025-07-30 19:00:00,0.0
2025-07-30 19:30:00,0.0
2025-07-30 20:00:00,0.0
2025-07-30 20:30:00,0.0
2025-07-30 21:00:00,0.0
2025-07-30 21:30:00,0.0
2025-07-30 22:00:00,0.0
2025-07-30 22:30:00,0.0
2025-07-30 23:00:00,0.0
2025-07-30 23:30:00,0.0
2025-07-31 00:00:00,0.0
2025-07-31 00:30:00,0.0
2025-07-31 01:00:00,0.0
2025-07-31 01:30:00,0.0
2025-07-31 02:00:00,0.0
2025-07-31 02:30:00,0.0
2025-07-31 03:00:00,0.0
2025-07-31 03:30:00,0.0
2025-07-31 04:00:00,0.0
2025-07-31 04:30:00,0.0
2025-07-31 05:00:00,0.0
2025-07-31 05:30:00,0.0
2025-07-31 06:00:00,0.0
2025-07-31 06:30:00,0.0
2025-07-31 07:00:00,0.0
2025-07-31 07:30:00,0.0
2025-07-31 08:00:00,0.0
2025-07-31 08:30:00,0.0
2025-07-31 09:00:00,0.0
2025-07-31 09:30:00,0.0
2025-07-31 10:00:00,0.0
2025-07-31 10:30:00,0.0
2025-07-31 11:00:00,0.0
2025-07-31 11:30:00,0.0
2025-07-31 12:00:00,0.0
2025-07-31 12:30:00,0.0
2025-07-31 13:00:00,0.0
2025-07-31 13:30:00,0.0
2025-07-31 14:00:00,0.0
2025-07-31 14:30:00,0.0
2025-07-31 15:00:00,0.0
2025-07-31 15:30:00,0.0
2025-07-31 16:00:00,0.0
2025-07-31 16:30:00,0.0
2025-07-31 17:00:00,0.0
2025-07-31 17:30:00,26.9
2025-07-31 18:00:00,25.700000000000003
2025-07-31 18:30:00,28.1
2025-07-31 19:00:00,29.49999999999998
2025-07-31 19:30:00,29.96666666666666
2025-07-31 20:00:00,30.45
2025-07-31 20:30:00,32.26666666666666
2025-07-31 21:00:00,24.2
2025-07-31 21:30:00,29.71666666666666
2025-07-31 22:00:00,38.48333333333332
2025-07-31 22:30:00,50.56666666666668
2025-07-31 23:00:00,63.38333333333334
2025-07-31 23:30:00,78.79999999999993
2025-08-01 00:00:00,96.2000000000002
2025-08-01 00:30:00,82.6666666666666
2025-08-01 01:00:00,83.63333333333348
2025-08-01 01:30:00,97.49999999999986
2025-08-01 02:00:00,135.7166666666664
2025-08-01 02:30:00,148.1833333333332
2025-08-01 03:00:00,89.2333333333334
2025-08-01 03:30:00,90.40000000000006
2025-08-01 04:00:00,91.70000000000013
2025-08-01 04:30:00,89.89999999999995
2025-08-01 05:00:00,89.06666666666675
2025-08-01 05:30:00,88.20000000000013
2025-08-01 06:00:00,85.60000000000005
2025-08-01 06:30:00,84.56666666666673
2025-08-01 07:00:00,84.53333333333333
2025-08-01 07:30:00,41.9166666666666
2025-08-01 08:00:00,94.53333333333339
2025-08-01 08:30:00,93.6
2025-08-01 09:00:00,91.96666666666667
2025-08-01 09:30:00,121.90000000000006
2025-08-01 10:00:00,118.16666666666667
2025-08-01 10:30:00,174.01666666666665
2025-08-01 11:00:00,158.4666666666668
2025-08-01 11:30:00,212.6
2025-08-01 12:00:00,212.6
2025-08-01 12:30:00,212.6
2025-08-01 13:00:00,212.6
2025-08-01 13:30:00,212.6
2025-08-01 14:00:00,202.60000000000002
2025-08-01 14:30:00,191.95
2025-08-01 15:00:00,181.5
2025-08-01 15:30:00,181.3833333333334
2025-08-01 16:00:00,174.7666666666668
2025-08-01 16:30:00,167.1166666666664
2025-08-01 17:00:00,17.849999999999994
2025-08-01 17:30:00,0.0
2025-08-01 18:00:00,0.0
2025-08-01 18:30:00,0.0
2025-08-01 19:00:00,0.0
2025-08-01 19:30:00,0.0
2025-08-01 20:00:00,0.0
2025-08-01 20:30:00,0.0
2025-08-01 21:00:00,0.0
2025-08-01 21:30:00,0.0
2025-08-01 22:00:00,0.0
2025-08-01 22:30:00,0.0
2025-08-01 23:00:00,0.0
2025-08-01 23:30:00,0.0
2025-08-02 00:00:00,0.0
2025-08-02 00:30:00,0.0
2025-08-02 01:00:00,0.0
2025-08-02 01:30:00,0.0
2025-08-02 02:00:00,0.0
2025-08-02 02:30:00,0.0
2025-08-02 03:00:00,0.0
2025-08-02 03:30:00,0.0
2025-08-02 04:00:00,0.0
2025-08-02 04:30:00,0.0
2025-08-02 05:00:00,0.0
2025-08-02 05:30:00,0.0
2025-08-02 06:00:00,0.0
2025-08-02 06:30:00,0.0
2025-08-02 07:00:00,0.0
2025-08-02 07:30:00,0.0
2025-08-02 08:00:00,0.0
2025-08-02 08:30:00,0.0
2025-08-02 09:00:00,0.0
2025-08-02 09:30:00,0.0
2025-08-02 10:00:00,0.0
2025-08-02 10:30:00,0.0
2025-08-02 11:00:00,0.0
2025-08-02 11:30:00,0.0
2025-08-02 12:00:00,0.0
2025-08-02 12:30:00,0.0
2025-08-02 13:00:00,0.0
2025-08-02 13:30:00,0.0
2025-08-02 14:00:00,0.0
2025-08-02 14:30:00,0.0
2025-08-02 15:00:00,0.0
2025-08-02 15:30:00,0.0
2025-08-02 16:00:00,0.0
2025-08-02 16:30:00,0.0
2025-08-02 17:00:00,0.0
2025-08-02 17:30:00,0.0
2025-08-02 18:00:00,0.0
2025-08-02 18:30:00,0.0
2025-08-02 19:00:00,0.0
2025-08-02 19:30:00,0.0
2025-08-02 20:00:00,0.0
2025-08-02 20:30:00,0.0
2025-08-02 21:00:00,0.0
2025-08-02 21:30:00,0.0
2025-08-02 22:00:00,0.0
2025-08-02 22:30:00,0.0
2025-08-02 23:00:00,0.0
2025-08-02 23:30:00,1.133333333333332
2025-08-03 00:00:00,66.39999999999993
2025-08-03 00:30:00,88.93333333333331
2025-08-03 01:00:00,91.95000000000006
2025-08-03 01:30:00,79.35
2025-08-03 02:00:00,11.7
2025-08-03 02:30:00,0.0
2025-08-03 03:00:00,0.0
2025-08-03 03:30:00,0.0
2025-08-03 04:00:00,0.0
2025-08-03 04:30:00,0.0
2025-08-03 05:00:00,0.0
2025-08-03 05:30:00,0.0
2025-08-03 06:00:00,0.0
2025-08-03 06:30:00,0.0
2025-08-03 07:00:00,0.0
2025-08-03 07:30:00,0.0
2025-08-03 08:00:00,0.0
2025-08-03 08:30:00,0.0
2025-08-03 09:00:00,0.0
2025-08-03 09:30:00,0.0
2025-08-03 10:00:00,0.0
2025-08-03 10:30:00,6.566666666666666
2025-08-03 11:00:00,46.61666666666666
2025-08-03 11:30:00,108.28333333333333
2025-08-03 12:00:00,35.73333333333334
2025-08-03 12:30:00,14.68333333333334
2025-08-03 13:00:00,172.9666666666666
2025-08-03 13:30:00,59.1833333333334
2025-08-03 14:00:00,67.2583333333334
2025-08-03 14:30:00,62.39999999999992
2025-08-03 15:00:00,83.8333333333332
2025-08-03 15:30:00,232.06666666666638
2025-08-03 16:00:00,0.0
2025-08-03 16:30:00,0.0
2025-08-03 17:00:00,0.0
2025-08-03 17:30:00,0.0
2025-08-03 18:00:00,0.0
2025-08-03 18:30:00,0.0
2025-08-03 19:00:00,0.0
2025-08-03 19:30:00,0.0
2025-08-03 20:00:00,0.0
2025-08-03 20:30:00,0.0
2025-08-03 21:00:00,0.0
2025-08-03 21:30:00,0.0
2025-08-03 22:00:00,0.0
2025-08-03 22:30:00,0.0
2025-08-03 23:00:00,0.0
2025-08-03 23:30:00,0.0
2025-08-04 00:00:00,0.0
2025-08-04 00:30:00,0.0
2025-08-04 01:00:00,0.0
2025-08-04 01:30:00,0.0
2025-08-04 02:00:00,0.0
2025-08-04 02:30:00,0.0
2025-08-04 03:00:00,0.0
2025-08-04 03:30:00,0.0
2025-08-04 04:00:00,0.0
2025-08-04 04:30:00,0.0
2025-08-04 05:00:00,15.799999999999981
2025-08-04 05:30:00,17.25
2025-08-04 06:00:00,18.516666666666676
2025-08-04 06:30:00,32.55
2025-08-04 07:00:00,32.766666666666666
2025-08-04 07:30:00,45.89999999999998
2025-08-04 08:00:00,71.33333333333346
2025-08-04 08:30:00,113.86666666666653
2025-08-04 09:00:00,121.60000000000007
2025-08-04 09:30:00,3.4833333333333343
2025-08-04 10:00:00,0.0
2025-08-04 10:30:00,0.0
2025-08-04 11:00:00,0.0
2025-08-04 11:30:00,0.0
2025-08-04 12:00:00,0.0
2025-08-04 12:30:00,0.0
2025-08-04 13:00:00,0.0
2025-08-04 13:30:00,115.15
2025-08-04 14:00:00,0.0
2025-08-04 14:30:00,7.16666666666666
2025-08-04 15:00:00,18.508333333333326
2025-08-04 15:30:00,13.558333333333326
2025-08-04 16:00:00,70.83333333333326
2025-08-04 16:30:00,205.0166666666668
2025-08-04 17:00:00,184.45
2025-08-04 17:30:00,147.5833333333334
2025-08-04 18:00:00,69.95
2025-08-04 18:30:00,35.21666666666666
2025-08-04 19:00:00,0.0
2025-08-04 19:30:00,0.0
2025-08-04 20:00:00,0.0
2025-08-04 20:30:00,0.0
2025-08-04 21:00:00,0.0
2025-08-04 21:30:00,0.0
2025-08-04 22:00:00,0.0
2025-08-04 22:30:00,14.383333333333319
2025-08-04 23:00:00,54.533333333333395
2025-08-04 23:30:00,5.316666666666666
2025-08-05 00:00:00,330.8
2025-08-05 00:30:00,6.85
2025-08-05 01:00:00,0.0
2025-08-05 01:30:00,22.75
2025-08-05 02:00:00,29.8
2025-08-05 02:30:00,30.65
2025-08-05 03:00:00,31.45
2025-08-05 03:30:00,31.45
2025-08-05 04:00:00,347.15
2025-08-05 04:30:00,51.516666666666666
2025-08-05 05:00:00,63.18333333333334
2025-08-05 05:30:00,362.25
2025-08-05 06:00:00,7.116666666666668
2025-08-05 06:30:00,0.0
2025-08-05 07:00:00,0.0
2025-08-05 07:30:00,164.65
2025-08-05 08:00:00,264.95
2025-08-05 08:30:00,293.4166666666666
2025-08-05 09:00:00,307.65
2025-08-05 09:30:00,7.116666666666668
2025-08-05 10:00:00,309.1166666666668
2025-08-05 10:30:00,93.0
2025-08-05 11:00:00,21.6
2025-08-05 11:30:00,432.0
2025-08-05 12:00:00,432.0
2025-08-05 12:30:00,432.0
2025-08-05 13:00:00,50.4
2025-08-05 13:30:00,50.4
2025-08-05 14:00:00,50.91666666666668
2025-08-05 14:30:00,50.91666666666668
2025-08-05 15:00:00,50.91666666666668
2025-08-05 15:30:00,50.91666666666668
2025-08-05 16:00:00,50.91666666666668
2025-08-05 16:30:00,50.91666666666668
2025-08-05 17:00:00,50.91666666666668
2025-08-05 17:30:00,50.91666666666668
2025-08-05 18:00:00,50.91666666666668
2025-08-05 18:30:00,50.91666666666668
2025-08-05 19:00:00,50.91666666666668
2025-08-05 19:30:00,50.91666666666668
2025-08-05 20:00:00,50.91666666666668
2025-08-05 20:30:00,50.91666666666668
2025-08-05 21:00:00,50.91666666666668
2025-08-05 21:30:00,50.91666666666668
2025-08-05 22:00:00,53.1666666666666
2025-08-05 22:30:00,71.31666666666666
2025-08-05 23:00:00,71.24999999999994
2025-08-05 23:30:00,85.4166666666666
2025-08-06 00:00:00,96.01666666666665
2025-08-06 00:30:00,94.76666666666674
2025-08-06 01:00:00,93.23333333333326
2025-08-06 01:30:00,75.9833333333334
2025-08-06 02:00:00,92.38333333333338
2025-08-06 02:30:00,91.61666666666672
2025-08-06 03:00:00,90.24999999999994
2025-08-06 03:30:00,88.7833333333334
2025-08-06 04:00:00,88.30000000000008
2025-08-06 04:30:00,91.15
2025-08-06 05:00:00,93.81666666666666
2025-08-06 05:30:00,95.0
2025-08-06 06:00:00,96.1666666666666
2025-08-06 06:30:00,96.56666666666668
2025-08-06 07:00:00,96.78333333333327
2025-08-06 07:30:00,96.78333333333327
2025-08-06 08:00:00,96.78333333333327
2025-08-06 08:30:00,96.78333333333327
2025-08-06 09:00:00,96.78333333333327
2025-08-06 09:30:00,96.78333333333327
2025-08-06 10:00:00,96.78333333333327
2025-08-06 10:30:00,96.78333333333327
2025-08-06 11:00:00,96.79999999999994
2025-08-06 11:30:00,96.90000000000006
2025-08-06 12:00:00,97.21666666666667
2025-08-06 12:30:00,97.21666666666667
2025-08-06 13:00:00,97.43333333333327
2025-08-06 13:30:00,97.21666666666667
2025-08-06 14:00:00,95.66666666666666
2025-08-06 14:30:00,96.03333333333326
2025-08-06 15:00:00,97.3833333333334
2025-08-06 15:30:00,97.26666666666674
2025-08-06 16:00:00,97.13333333333328
2025-08-06 16:30:00,98.34999999999992
2025-08-06 17:00:00,97.43333333333325
2025-08-06 17:30:00,94.29999999999994
2025-08-06 18:00:00,93.6
2025-08-06 18:30:00,96.86666666666666
2025-08-06 19:00:00,119.93333333333327
2025-08-06 19:30:00,50.2
2025-08-06 20:00:00,0.0
2025-08-06 20:30:00,16.96666666666666
2025-08-06 21:00:00,134.55
2025-08-06 21:30:00,123.86666666666679
2025-08-06 22:00:00,107.94999999999993
2025-08-06 22:30:00,108.6666666666666
2025-08-06 23:00:00,108.16666666666671
2025-08-06 23:30:00,98.38333333333328
2025-08-07 00:00:00,85.98333333333326
2025-08-07 00:30:00,76.18333333333334
2025-08-07 01:00:00,67.2
2025-08-07 01:30:00,84.38333333333325
2025-08-07 02:00:00,102.56666666666668
2025-08-07 02:30:00,121.65
2025-08-07 03:00:00,138.4333333333336
2025-08-07 03:30:00,149.45000000000022
2025-08-07 04:00:00,159.8333333333332
2025-08-07 04:30:00,167.2
2025-08-07 05:00:00,159.95000000000022
2025-08-07 05:30:00,171.35
2025-08-07 06:00:00,182.95
2025-08-07 06:30:00,197.79999999999978
2025-08-07 07:00:00,214.9166666666668
2025-08-07 07:30:00,218.3166666666668
2025-08-07 08:00:00,202.78333333333322
2025-08-07 08:30:00,170.2
2025-08-07 09:00:00,113.5833333333334
2025-08-07 09:30:00,195.1833333333334
2025-08-07 10:00:00,152.85
2025-08-07 10:30:00,160.00000000000006
2025-08-07 11:00:00,227.2333333333334
2025-08-07 11:30:00,5.283333333333334
2025-08-07 12:00:00,0.0
2025-08-07 12:30:00,0.0
2025-08-07 13:00:00,0.0
2025-08-07 13:30:00,0.0
2025-08-07 14:00:00,0.0
2025-08-07 14:30:00,23.71666666666668
2025-08-07 15:00:00,50.983333333333334
2025-08-07 15:30:00,68.28333333333332
2025-08-07 16:00:00,75.1
2025-08-07 16:30:00,88.51666666666645
2025-08-07 17:00:00,87.73333333333335
2025-08-07 17:30:00,88.1833333333334
2025-08-07 18:00:00,88.5166666666666
2025-08-07 18:30:00,89.2166666666668
2025-08-07 19:00:00,89.6833333333334
2025-08-07 19:30:00,96.4833333333334
2025-08-07 20:00:00,96.5
2025-08-07 20:30:00,96.7666666666668
2025-08-07 21:00:00,96.7666666666668
2025-08-07 21:30:00,96.7666666666668
2025-08-07 22:00:00,96.7666666666668
2025-08-07 22:30:00,96.7666666666668
2025-08-07 23:00:00,96.7666666666668
2025-08-07 23:30:00,96.7666666666668
2025-08-08 00:00:00,96.7666666666668
2025-08-08 00:30:00,96.7666666666668
2025-08-08 01:00:00,96.7666666666668
2025-08-08 01:30:00,96.7666666666668
2025-08-08 02:00:00,96.4833333333334
2025-08-08 02:30:00,96.4833333333334
2025-08-08 03:00:00,96.45
2025-08-08 03:30:00,95.9666666666666
2025-08-08 04:00:00,95.6999999999998
2025-08-08 04:30:00,95.6999999999998
2025-08-08 05:00:00,95.6999999999998
2025-08-08 05:30:00,95.7166666666666
2025-08-08 06:00:00,95.7166666666666
2025-08-08 06:30:00,96.0166666666668
2025-08-08 07:00:00,96.4833333333334
2025-08-08 07:30:00,96.4833333333334
2025-08-08 08:00:00,96.4833333333334
2025-08-08 08:30:00,96.5
2025-08-08 09:00:00,122.38333333333341
2025-08-08 09:30:00,122.38333333333341
2025-08-08 10:00:00,122.38333333333341
2025-08-08 10:30:00,122.38333333333341
2025-08-08 11:00:00,122.38333333333341
2025-08-08 11:30:00,122.38333333333341
2025-08-08 12:00:00,122.38333333333341
2025-08-08 12:30:00,122.35
2025-08-08 13:00:00,121.15
2025-08-08 13:30:00,118.2166666666668
2025-08-08 14:00:00,118.6833333333334
2025-08-08 14:30:00,118.6833333333334
2025-08-08 15:00:00,135.6833333333334
2025-08-08 15:30:00,135.6666666666668
2025-08-08 16:00:00,135.3833333333332
2025-08-08 16:30:00,135.1666666666666
2025-08-08 17:00:00,138.0833333333334
2025-08-08 17:30:00,138.0833333333334
2025-08-08 18:00:00,138.0166666666666
2025-08-08 18:30:00,136.7666666666666
2025-08-08 19:00:00,135.2
2025-08-08 19:30:00,136.5666666666666
2025-08-08 20:00:00,152.4
2025-08-08 20:30:00,155.4333333333334
2025-08-08 21:00:00,163.8333333333334
2025-08-08 21:30:00,172.0666666666666
2025-08-08 22:00:00,172.0666666666666
2025-08-08 22:30:00,172.0666666666666
2025-08-08 23:00:00,172.03333333333342
2025-08-08 23:30:00,171.5
2025-08-09 00:00:00,172.0833333333334
2025-08-09 00:30:00,171.28333333333342
2025-08-09 01:00:00,170.8
2025-08-09 01:30:00,172.1166666666668
2025-08-09 02:00:00,173.3833333333334
2025-08-09 02:30:00,173.3833333333334
2025-08-09 03:00:00,173.4
2025-08-09 03:30:00,174.1666666666668
2025-08-09 04:00:00,174.1666666666668
2025-08-09 04:30:00,174.1666666666668
2025-08-09 05:00:00,173.3833333333334
2025-08-09 05:30:00,173.3833333333334
2025-08-09 06:00:00,173.36666666666662
2025-08-09 06:30:00,173.13333333333338
2025-08-09 07:00:00,172.0666666666666
2025-08-09 07:30:00,172.0833333333334
2025-08-09 08:00:00,173.3833333333334
2025-08-09 08:30:00,173.4
2025-08-09 09:00:00,174.1666666666668
2025-08-09 09:30:00,174.1666666666668
2025-08-09 10:00:00,181.56666666666678
2025-08-09 10:30:00,181.56666666666678
2025-08-09 11:00:00,181.56666666666678
2025-08-09 11:30:00,0.0
2025-08-09 12:00:00,0.0
2025-08-09 12:30:00,0.0
2025-08-09 13:00:00,0.0
2025-08-09 13:30:00,0.0
2025-08-09 14:00:00,0.0
2025-08-09 14:30:00,0.0
2025-08-09 15:00:00,0.0
2025-08-09 15:30:00,0.0
2025-08-09 16:00:00,0.0
2025-08-09 16:30:00,27.2
2025-08-09 17:00:00,32.43333333333334
2025-08-09 17:30:00,32.43333333333334
2025-08-09 18:00:00,32.43333333333334
2025-08-09 18:30:00,32.43333333333334
2025-08-09 19:00:00,32.43333333333334
2025-08-09 19:30:00,32.41666666666666
2025-08-09 20:00:00,32.35
2025-08-09 20:30:00,32.33333333333334
2025-08-09 21:00:00,32.15
2025-08-09 21:30:00,37.41666666666666
2025-08-09 22:00:00,138.15000000000006
2025-08-09 22:30:00,73.3166666666666
2025-08-09 23:00:00,91.14999999999999
2025-08-09 23:30:00,127.86666666666666
2025-08-10 00:00:00,99.4166666666666
2025-08-10 00:30:00,117.68333333333325
2025-08-10 01:00:00,94.85000000000008
2025-08-10 01:30:00,92.56666666666673
2025-08-10 02:00:00,87.3833333333334
2025-08-10 02:30:00,79.98333333333326
2025-08-10 03:00:00,71.8666666666666
2025-08-10 03:30:00,66.64999999999995
2025-08-10 04:00:00,61.90000000000006
2025-08-10 04:30:00,64.23333333333333
2025-08-10 05:00:00,66.28333333333333
2025-08-10 05:30:00,69.33333333333334
2025-08-10 06:00:00,72.45000000000007
2025-08-10 06:30:00,77.63333333333338
2025-08-10 07:00:00,82.8166666666666
2025-08-10 07:30:00,86.9833333333334
2025-08-10 08:00:00,90.9833333333334
2025-08-10 08:30:00,91.36666666666667
2025-08-10 09:00:00,93.5333333333334
2025-08-10 09:30:00,95.40000000000006
2025-08-10 10:00:00,96.41666666666669
2025-08-10 10:30:00,96.03333333333337
2025-08-10 11:00:00,95.20000000000006
2025-08-10 11:30:00,95.7333333333334
2025-08-10 12:00:00,94.79999999999991
2025-08-10 12:30:00,92.44999999999995
2025-08-10 13:00:00,88.48333333333328
2025-08-10 13:30:00,86.44999999999993
2025-08-10 14:00:00,84.66666666666661
2025-08-10 14:30:00,82.48333333333335
2025-08-10 15:00:00,79.48333333333326
2025-08-10 15:30:00,38.73333333333334
2025-08-10 16:00:00,33.48333333333334
2025-08-10 16:30:00,34.71666666666668
2025-08-10 17:00:00,36.66666666666666
2025-08-10 17:30:00,59.78333333333334
2025-08-10 18:00:00,59.43333333333332
2025-08-10 18:30:00,77.89999999999999
2025-08-10 19:00:00,30.9
2025-08-10 19:30:00,46.2333333333334
2025-08-10 20:00:00,184.33333333333346
2025-08-10 20:30:00,215.4333333333336
2025-08-10 21:00:00,243.2833333333336
2025-08-10 21:30:00,250.2833333333332
2025-08-10 22:00:00,257.7166666666666
2025-08-10 22:30:00,228.4000000000002
2025-08-10 23:00:00,214.39999999999998
2025-08-10 23:30:00,217.4666666666668
2025-08-11 00:00:00,132.13333333333327
2025-08-11 00:30:00,110.03333333333333
2025-08-11 01:00:00,108.85000000000014
2025-08-11 01:30:00,111.0166666666666
2025-08-11 02:00:00,166.2666666666666
2025-08-11 02:30:00,145.8
2025-08-11 03:00:00,156.91666666666669
2025-08-11 03:30:00,171.86666666666667
2025-08-11 04:00:00,167.09999999999997
2025-08-11 04:30:00,172.7666666666666
2025-08-11 05:00:00,157.28333333333347
2025-08-11 05:30:00,241.8666666666668
2025-08-11 06:00:00,249.11666666666662
2025-08-11 06:30:00,249.2166666666668
2025-08-11 07:00:00,250.5833333333334
2025-08-11 07:30:00,201.8
2025-08-11 08:00:00,204.2333333333332
2025-08-11 08:30:00,211.4333333333336
2025-08-11 09:00:00,219.69999999999982
2025-08-11 09:30:00,211.21666666666658
2025-08-11 10:00:00,154.9666666666668
2025-08-11 10:30:00,130.88333333333316
2025-08-11 11:00:00,85.9
2025-08-11 11:30:00,0.0
2025-08-11 12:00:00,0.0
2025-08-11 12:30:00,0.0
2025-08-11 13:00:00,0.0
2025-08-11 13:30:00,0.0
2025-08-11 14:00:00,0.0
2025-08-11 14:30:00,0.0
2025-08-11 15:00:00,0.0
2025-08-11 15:30:00,0.0
2025-08-11 16:00:00,0.0
2025-08-11 16:30:00,0.0
2025-08-11 17:00:00,0.0
2025-08-11 17:30:00,0.0
2025-08-11 18:00:00,0.0
2025-08-11 18:30:00,0.0
2025-08-11 19:00:00,0.0
2025-08-11 19:30:00,0.0
2025-08-11 20:00:00,0.0
2025-08-11 20:30:00,0.0
2025-08-11 21:00:00,0.0
2025-08-11 21:30:00,0.0
2025-08-11 22:00:00,0.0
2025-08-11 22:30:00,0.0
2025-08-11 23:00:00,0.0
2025-08-11 23:30:00,0.0
2025-08-12 00:00:00,0.0
2025-08-12 00:30:00,0.0
2025-08-12 01:00:00,0.0
2025-08-12 01:30:00,0.0
2025-08-12 02:00:00,0.0
2025-08-12 02:30:00,0.0
2025-08-12 03:00:00,0.0
2025-08-12 03:30:00,0.0
2025-08-12 04:00:00,0.0
2025-08-12 04:30:00,0.0
2025-08-12 05:00:00,0.0
2025-08-12 05:30:00,0.0
2025-08-12 06:00:00,0.0
2025-08-12 06:30:00,0.0
2025-08-12 07:00:00,0.0
2025-08-12 07:30:00,0.0
2025-08-12 08:00:00,0.0
2025-08-12 08:30:00,0.0
2025-08-12 09:00:00,0.0
2025-08-12 09:30:00,0.0
2025-08-12 10:00:00,0.0
2025-08-12 10:30:00,0.0
2025-08-12 11:00:00,0.0
2025-08-12 11:30:00,0.0
2025-08-12 12:00:00,0.0
2025-08-12 12:30:00,0.0
2025-08-12 13:00:00,0.0
2025-08-12 13:30:00,0.0
2025-08-12 14:00:00,0.0
2025-08-12 14:30:00,0.0
2025-08-12 15:00:00,0.0
2025-08-12 15:30:00,0.0
2025-08-12 16:00:00,0.0
2025-08-12 16:30:00,0.0
2025-08-12 17:00:00,0.0
2025-08-12 17:30:00,0.0
2025-08-12 18:00:00,0.0
2025-08-12 18:30:00,0.0
2025-08-12 19:00:00,0.0
2025-08-12 19:30:00,0.0
2025-08-12 20:00:00,0.0
2025-08-12 20:30:00,20.41666666666666
2025-08-12 21:00:00,27.9
2025-08-12 21:30:00,1.3
2025-08-12 22:00:00,0.0
2025-08-12 22:30:00,0.0
2025-08-12 23:00:00,0.0
2025-08-12 23:30:00,0.0
2025-08-13 00:00:00,0.0
2025-08-13 00:30:00,0.0
2025-08-13 01:00:00,0.0
2025-08-13 01:30:00,0.0
2025-08-13 02:00:00,0.0
2025-08-13 02:30:00,0.0
2025-08-13 03:00:00,0.0
2025-08-13 03:30:00,0.0
2025-08-13 04:00:00,0.0
2025-08-13 04:30:00,0.0
2025-08-13 05:00:00,0.0
2025-08-13 05:30:00,0.0
2025-08-13 06:00:00,0.0
2025-08-13 06:30:00,0.0
2025-08-13 07:00:00,0.0
2025-08-13 07:30:00,0.0
2025-08-13 08:00:00,0.0
2025-08-13 08:30:00,0.0
2025-08-13 09:00:00,0.0
2025-08-13 09:30:00,0.0
2025-08-13 10:00:00,0.0
2025-08-13 10:30:00,0.0
2025-08-13 11:00:00,0.0
2025-08-13 11:30:00,0.0
2025-08-13 12:00:00,0.0
2025-08-13 12:30:00,0.0
2025-08-13 13:00:00,0.0
2025-08-13 13:30:00,0.0
2025-08-13 14:00:00,0.0
2025-08-13 14:30:00,0.0
2025-08-13 15:00:00,0.0
2025-08-13 15:30:00,0.0
2025-08-13 16:00:00,0.0
2025-08-13 16:30:00,0.0
2025-08-13 17:00:00,0.0
2025-08-13 17:30:00,0.0
2025-08-13 18:00:00,0.0
2025-08-13 18:30:00,0.0
2025-08-13 19:00:00,0.0
2025-08-13 19:30:00,0.0
2025-08-13 20:00:00,0.0
2025-08-13 20:30:00,0.0
2025-08-13 21:00:00,0.0
2025-08-13 21:30:00,0.0
2025-08-13 22:00:00,0.0
2025-08-13 22:30:00,0.0
2025-08-13 23:00:00,0.0
2025-08-13 23:30:00,0.0
2025-08-14 00:00:00,0.0
2025-08-14 00:30:00,0.0
2025-08-14 01:00:00,0.0
2025-08-14 01:30:00,0.0
2025-08-14 02:00:00,0.0
2025-08-14 02:30:00,0.0
2025-08-14 03:00:00,0.0
2025-08-14 03:30:00,0.0
2025-08-14 04:00:00,0.0
2025-08-14 04:30:00,0.0
2025-08-14 05:00:00,0.0
2025-08-14 05:30:00,0.0
2025-08-14 06:00:00,0.0
2025-08-14 06:30:00,0.0
2025-08-14 07:00:00,0.0
2025-08-14 07:30:00,0.0
2025-08-14 08:00:00,0.0
2025-08-14 08:30:00,0.0
2025-08-14 09:00:00,0.0
2025-08-14 09:30:00,0.0
2025-08-14 10:00:00,0.0
2025-08-14 10:30:00,0.0
2025-08-14 11:00:00,0.0
2025-08-14 11:30:00,0.0
2025-08-14 12:00:00,0.0
2025-08-14 12:30:00,0.0
2025-08-14 13:00:00,0.0
2025-08-14 13:30:00,0.0
2025-08-14 14:00:00,0.0
2025-08-14 14:30:00,0.0
2025-08-14 15:00:00,0.0
2025-08-14 15:30:00,0.0
2025-08-14 16:00:00,0.0
2025-08-14 16:30:00,0.0
2025-08-14 17:00:00,0.0
2025-08-14 17:30:00,0.0
2025-08-14 18:00:00,0.0
2025-08-14 18:30:00,0.0
2025-08-14 19:00:00,0.0
2025-08-14 19:30:00,0.0
2025-08-14 20:00:00,0.0
2025-08-14 20:30:00,0.0
2025-08-14 21:00:00,0.0
2025-08-14 21:30:00,0.0
2025-08-14 22:00:00,41.81666666666666
2025-08-14 22:30:00,48.34999999999998
2025-08-14 23:00:00,56.51666666666666
2025-08-14 23:30:00,14.483333333333341
2025-08-15 00:00:00,0.0
2025-08-15 00:30:00,21.016666666666666
2025-08-15 01:00:00,99.0166666666666
2025-08-15 01:30:00,59.650000000000006
2025-08-15 02:00:00,59.6333333333334
2025-08-15 02:30:00,96.60000000000005
2025-08-15 03:00:00,44.31666666666666
2025-08-15 03:30:00,48.3
2025-08-15 04:00:00,0.0
2025-08-15 04:30:00,0.0
2025-08-15 05:00:00,65.55
2025-08-15 05:30:00,1.066666666666666
2025-08-15 06:00:00,51.93333333333334
2025-08-15 06:30:00,39.433333333333394
2025-08-15 07:00:00,149.98333333333335
2025-08-15 07:30:00,59.73333333333334
2025-08-15 08:00:00,109.34999999999985
2025-08-15 08:30:00,110.5833333333334
2025-08-15 09:00:00,175.9333333333334
2025-08-15 09:30:00,0.0
2025-08-15 10:00:00,0.0
2025-08-15 10:30:00,0.0
2025-08-15 11:00:00,0.0
2025-08-15 11:30:00,0.0
2025-08-15 12:00:00,0.0
2025-08-15 12:30:00,0.0
2025-08-15 13:00:00,0.0
2025-08-15 13:30:00,0.0
2025-08-15 14:00:00,2.18333333333334
2025-08-15 14:30:00,71.5833333333334
2025-08-15 15:00:00,95.11666666666666
2025-08-15 15:30:00,28.35
2025-08-15 16:00:00,0.0
2025-08-15 16:30:00,0.0
2025-08-15 17:00:00,0.0
2025-08-15 17:30:00,0.0
2025-08-15 18:00:00,19.6
2025-08-15 18:30:00,6.383333333333326
2025-08-15 19:00:00,3.0
2025-08-15 19:30:00,0.0
2025-08-15 20:00:00,0.0
2025-08-15 20:30:00,0.0
2025-08-15 21:00:00,0.0
2025-08-15 21:30:00,0.0
2025-08-15 22:00:00,0.0
2025-08-15 22:30:00,0.0
2025-08-15 23:00:00,0.0
2025-08-15 23:30:00,0.0
